batch,identity_visual,satellite_position,provider,service_reference,style,path,status,reason,mask_pixels,changed_pixels,transparent_sha256,black_sha256_before_after,master_sha256,white_sha256_before,white_sha256_after,protected_color_pixels_unchanged,visual_comparison,variant_sha256_before,variant_sha256_after
001,HBO 2,0.8w,digi-hu,1_0_1_A46_5_1_E080000_0_0_0,white,picons/0.8w/digi-hu/white/1_0_1_A46_5_1_E080000_0_0_0.png,AUTO-FIXED / VISUAL PASS,"Light achromatic HBO wordmark merged into WHITE MASTER; local mask recolors only the source wordmark to dark gray [16,16,16]. Green 2 remains pixel-exact.",7316,7315,10b4c871ee9cd2e19c5bcd4abf12b399912b3e948fa18cc647f34be9404ca1ed,25806e785d36b51872678e9a615db982a53afbbb4e5bfa698f30b3f4a5fdc94a,c6ae4a808a65ffc8e6458336fccbfe4216de1e832ec0a9abf800907f2f783589,3ace65faf62a7c80e0edf7c85e0ea05ec4cefe4d4f2f403bba0ad19dc4f83802,3019c8a25c4fc765f1b1901a54e306667ceba2068eb9935d9d8334c61bdd85d5,yes,hbo2-white-before-after.png,,
002,Virgin Radio,0.8w,digi,1_0_2_DA2_2_1_E080000_0_0_0,white,picons/0.8w/digi/white/1_0_2_DA2_2_1_E080000_0_0_0.png,AUTO-FIXED / VISUAL PASS,Only the isolated RADIO word group below the red Virgin star was darkened; white Virgin lettering inside the red emblem remained protected.,567,567,5831ba9da90a26ebd8f32939818b9e6a40a6955cdb8fd14fdf4ef58fbda96853,b59597c752f0758a436f32a7e4b209cfcdb887adff89f8c244457ddbbf9c6845,c6ae4a808a65ffc8e6458336fccbfe4216de1e832ec0a9abf800907f2f783589,4b01de4c738bd5d8b8f933bad47e5de6f87b363e93e8403eebafb5a953fcefa6,3c4232cc232de088eb94130886611c720d1cb3201ed42ec0eb1d72b8090ea7c4,yes,batch-002-before-after.png,,
002,M4 Sport,0.8w,digi-hu,1_0_1_4CE_4_1_E080000_0_0_0,white,picons/0.8w/digi-hu/white/1_0_1_4CE_4_1_E080000_0_0_0.png,AUTO-FIXED / VISUAL PASS,Light achromatic M4 wordmark and circular outline were darkened locally; red slash components remained pixel-exact.,1841,1841,41576717350d2e267fd11e7b2f310d2638ef2bd5b1ffdbabda3fdbc3d54da81e,bf69c7be524ca5056f7458e158fdd2e5e5cc429c2f57492b16fbb9b9ec2c8586,c6ae4a808a65ffc8e6458336fccbfe4216de1e832ec0a9abf800907f2f783589,f11dcbf4e61b7579a9c08d37d1deec2baab410928e1144eb3e5a1f72ddafd8de,4aa5cc0141c69aa462ce0d56210f9c7485b14354bb44d1ecaab051238c557bde,yes,batch-002-before-after.png,,
004,Spectrum,0.8w,digislovakia,1_0_19_1B6D_AF7_BB_FFF80000_0_0_0,black,picons/0.8w/digislovakia/black/1_0_19_1B6D_AF7_BB_FFF80000_0_0_0.png,AUTO-FIXED / VISUAL PASS,"Purple Spectrum wordmark blended into BLACK. Brightened its chromatic pixels in a temporary source copy, preserving hue, alpha and geometry.",3218,3213,65ba490b69205d8598f8c969f41f3577621458a6c1ce3c30b3c9ff321ed4d5bf,,61e69f7fc46e340453bf74ccd7af6ac9d8eba9f8e232884659e1ea99f6abf3fe,,,yes; unrelated source pixels byte-identical; geometry/alpha unchanged,batch-004-before-after.png,f7dd7ee71a1b6839134037b88d802105cf5cd7de99f95a7d1d777d492e09f3d8,5e0fbd5e58f9cb938aa5f33c1250d7f16e5bf4b4ec21c3ab9ec46c132f62b3c1
004,CGTN,0.8w,digislovakia,1_0_19_207_14_46_E080000_0_0_0,white,picons/0.8w/digislovakia/white/1_0_19_207_14_46_E080000_0_0_0.png,AUTO-FIXED / VISUAL PASS,"Pale ochre CGTN wordmark blended into WHITE. Darkened its chromatic pixels in a temporary source copy, preserving hue, alpha and geometry.",5263,5242,cb25ddc8d8770061e555d57cc49f0430b2bc98afbd6d152dc653824963faec32,,c6ae4a808a65ffc8e6458336fccbfe4216de1e832ec0a9abf800907f2f783589,,,yes; unrelated source pixels byte-identical; geometry/alpha unchanged,batch-004-before-after.png,ae54be97dfa6e211c9a2b33137358331fc6e8976c0d52b326add5535474eb9e0,e83499ab316016d082ad083aeda4bd5a5fc25df701995324c32ab30a08054181
004,Kanal 1 Sport,0.8w,digislovakia,1_0_19_2333_AF9_BB_E080000_0_0_0,white,picons/0.8w/digislovakia/white/1_0_19_2333_AF9_BB_E080000_0_0_0.png,AUTO-FIXED / VISUAL PASS,"Lime Kanal 1 and Sport lettering blended into WHITE. Darkened the green lettering in a temporary source copy, preserving hue, alpha and geometry.",8534,8130,a12555e4f14306238299aa134cc2679b0108bd3081d7871c0f736b5f7f7afee2,,c6ae4a808a65ffc8e6458336fccbfe4216de1e832ec0a9abf800907f2f783589,,,yes; unrelated source pixels byte-identical; geometry/alpha unchanged,batch-004-before-after.png,f51e6e8d9d9adb2962479f94ff0e33c0c1302c9517098dc3b2d6e19b7982f7c6,708af09cccdd86a6a02ee003b71a6ce1790c1d99c04bca3a0642242e2f7eedd7
004,Love Nature,0.8w,digislovakia,1_0_19_7734_2C1_600_E080000_0_0_0,black,picons/0.8w/digislovakia/black/1_0_19_7734_2C1_600_E080000_0_0_0.png,AUTO-FIXED / VISUAL PASS,Navy Love Nature lettering blended into BLACK. Brightened only the lettering in a temporary source copy; coral heart and alpha geometry remain unchanged.,7422,7421,893a631ffbadf7956c7029ed0d354fe5e6d62521025028094a818f9fcd9bcf32,,61e69f7fc46e340453bf74ccd7af6ac9d8eba9f8e232884659e1ea99f6abf3fe,,,yes; unrelated source pixels byte-identical; geometry/alpha unchanged,batch-004-before-after.png,d6c3a7e64df4e01e8cf8d5156f69988f601d4c08bc3c076cd54733c58b3d3142,72acb8906af3a16568d0d159976365172d328277d313cfd08e496860eaf1b325
004,hirTV,0.8w,digislovakia,1_0_1_4A6_3_1_E080000_0_0_0,black,picons/0.8w/digislovakia/black/1_0_1_4A6_3_1_E080000_0_0_0.png,AUTO-FIXED / VISUAL PASS,Navy hir lettering blended into BLACK. Brightened only hir in a temporary source copy; the red TV badge and white TV letters remain unchanged.,3456,3456,01496b775c9bec0bf38b6d7786780c68e30a3427713b0606014f12979fbbd195,,61e69f7fc46e340453bf74ccd7af6ac9d8eba9f8e232884659e1ea99f6abf3fe,,,yes; unrelated source pixels byte-identical; geometry/alpha unchanged,batch-004-before-after.png,49d3b2ec08535473e67779575eb859a9ca0c5e012f5b36247ee0c218921427f9,4e0420f97d5456554f788230fd9542aa422679d63e04b095bc30c0c7cd19ef81
005,Epic Drama,0.8w,digislovakia,1_0_19_7DD_AF2_BB_E080000_0_0_0,black,picons/0.8w/digislovakia/black/1_0_19_7DD_AF2_BB_E080000_0_0_0.png,AUTO-FIXED / VISUAL PASS,Brightened the purple emblem and DRAMA wordmark. Increased only the DRAMA glyph opacity by a smooth 3× factor (capped at 255) because its source alpha was too faint on BLACK; EPIC badge pixels remain untouched.,2585,2585,50503cd268ffd3f43787682198f5bd9dc2d7a28d5cdbf0a0091d97f9f9af6e9d,,61e69f7fc46e340453bf74ccd7af6ac9d8eba9f8e232884659e1ea99f6abf3fe,,,"yes; pixels outside the localized source mask unchanged; source alpha unchanged except the DRAMA glyph mask, whose antialiased coverage was smoothly scaled 3× (capped at 255)",batch-005-before-after.png,cc7b239d3ea0edbbd16e46db16f89bc57e0e4b97faf12095148f8b1942679052,95c120d40aec7868ff4b4756d1583f2584b21c545e311c54251780cf1f3db059
005,Strike TV,0.8w,digislovakia,1_0_1_FB9_AF4_BB_E080000_0_0_0,white,picons/0.8w/digislovakia/white/1_0_1_FB9_AF4_BB_E080000_0_0_0.png,AUTO-FIXED / VISUAL PASS,Darkened the lime outline STRIKE TV wordmark while preserving hue and alpha geometry.,2933,3176,2222b620bfa68bf8c345ed175af8f08f362a3cdf2268be5346b2238c1f4f5602,,c6ae4a808a65ffc8e6458336fccbfe4216de1e832ec0a9abf800907f2f783589,,,yes; pixels outside the localized source mask unchanged; source alpha unchanged,batch-005-before-after.png,c45be51796d5e18017177b4223706aa731ebd36eb048774e5b2035bb3eb2d4a5,a998fa168b2ff4df4c345d28909dbdb11596707bc2e39910d829698c846a966a
005,Mezzo,0.8w,digitv,1_0_1_3F0_1_1_E08318F_0_0_0,white,picons/0.8w/digitv/white/1_0_1_3F0_1_1_E08318F_0_0_0.png,AUTO-FIXED / VISUAL PASS,Darkened light gray MEZZO outline lettering while preserving antialiasing and geometry.,1695,3092,fd1f69aa0d2831fda6ffb8cb229adb69a2fa08b494240ab5ec25c1b7ee033521,,c6ae4a808a65ffc8e6458336fccbfe4216de1e832ec0a9abf800907f2f783589,,,yes; pixels outside the localized source mask unchanged; source alpha unchanged,batch-005-before-after.png,ef9743dbfbb71dc83a7c9be90ca1bf4dab96c961251eaea34d926a5de9784fe4,80d3fe6913fea6dc2599686acb99e7781def248837d4aa1532f662a732ea55fa
005,SuperOne,0.8w,digitv,1_0_1_409_2_1_E080000_0_0_0,white,picons/0.8w/digitv/white/1_0_1_409_2_1_E080000_0_0_0.png,AUTO-FIXED / VISUAL PASS,"Darkened only the pale ONE lettering (O, N and final E). SUPER and turquoise accent were excluded from the source mask.",1192,1242,4e6696aae4004474587f10c3cebf46c630966e678d89c86fe1a4155b46db9877,,c6ae4a808a65ffc8e6458336fccbfe4216de1e832ec0a9abf800907f2f783589,,,yes; pixels outside the localized source mask unchanged; source alpha unchanged,batch-005-before-after.png,26fde169aa3ed38a122760242132b9155295d13edf5b541cfea8bdd37ddf1ee1,652e4da88f36e7f391fb91060d6341d4446e465abbf3ca005fbe9e5202e8e7e9
005,Pro Arena,0.8w,digitv,1_0_1_DE8_C_1_E080000_0_0_0,white,picons/0.8w/digitv/white/1_0_1_DE8_C_1_E080000_0_0_0.png,AUTO-FIXED / VISUAL PASS,Darkened chartreuse PRO ARENA lettering while preserving hue and alpha geometry.,4359,4115,83eab0a4be3252e692d169ca055aca4c99f13de4c99cffda6051f0ca711b6359,,c6ae4a808a65ffc8e6458336fccbfe4216de1e832ec0a9abf800907f2f783589,,,yes; pixels outside the localized source mask unchanged; source alpha unchanged,batch-005-before-after.png,dad59844fe0650262a0b1d172ce32b977cf5b2d4414395e7fe6f1511a5c6174f,9f068a0fea128f6d337a6d7cdfd525532d1ae3f4144997b6c85f8f63a0ec3e51
