cluster_id,cluster_name,style,unique_source_images,physical_service_refs,catalog_impact_percent_unique,catalog_impact_percent_physical,duplicate_leverage,mechanism_experimentally_confirmed,relative_implementation_risk,recommended_next_step,approved_example_available,known_counterexample_or_limit
C01,edge/AA false two-tone transition,white,6,13,0.09085402786190187,0.14378940382701028,2.1666666666666665,"yes, V27 transition mechanism; V26 remains needs-more-evidence",medium-high: global generalization remains unqualified,"highest-value problem-class qualification, then isolated regression only",True,genuine two-tone controls remain true; broader qualification incomplete
C01,edge/AA false two-tone transition,black,1,1,0.015142337976983646,0.011060723371308484,1.0,"yes, V27 transition mechanism; V26 remains needs-more-evidence",medium-high: global generalization remains unqualified,"highest-value problem-class qualification, then isolated regression only",False,genuine two-tone controls remain true; broader qualification incomplete
C02,protected chromatic or mixed component,white,5791,7979,87.6892792247123,88.25351177967039,1.3778276636159559,"yes, protected mixed components are frozen blockers",high: any edit needs independent chroma separation safety,retain protection; do not batch-repair,False,no safe split inferred from this census
C02,protected chromatic or mixed component,black,4838,6813,73.25863113264688,75.3567083287247,1.4082265398925176,"yes, protected mixed components are frozen blockers",high: any edit needs independent chroma separation safety,retain protection; do not batch-repair,False,no safe split inferred from this census
C03,insufficient topology interior evidence,white,424,578,6.420351302241066,6.393098108616304,1.3632075471698113,"yes, fail-safe insufficiency semantics; broad frequency census only",high: interior evidence is absent/insufficient,retain REVIEW; no evidence-based unlock,False,insufficient interior cannot be auto-released
C03,insufficient topology interior evidence,black,524,732,7.93458509993943,8.09644950779781,1.3969465648854962,"yes, fail-safe insufficiency semantics; broad frequency census only",high: interior evidence is absent/insufficient,retain REVIEW; no evidence-based unlock,False,insufficient interior cannot be auto-released
C04,genuine interior two-tone,white,85,112,1.28709872804361,1.2388010175865503,1.3176470588235294,"yes, two V26/V27 positive controls, not a complete corpus",low to preserve; high to change,retain protection,False,must remain protected
C04,genuine interior two-tone,black,85,109,1.28709872804361,1.2056188474726246,1.2823529411764707,"yes, two V26/V27 positive controls, not a complete corpus",low to preserve; high to change,retain protection,False,must remain protected
C05,other frozen REVIEW,white,11,15,0.1665657177468201,0.16591085056962726,1.3636363636363635,no single mechanism,high: heterogeneous review reasons,split by existing reason records before any work,False,heterogeneous
C05,other frozen REVIEW,black,5,8,0.07571168988491823,0.08848578697046787,1.6,no single mechanism,high: heterogeneous review reasons,split by existing reason records before any work,False,heterogeneous
C06,existing V9 safe adaptation,white,86,90,1.3022410660205936,0.9954651034177635,1.0465116279069768,frozen V9 adaptation,low: existing frozen behavior,leave under V9,False,no correction sought
C06,existing V9 safe adaptation,black,23,23,0.3482737734706239,0.2543966375400951,1.0,frozen V9 adaptation,low: existing frozen behavior,leave under V9,False,no correction sought
C07,no action / V9 PASS,white,199,251,3.0133252574197456,2.776241566198429,1.2613065326633166,frozen V9 no-action,low: existing frozen behavior,leave under V9,False,no correction sought
C07,no action / V9 PASS,black,1126,1352,17.050272562083585,14.95409799800907,1.2007104795737122,frozen V9 no-action,low: existing frozen behavior,leave under V9,False,no correction sought
C08,data or geometry error,white,2,3,0.03028467595396729,0.03318217011392545,1.5,data-dependent,case-dependent,quarantine data errors,False,manual data repair required
C08,data or geometry error,black,2,3,0.03028467595396729,0.03318217011392545,1.5,data-dependent,case-dependent,quarantine data errors,False,manual data repair required
