x,y,alpha,ownership_class,glyph_owner_candidate,M0_RGB,M1_RGB,full_reference_RGB,M0_vs_ref_Linf,M1_vs_ref_Linf,M0_vs_ref_luma_delta,M1_vs_ref_luma_delta
85,56,6,AMBIGUOUS,7,"[199, 207, 215]","[199, 207, 215]","[198, 205, 213]",2.0,2.0,3.063956551216336,3.063956551216336
86,56,3,AMBIGUOUS,7,"[202, 209, 216]","[202, 209, 216]","[199, 206, 214]",3.0,3.0,5.0377446311688345,5.0377446311688345
95,56,3,AMBIGUOUS,7,"[202, 209, 216]","[202, 209, 216]","[199, 206, 214]",3.0,3.0,5.0377446311688345,5.0377446311688345
96,56,7,AMBIGUOUS,7,"[196, 204, 212]","[196, 204, 212]","[195, 203, 210]",2.0,2.0,1.8049986185310445,1.8049986185310445
104,56,5,AMBIGUOUS,8,"[199, 206, 215]","[199, 206, 215]","[196, 203, 212]",3.0,3.0,5.074304590308628,5.074304590308628
105,56,1,AMBIGUOUS,8,"[200, 208, 216]","[200, 208, 216]","[199, 207, 215]",1.0,1.0,1.721048022196328,1.721048022196328
117,56,3,AMBIGUOUS,8,"[201, 209, 216]","[201, 209, 216]","[198, 206, 214]",3.0,3.0,5.030854198540339,5.030854198540339
118,56,5,AMBIGUOUS,8,"[197, 205, 213]","[197, 205, 213]","[196, 204, 212]",1.0,1.0,1.6883456913895145,1.6883456913895145
76,57,1,AMBIGUOUS,6,"[202, 210, 218]","[202, 210, 218]","[201, 209, 217]",1.0,1.0,1.742948876388681,1.742948876388681
97,57,3,AMBIGUOUS,7,"[202, 209, 216]","[202, 209, 216]","[199, 206, 214]",3.0,3.0,5.0377446311688345,5.0377446311688345
103,57,3,AMBIGUOUS,8,"[202, 209, 216]","[202, 209, 216]","[199, 206, 214]",3.0,3.0,5.0377446311688345,5.0377446311688345
111,57,4,AMBIGUOUS,8,"[198, 205, 213]","[198, 205, 213]","[197, 204, 212]",1.0,1.0,1.69062957385583,1.69062957385583
120,57,2,AMBIGUOUS,8,"[198, 206, 214]","[198, 206, 214]","[199, 206, 214]",1.0,1.0,0.34768552099782823,0.34768552099782823
125,57,8,AMBIGUOUS,9,"[193, 200, 208]","[193, 200, 208]","[193, 201, 209]",1.0,1.0,1.3110015473561987,1.3110015473561987
64,58,28,SAFE WORDMARK OWNERSHIP,6,"[189, 196, 203]","[183, 189, 197]","[183, 189, 197]",7.0,0.0,10.497788848758347,0.0
76,58,2,AMBIGUOUS,6,"[203, 211, 218]","[203, 211, 218]","[202, 209, 216]",2.0,2.0,3.140692013478258,3.140692013478258
77,58,12,SAFE WORDMARK OWNERSHIP,6,"[193, 200, 208]","[194, 201, 208]","[194, 201, 208]",1.0,0.0,1.5213629847127947,0.0
82,58,2,AMBIGUOUS,7,"[201, 209, 216]","[201, 209, 216]","[202, 209, 216]",1.0,1.0,0.3545759536263233,0.3545759536263233
83,58,1,AMBIGUOUS,7,"[202, 210, 218]","[202, 210, 218]","[201, 209, 217]",1.0,1.0,1.742948876388681,1.742948876388681
99,58,1,AMBIGUOUS,7,"[199, 207, 215]","[199, 207, 215]","[199, 207, 215]",0.0,0.0,0.0,0.0
111,58,12,AMBIGUOUS,8,"[199, 206, 213]","[199, 206, 213]","[191, 199, 206]",8.0,8.0,12.008915026978798,12.008915026978798
125,58,24,AMBIGUOUS,9,"[180, 187, 195]","[180, 187, 195]","[182, 189, 196]",2.0,2.0,2.9113888589182153,2.9113888589182153
138,58,16,AMBIGUOUS,9,"[188, 195, 203]","[188, 195, 203]","[187, 194, 202]",1.0,1.0,1.5828868122611084,1.5828868122611084
64,59,18,AMBIGUOUS,6,"[198, 204, 211]","[198, 204, 211]","[191, 197, 204]",7.0,7.0,11.541663754666274,11.541663754666274
69,59,5,AMBIGUOUS,6,"[198, 206, 214]","[198, 206, 214]","[197, 205, 213]",1.0,1.0,1.6992265358030068,1.6992265358030068
77,59,16,AMBIGUOUS,6,"[189, 197, 204]","[189, 197, 204]","[190, 198, 205]",1.0,1.0,1.611955828529716,1.611955828529716
111,59,1,AMBIGUOUS,8,"[200, 208, 216]","[200, 208, 216]","[199, 207, 215]",1.0,1.0,1.721048022196328,1.721048022196328
125,59,28,SAFE WORDMARK OWNERSHIP,9,"[178, 184, 191]","[180, 186, 193]","[180, 186, 193]",2.0,0.0,2.967741615995564,0.0
138,59,22,AMBIGUOUS,9,"[183, 189, 196]","[183, 189, 196]","[183, 189, 197]",1.0,1.0,0.11652300031906293,0.11652300031906293
64,60,10,AMBIGUOUS,6,"[200, 207, 213]","[200, 207, 213]","[197, 203, 210]",4.0,4.0,6.308118035188556,6.308118035188556
69,60,5,SAFE WORDMARK OWNERSHIP,6,"[200, 208, 216]","[198, 206, 214]","[198, 206, 214]",2.0,0.0,3.4311753531484612,0.0
77,60,16,AMBIGUOUS,6,"[189, 196, 203]","[189, 196, 203]","[190, 197, 204]",1.0,1.0,1.6034868934358997,1.6034868934358997
89,60,22,AMBIGUOUS,7,"[189, 196, 203]","[189, 196, 203]","[186, 192, 200]",4.0,4.0,5.870001547951915,5.870001547951915
90,60,22,AMBIGUOUS,7,"[190, 198, 204]","[190, 198, 204]","[186, 193, 200]",5.0,5.0,7.5117578137941905,7.5117578137941905
91,60,22,AMBIGUOUS,7,"[190, 196, 203]","[190, 196, 203]","[185, 191, 199]",5.0,5.0,7.750443286520294,7.750443286520294
92,60,25,AMBIGUOUS,7,"[187, 193, 200]","[187, 193, 200]","[183, 189, 195]",5.0,5.0,6.304243576607206,6.304243576607206
100,60,1,AMBIGUOUS,MULTI,"[199, 207, 215]","[199, 207, 215]","[199, 207, 215]",0.0,0.0,0.0,0.0
113,60,12,AMBIGUOUS,8,"[193, 199, 207]","[193, 199, 207]","[191, 198, 206]",2.0,2.0,1.9597617649589836,1.9597617649589836
114,60,24,AMBIGUOUS,8,"[186, 193, 201]","[186, 193, 201]","[182, 189, 196]",5.0,5.0,6.299213918309533,6.299213918309533
138,60,20,AMBIGUOUS,9,"[183, 190, 198]","[183, 190, 198]","[184, 190, 198]",1.0,1.0,0.3138220857730687,0.3138220857730687
145,60,24,AMBIGUOUS,10,"[184, 192, 199]","[184, 192, 199]","[180, 187, 194]",5.0,5.0,7.329092908343753,7.329092908343753
146,60,21,AMBIGUOUS,10,"[187, 194, 201]","[187, 194, 201]","[183, 190, 198]",4.0,4.0,6.104716828187264,6.104716828187264
147,60,21,AMBIGUOUS,10,"[187, 193, 200]","[187, 193, 200]","[183, 189, 197]",4.0,4.0,6.071971721337206,6.071971721337206
148,60,21,AMBIGUOUS,10,"[186, 193, 200]","[186, 193, 200]","[182, 189, 197]",4.0,4.0,6.063056654946536,6.063056654946536
149,60,21,AMBIGUOUS,10,"[186, 193, 200]","[186, 193, 200]","[182, 189, 197]",4.0,4.0,6.063056654946536,6.063056654946536
150,60,21,AMBIGUOUS,10,"[187, 193, 200]","[187, 193, 200]","[183, 189, 197]",4.0,4.0,6.071971721337206,6.071971721337206
151,60,22,AMBIGUOUS,10,"[185, 192, 199]","[185, 192, 199]","[181, 189, 196]",4.0,4.0,4.928159033519677,4.928159033519677
158,60,14,AMBIGUOUS,10,"[187, 194, 201]","[187, 194, 201]","[188, 195, 202]",1.0,1.0,1.5821038952334732,1.5821038952334732
159,60,23,AMBIGUOUS,10,"[185, 192, 200]","[185, 192, 200]","[181, 188, 195]",5.0,5.0,6.256081244034775,6.256081244034775
160,60,22,AMBIGUOUS,10,"[184, 191, 199]","[184, 191, 199]","[180, 188, 195]",4.0,4.0,5.012288452326672,5.012288452326672
161,60,22,AMBIGUOUS,10,"[185, 191, 199]","[185, 191, 199]","[181, 188, 195]",4.0,4.0,5.021167483556226,5.021167483556226
162,60,24,SAFE WORDMARK OWNERSHIP,10,"[184, 191, 197]","[180, 186, 193]","[180, 186, 193]",5.0,0.0,7.170097472953387,0.0
168,60,21,AMBIGUOUS,10,"[185, 192, 199]","[185, 192, 199]","[181, 188, 196]",4.0,4.0,6.021478135611346,6.021478135611346
169,60,23,AMBIGUOUS,10,"[186, 193, 201]","[186, 193, 201]","[180, 186, 194]",7.0,7.0,10.403812358684775,10.403812358684775
170,60,22,AMBIGUOUS,10,"[183, 190, 198]","[183, 190, 198]","[179, 187, 194]",4.0,4.0,4.977632248482152,4.977632248482152
171,60,22,AMBIGUOUS,10,"[183, 190, 198]","[183, 190, 198]","[179, 187, 194]",4.0,4.0,4.977632248482152,4.977632248482152
172,60,22,SAFE WORDMARK OWNERSHIP,10,"[184, 190, 198]","[180, 187, 194]","[180, 187, 194]",4.0,0.0,4.986493179584542,0.0
193,60,23,SAFE WORDMARK OWNERSHIP,10,"[178, 184, 191]","[175, 181, 189]","[175, 181, 189]",3.0,0.0,4.262872789607954,0.0
198,60,23,AMBIGUOUS,10,"[176, 181, 190]","[176, 181, 190]","[172, 178, 186]",4.0,4.0,4.689304481717997,4.689304481717997
199,60,21,AMBIGUOUS,10,"[176, 183, 190]","[176, 183, 190]","[173, 179, 187]",4.0,4.0,5.361355707818561,5.361355707818561
200,60,21,AMBIGUOUS,10,"[176, 182, 189]","[176, 182, 189]","[172, 178, 186]",4.0,4.0,5.618952053510014,5.618952053510014
201,60,21,AMBIGUOUS,10,"[174, 180, 187]","[174, 180, 187]","[170, 176, 183]",4.0,4.0,5.644247023940238,5.644247023940238
202,60,21,AMBIGUOUS,10,"[172, 178, 185]","[172, 178, 185]","[168, 175, 181]",4.0,4.0,4.5728049149258965,4.5728049149258965
203,60,21,AMBIGUOUS,10,"[171, 177, 183]","[171, 177, 183]","[167, 174, 179]",4.0,4.0,4.53603819670964,4.53603819670964
204,60,22,AMBIGUOUS,10,"[169, 175, 181]","[169, 175, 181]","[164, 170, 177]",5.0,5.0,6.66791280061679,6.66791280061679
70,61,2,AMBIGUOUS,6,"[200, 208, 216]","[200, 208, 216]","[201, 208, 216]",1.0,1.0,0.3522748521210417,0.3522748521210417
77,61,16,AMBIGUOUS,6,"[188, 195, 203]","[188, 195, 203]","[189, 196, 204]",1.0,1.0,1.5935695035926472,1.5935695035926472
126,61,2,AMBIGUOUS,9,"[199, 206, 214]","[199, 206, 214]","[198, 204, 212]",2.0,2.0,3.046746999579085,3.046746999579085
127,61,8,AMBIGUOUS,9,"[194, 201, 209]","[194, 201, 209]","[192, 200, 208]",2.0,2.0,1.9813107752803205,1.9813107752803205
128,61,1,AMBIGUOUS,9,"[197, 205, 213]","[197, 205, 213]","[197, 205, 213]",0.0,0.0,0.0,0.0
133,61,4,AMBIGUOUS,9,"[196, 204, 212]","[196, 204, 212]","[195, 203, 211]",1.0,1.0,1.6774848527550432,1.6774848527550432
138,61,20,AMBIGUOUS,9,"[183, 190, 197]","[183, 190, 197]","[184, 190, 197]",1.0,1.0,0.3138220857730687,0.3138220857730687
175,61,4,SAFE WORDMARK OWNERSHIP,10,"[192, 199, 207]","[192, 199, 207]","[192, 199, 207]",0.0,0.0,0.0,0.0
193,61,7,AMBIGUOUS,10,"[187, 194, 201]","[187, 194, 201]","[186, 193, 201]",1.0,1.0,1.4518089586863994,1.4518089586863994
63,62,1,SAFE WORDMARK OWNERSHIP,6,"[203, 211, 218]","[203, 211, 218]","[203, 211, 218]",0.0,0.0,0.0,0.0
77,62,18,AMBIGUOUS,6,"[188, 195, 203]","[188, 195, 203]","[188, 195, 203]",0.0,0.0,0.0,0.0
82,62,22,AMBIGUOUS,7,"[186, 193, 200]","[186, 193, 200]","[185, 191, 199]",2.0,2.0,2.6768626851160775,2.6768626851160775
87,62,5,AMBIGUOUS,7,"[202, 209, 217]","[202, 209, 217]","[198, 205, 213]",4.0,4.0,6.871569082331121,6.871569082331121
94,62,6,AMBIGUOUS,7,"[199, 207, 215]","[199, 207, 215]","[196, 203, 211]",4.0,4.0,6.434350524991572,6.434350524991572
106,62,5,AMBIGUOUS,8,"[199, 206, 215]","[199, 206, 215]","[196, 203, 212]",3.0,3.0,5.074304590308628,5.074304590308628
108,62,1,AMBIGUOUS,8,"[199, 207, 215]","[199, 207, 215]","[198, 206, 214]",1.0,1.0,1.7101273309521332,1.7101273309521332
109,62,24,SAFE WORDMARK OWNERSHIP,8,"[181, 188, 196]","[183, 190, 198]","[183, 190, 198]",2.0,0.0,3.0490077072644226,0.0
114,62,5,AMBIGUOUS,8,"[200, 208, 216]","[200, 208, 216]","[196, 204, 212]",4.0,4.0,6.8187475803409825,6.8187475803409825
115,62,2,AMBIGUOUS,8,"[199, 207, 215]","[199, 207, 215]","[199, 206, 214]",1.0,1.0,1.362441809954305,1.362441809954305
127,62,1,AMBIGUOUS,9,"[198, 207, 215]","[198, 207, 215]","[197, 206, 214]",1.0,1.0,1.7078391254930523,1.7078391254930523
133,62,2,AMBIGUOUS,9,"[198, 205, 213]","[198, 205, 213]","[197, 204, 211]",2.0,2.0,1.8189391442513738,1.8189391442513738
138,62,20,AMBIGUOUS,9,"[183, 190, 197]","[183, 190, 197]","[184, 190, 197]",1.0,1.0,0.3138220857730687,0.3138220857730687
144,62,2,AMBIGUOUS,10,"[196, 204, 212]","[196, 204, 212]","[195, 203, 210]",2.0,2.0,1.8049986185310445,1.8049986185310445
149,62,2,AMBIGUOUS,10,"[196, 204, 211]","[196, 204, 211]","[195, 203, 209]",2.0,2.0,1.8034084257917584,1.8034084257917584
157,62,2,SAFE WORDMARK OWNERSHIP,10,"[195, 203, 211]","[196, 204, 211]","[196, 204, 211]",1.0,0.0,1.5491752823594993,0.0
163,62,1,AMBIGUOUS,10,"[196, 203, 211]","[196, 203, 211]","[195, 202, 210]",1.0,1.0,1.6689192748088715,1.6689192748088715
164,62,21,SAFE WORDMARK OWNERSHIP,10,"[181, 187, 194]","[181, 187, 195]","[181, 187, 195]",1.0,0.0,0.11497618608460414,0.0
169,62,5,AMBIGUOUS,10,"[194, 202, 210]","[194, 202, 210]","[190, 198, 206]",4.0,4.0,6.558571715871011,6.558571715871011
175,62,4,AMBIGUOUS,10,"[192, 200, 207]","[192, 200, 207]","[192, 200, 207]",0.0,0.0,0.0,0.0
200,62,2,AMBIGUOUS,10,"[187, 192, 200]","[187, 192, 200]","[185, 191, 199]",2.0,2.0,1.8737085214537785,1.8737085214537785
204,62,4,AMBIGUOUS,10,"[179, 186, 192]","[179, 186, 192]","[176, 183, 189]",3.0,3.0,4.427019518535971,4.427019518535971
205,62,2,AMBIGUOUS,10,"[177, 185, 192]","[177, 185, 192]","[175, 183, 190]",2.0,2.0,2.938029240807097,2.938029240807097
71,63,14,SAFE WORDMARK OWNERSHIP,6,"[191, 198, 205]","[192, 199, 206]","[192, 199, 206]",1.0,0.0,1.6249517003697065,0.0
72,63,15,AMBIGUOUS,6,"[190, 198, 204]","[190, 198, 204]","[191, 199, 205]",1.0,1.0,1.621906769591817,1.621906769591817
73,63,14,AMBIGUOUS,6,"[190, 197, 206]","[190, 197, 206]","[191, 198, 207]",1.0,1.0,1.615785031994875,1.615785031994875
74,63,13,AMBIGUOUS,6,"[191, 198, 206]","[191, 198, 206]","[191, 199, 207]",1.0,1.0,1.2939810844651163,1.2939810844651163
75,63,17,AMBIGUOUS,6,"[188, 195, 201]","[188, 195, 201]","[189, 196, 203]",2.0,2.0,1.7132008672632537,1.7132008672632537
76,63,2,AMBIGUOUS,6,"[199, 206, 214]","[199, 206, 214]","[200, 206, 214]",1.0,1.0,0.349978037233484,0.349978037233484
77,63,9,AMBIGUOUS,6,"[194, 201, 208]","[194, 201, 208]","[194, 201, 209]",1.0,1.0,0.1259264098352446,0.1259264098352446
82,63,27,AMBIGUOUS,7,"[187, 193, 200]","[187, 193, 200]","[181, 188, 195]",6.0,6.0,8.018545297106542,8.018545297106542
86,63,1,AMBIGUOUS,7,"[202, 210, 217]","[202, 210, 217]","[201, 209, 216]",1.0,1.0,1.7421446510577994,1.7421446510577994
95,63,1,AMBIGUOUS,7,"[199, 208, 216]","[199, 208, 216]","[198, 207, 215]",1.0,1.0,1.7187555059606723,1.7187555059606723
105,63,2,AMBIGUOUS,8,"[201, 208, 216]","[201, 208, 216]","[200, 206, 214]",2.0,2.0,3.0857866470381907,3.0857866470381907
109,63,23,AMBIGUOUS,8,"[182, 189, 196]","[182, 189, 196]","[183, 191, 198]",2.0,2.0,2.7547705668175126,2.7547705668175126
114,63,2,AMBIGUOUS,8,"[200, 208, 216]","[200, 208, 216]","[199, 206, 214]",2.0,2.0,3.083489832150633,3.083489832150633
116,63,4,AMBIGUOUS,8,"[197, 204, 213]","[197, 204, 213]","[197, 204, 213]",0.0,0.0,0.0,0.0
122,63,1,SAFE WORDMARK OWNERSHIP,9,"[198, 205, 213]","[198, 205, 213]","[198, 205, 213]",0.0,0.0,0.0,0.0
129,63,16,SAFE WORDMARK OWNERSHIP,9,"[185, 192, 200]","[186, 193, 201]","[186, 193, 201]",1.0,0.0,1.5615831876814354,0.0
130,63,14,AMBIGUOUS,9,"[186, 194, 201]","[186, 194, 201]","[187, 195, 202]",1.0,1.0,1.579863935583063,1.579863935583063
131,63,14,AMBIGUOUS,9,"[187, 194, 201]","[187, 194, 201]","[188, 195, 202]",1.0,1.0,1.5821038952334732,1.5821038952334732
132,63,14,AMBIGUOUS,9,"[187, 194, 201]","[187, 194, 201]","[188, 195, 202]",1.0,1.0,1.5821038952334732,1.5821038952334732
133,63,18,AMBIGUOUS,9,"[184, 190, 198]","[184, 190, 198]","[185, 192, 199]",2.0,2.0,2.658648342573855,2.658648342573855
138,63,20,AMBIGUOUS,9,"[183, 191, 197]","[183, 191, 197]","[184, 191, 197]",1.0,1.0,0.3138220857730971,0.3138220857730971
145,63,19,AMBIGUOUS,10,"[182, 190, 196]","[182, 190, 196]","[183, 191, 197]",1.0,1.0,1.5365875803714744,1.5365875803714744
146,63,13,AMBIGUOUS,10,"[186, 194, 201]","[186, 194, 201]","[187, 194, 202]",1.0,1.0,0.4409308568059771,0.4409308568059771
147,63,14,AMBIGUOUS,10,"[185, 193, 200]","[185, 193, 200]","[186, 194, 201]",1.0,1.0,1.5692077258370034,1.5692077258370034
148,63,14,AMBIGUOUS,10,"[184, 192, 199]","[184, 192, 199]","[185, 193, 200]",1.0,1.0,1.558572159383715,1.558572159383715
149,63,16,SAFE WORDMARK OWNERSHIP,10,"[184, 190, 198]","[185, 191, 199]","[185, 191, 199]",1.0,0.0,1.5425888355678126,0.0
157,63,3,AMBIGUOUS,10,"[195, 203, 210]","[195, 203, 210]","[195, 203, 211]",1.0,1.0,0.12751376577600126,0.12751376577600126
164,63,20,AMBIGUOUS,10,"[180, 186, 193]","[180, 186, 193]","[181, 187, 195]",2.0,2.0,1.6145841620066221,1.6145841620066221
169,63,2,AMBIGUOUS,10,"[195, 203, 210]","[195, 203, 210]","[194, 202, 208]",2.0,2.0,1.7917760970647976,1.7917760970647976
175,63,4,AMBIGUOUS,10,"[192, 199, 207]","[192, 199, 207]","[192, 199, 207]",0.0,0.0,0.0,0.0
200,63,16,SAFE WORDMARK OWNERSHIP,10,"[173, 180, 187]","[174, 181, 188]","[174, 181, 188]",1.0,0.0,1.4347541792594143,0.0
201,63,14,AMBIGUOUS,10,"[174, 180, 187]","[174, 180, 187]","[175, 181, 188]",1.0,1.0,1.4369350321694014,1.4369350321694014
202,63,14,AMBIGUOUS,10,"[171, 179, 185]","[171, 179, 185]","[172, 179, 186]",1.0,1.0,0.3955484171502235,0.3955484171502235
203,63,13,AMBIGUOUS,10,"[171, 178, 184]","[171, 178, 184]","[172, 179, 185]",1.0,1.0,1.4132856320892841,1.4132856320892841
204,63,18,SAFE WORDMARK OWNERSHIP,10,"[166, 172, 178]","[167, 173, 179]","[167, 173, 179]",1.0,0.0,1.353825695961305,0.0
82,64,26,AMBIGUOUS,7,"[186, 193, 200]","[186, 193, 200]","[182, 188, 195]",5.0,5.0,7.388647612308205,7.388647612308205
104,64,19,SAFE WORDMARK OWNERSHIP,8,"[186, 193, 201]","[187, 195, 202]","[187, 195, 202]",2.0,0.0,2.711157765835196,0.0
105,64,2,AMBIGUOUS,8,"[200, 207, 216]","[200, 207, 216]","[199, 205, 214]",2.0,2.0,3.067850532210599,3.067850532210599
109,64,23,AMBIGUOUS,8,"[182, 188, 195]","[182, 188, 195]","[183, 190, 197]",2.0,2.0,2.7380753878742894,2.7380753878742894
138,64,21,AMBIGUOUS,9,"[183, 191, 198]","[183, 191, 198]","[182, 190, 198]",1.0,1.0,1.4200645800524114,1.4200645800524114
164,64,20,AMBIGUOUS,10,"[181, 187, 194]","[181, 187, 194]","[182, 188, 196]",2.0,2.0,1.6258763603260604,1.6258763603260604
175,64,4,AMBIGUOUS,10,"[192, 199, 208]","[192, 199, 208]","[192, 199, 208]",0.0,0.0,0.0,0.0
82,65,26,AMBIGUOUS,7,"[187, 194, 202]","[187, 194, 202]","[182, 188, 196]",6.0,6.0,8.964757707459299,8.964757707459299
104,65,19,AMBIGUOUS,8,"[185, 192, 200]","[185, 192, 200]","[186, 194, 201]",2.0,2.0,2.6928770179335686,2.6928770179335686
109,65,23,AMBIGUOUS,8,"[181, 188, 195]","[181, 188, 195]","[182, 190, 197]",2.0,2.0,2.7358578821948214,2.7358578821948214
122,65,3,AMBIGUOUS,9,"[198, 205, 213]","[198, 205, 213]","[196, 203, 212]",2.0,2.0,3.2420844033796925,3.2420844033796925
138,65,21,AMBIGUOUS,9,"[183, 190, 197]","[183, 190, 197]","[182, 189, 197]",1.0,1.0,1.4124844305126203,1.4124844305126203
164,65,20,AMBIGUOUS,10,"[181, 188, 195]","[181, 188, 195]","[182, 189, 197]",2.0,2.0,1.6349735137257682,1.6349735137257682
175,65,4,SAFE WORDMARK OWNERSHIP,10,"[192, 199, 207]","[192, 199, 207]","[192, 199, 207]",0.0,0.0,0.0,0.0
193,65,1,SAFE WORDMARK OWNERSHIP,10,"[190, 197, 205]","[190, 197, 205]","[190, 197, 205]",0.0,0.0,0.0,0.0
82,66,26,AMBIGUOUS,7,"[187, 194, 201]","[187, 194, 201]","[182, 188, 195]",6.0,6.0,8.96009083403851,8.96009083403851
104,66,19,AMBIGUOUS,8,"[183, 191, 199]","[183, 191, 199]","[184, 192, 200]",1.0,1.0,1.5487358462516454,1.5487358462516454
109,66,23,AMBIGUOUS,8,"[180, 187, 195]","[180, 187, 195]","[181, 189, 196]",2.0,2.0,2.6020063025541305,2.6020063025541305
138,66,20,AMBIGUOUS,9,"[183, 190, 197]","[183, 190, 197]","[184, 190, 197]",1.0,1.0,0.3138220857730687,0.3138220857730687
164,66,20,AMBIGUOUS,10,"[180, 187, 194]","[180, 187, 194]","[181, 188, 196]",2.0,2.0,1.623663386547051,1.623663386547051
66,67,1,SAFE WORDMARK OWNERSHIP,6,"[202, 209, 217]","[202, 209, 217]","[202, 209, 217]",0.0,0.0,0.0,0.0
67,67,3,SAFE WORDMARK OWNERSHIP,6,"[200, 208, 215]","[200, 208, 216]","[200, 208, 216]",1.0,0.0,0.13150687883165801,0.0
82,67,26,AMBIGUOUS,7,"[186, 194, 201]","[186, 194, 201]","[181, 188, 195]",6.0,6.0,8.948958261968343,8.948958261968343
104,67,19,AMBIGUOUS,8,"[184, 191, 199]","[184, 191, 199]","[185, 192, 200]",1.0,1.0,1.5509623742931922,1.5509623742931922
109,67,23,AMBIGUOUS,8,"[179, 186, 194]","[179, 186, 194]","[181, 188, 195]",2.0,2.0,2.891109081639243,2.891109081639243
125,67,2,SAFE WORDMARK OWNERSHIP,9,"[196, 203, 212]","[197, 204, 212]","[197, 204, 212]",1.0,0.0,1.5514548295238626,0.0
138,67,19,SAFE WORDMARK OWNERSHIP,9,"[183, 191, 198]","[183, 191, 198]","[183, 191, 198]",0.0,0.0,0.0,0.0
153,67,3,SAFE WORDMARK OWNERSHIP,10,"[194, 201, 209]","[194, 201, 209]","[194, 201, 209]",0.0,0.0,0.0,0.0
164,67,20,AMBIGUOUS,10,"[179, 186, 194]","[179, 186, 194]","[180, 187, 196]",2.0,2.0,1.6139195910786412,1.6139195910786412
174,67,1,SAFE WORDMARK OWNERSHIP,10,"[194, 202, 210]","[194, 202, 210]","[194, 202, 210]",0.0,0.0,0.0,0.0
199,67,1,AMBIGUOUS,10,"[184, 190, 198]","[184, 190, 198]","[183, 189, 197]",1.0,1.0,1.5320050722190786,1.5320050722190786
69,68,1,AMBIGUOUS,6,"[201, 209, 216]","[201, 209, 216]","[200, 208, 215]",1.0,1.0,1.7311857242235362,1.7311857242235362
73,68,2,AMBIGUOUS,6,"[201, 209, 216]","[201, 209, 216]","[201, 208, 215]",1.0,1.0,1.3789108721024945,1.3789108721024945
74,68,2,AMBIGUOUS,6,"[202, 210, 217]","[202, 210, 217]","[202, 209, 216]",1.0,1.0,1.387568697431476,1.387568697431476
82,68,27,AMBIGUOUS,7,"[186, 193, 200]","[186, 193, 200]","[180, 188, 195]",6.0,6.0,8.005199751257393,8.005199751257393
87,68,4,AMBIGUOUS,7,"[200, 208, 216]","[200, 208, 216]","[198, 206, 214]",2.0,2.0,3.4311753531484612,3.4311753531484612
88,68,1,AMBIGUOUS,7,"[201, 208, 215]","[201, 208, 215]","[200, 207, 214]",1.0,1.0,1.7225434039191612,1.7225434039191612
93,68,1,AMBIGUOUS,7,"[200, 207, 216]","[200, 207, 216]","[199, 206, 215]",1.0,1.0,1.713221280352542,1.713221280352542
94,68,4,AMBIGUOUS,7,"[199, 207, 215]","[199, 207, 215]","[197, 205, 213]",2.0,2.0,3.40935386675514,3.40935386675514
104,68,19,AMBIGUOUS,8,"[184, 191, 199]","[184, 191, 199]","[185, 193, 200]",2.0,2.0,2.6746316663897574,2.6746316663897574
109,68,23,AMBIGUOUS,8,"[179, 186, 194]","[179, 186, 194]","[181, 188, 195]",2.0,2.0,2.891109081639243,2.891109081639243
126,68,1,AMBIGUOUS,9,"[196, 204, 212]","[196, 204, 212]","[196, 204, 212]",0.0,0.0,0.0,0.0
127,68,1,AMBIGUOUS,9,"[198, 205, 213]","[198, 205, 213]","[197, 204, 212]",1.0,1.0,1.69062957385583,1.69062957385583
131,68,2,AMBIGUOUS,9,"[196, 203, 212]","[196, 203, 212]","[196, 203, 211]",1.0,1.0,0.12830957039554391,0.12830957039554391
132,68,2,AMBIGUOUS,9,"[197, 204, 212]","[197, 204, 212]","[197, 204, 211]",1.0,1.0,0.12830957039554391,0.12830957039554391
144,68,1,AMBIGUOUS,10,"[195, 203, 211]","[195, 203, 211]","[194, 202, 210]",1.0,1.0,1.6666440753492964,1.6666440753492964
164,68,20,AMBIGUOUS,10,"[180, 186, 193]","[180, 186, 193]","[181, 187, 195]",2.0,2.0,1.6145841620066221,1.6145841620066221
174,68,1,SAFE WORDMARK OWNERSHIP,10,"[195, 202, 210]","[195, 202, 210]","[195, 202, 210]",0.0,0.0,0.0,0.0
179,68,23,AMBIGUOUS,10,"[177, 185, 192]","[177, 185, 192]","[178, 185, 192]",1.0,1.0,0.3005579928705373,0.3005579928705373
181,68,2,AMBIGUOUS,10,"[193, 201, 209]","[193, 201, 209]","[193, 201, 208]",1.0,1.0,0.1259264098352446,0.1259264098352446
182,68,1,AMBIGUOUS,10,"[194, 201, 210]","[194, 201, 210]","[193, 200, 209]",1.0,1.0,1.6480823623690526,1.6480823623690526
186,68,2,AMBIGUOUS,10,"[192, 200, 207]","[192, 200, 207]","[192, 200, 206]",1.0,1.0,0.12434475042164195,0.12434475042164195
187,68,3,AMBIGUOUS,10,"[194, 202, 210]","[194, 202, 210]","[191, 199, 207]",3.0,3.0,4.935089014335574,4.935089014335574
199,68,3,AMBIGUOUS,10,"[183, 189, 197]","[183, 189, 197]","[183, 189, 197]",0.0,0.0,0.0,0.0
205,68,1,AMBIGUOUS,10,"[177, 184, 191]","[177, 184, 191]","[176, 183, 190]",1.0,1.0,1.4659812202212947,1.4659812202212947
82,69,27,AMBIGUOUS,7,"[186, 193, 200]","[186, 193, 200]","[180, 188, 195]",6.0,6.0,8.005199751257393,8.005199751257393
104,69,19,AMBIGUOUS,8,"[185, 191, 199]","[185, 191, 199]","[186, 193, 200]",2.0,2.0,2.6768626851160775,2.6768626851160775
109,69,23,AMBIGUOUS,8,"[180, 186, 194]","[180, 186, 194]","[181, 188, 195]",2.0,2.0,2.5861479269685645,2.5861479269685645
164,69,20,AMBIGUOUS,10,"[179, 186, 192]","[179, 186, 192]","[180, 187, 194]",2.0,2.0,1.6108348428752919,1.6108348428752919
174,69,3,AMBIGUOUS,10,"[193, 201, 209]","[193, 201, 209]","[193, 201, 209]",0.0,0.0,0.0,0.0
193,69,24,AMBIGUOUS,10,"[177, 183, 190]","[177, 183, 190]","[174, 181, 188]",3.0,3.0,3.199055983409579,3.199055983409579
198,69,5,AMBIGUOUS,10,"[184, 191, 199]","[184, 191, 199]","[184, 190, 198]",1.0,1.0,1.2265402217531687,1.2265402217531687
82,70,27,AMBIGUOUS,7,"[185, 192, 199]","[185, 192, 199]","[180, 188, 195]",5.0,5.0,6.444396573147358,6.444396573147358
104,70,19,AMBIGUOUS,8,"[184, 191, 198]","[184, 191, 198]","[185, 192, 199]",1.0,1.0,1.5501838245649822,1.5501838245649822
109,70,23,AMBIGUOUS,8,"[179, 186, 194]","[179, 186, 194]","[181, 188, 195]",2.0,2.0,2.891109081639243,2.891109081639243
164,70,21,AMBIGUOUS,10,"[178, 185, 193]","[178, 185, 193]","[179, 187, 195]",2.0,2.0,2.6808849103048544,2.6808849103048544
193,70,23,AMBIGUOUS,10,"[178, 183, 191]","[178, 183, 191]","[175, 181, 189]",3.0,3.0,3.2071552179009757,3.2071552179009757
198,70,5,AMBIGUOUS,10,"[184, 191, 199]","[184, 191, 199]","[184, 190, 198]",1.0,1.0,1.2265402217531687,1.2265402217531687
206,70,31,SAFE WORDMARK OWNERSHIP,10,"[153, 158, 165]","[155, 160, 167]","[155, 160, 167]",2.0,0.0,2.4417721158616814,0.0
66,71,1,AMBIGUOUS,6,"[201, 209, 217]","[201, 209, 217]","[200, 208, 216]",1.0,1.0,1.7319885552921335,1.7319885552921335
82,71,30,AMBIGUOUS,7,"[183, 190, 197]","[183, 190, 197]","[178, 185, 192]",5.0,5.0,7.539677649593131,7.539677649593131
104,71,21,AMBIGUOUS,8,"[182, 189, 196]","[182, 189, 196]","[183, 190, 198]",2.0,2.0,1.6463060488086683,1.6463060488086683
109,71,24,AMBIGUOUS,8,"[178, 185, 192]","[178, 185, 192]","[180, 186, 193]",2.0,2.0,1.7918667804216852,1.7918667804216852
121,71,4,AMBIGUOUS,8,"[194, 202, 210]","[194, 202, 210]","[194, 202, 210]",0.0,0.0,0.0,0.0
136,71,11,AMBIGUOUS,9,"[188, 195, 203]","[188, 195, 203]","[189, 196, 203]",1.0,1.0,1.4715864934922536,1.4715864934922536
138,71,3,AMBIGUOUS,9,"[195, 202, 210]","[195, 202, 210]","[194, 201, 209]",1.0,1.0,1.6580942542908588,1.6580942542908588
164,71,26,AMBIGUOUS,10,"[175, 181, 189]","[175, 181, 189]","[177, 183, 191]",2.0,2.0,2.906597225030424,2.906597225030424
176,71,1,AMBIGUOUS,10,"[194, 201, 209]","[194, 201, 209]","[193, 200, 208]",1.0,1.0,1.6472893945480394,1.6472893945480394
193,71,25,AMBIGUOUS,10,"[177, 183, 190]","[177, 183, 190]","[174, 179, 186]",4.0,4.0,5.476760653767002,5.476760653767002
206,71,26,AMBIGUOUS,10,"[156, 162, 170]","[156, 162, 170]","[158, 164, 171]",2.0,2.0,2.421056158826218,2.421056158826218
66,72,1,AMBIGUOUS,6,"[201, 209, 217]","[201, 209, 217]","[200, 208, 216]",1.0,1.0,1.7319885552921335,1.7319885552921335
80,72,1,SAFE WORDMARK OWNERSHIP,6,"[198, 206, 214]","[198, 206, 214]","[198, 206, 214]",0.0,0.0,0.0,0.0
82,72,21,AMBIGUOUS,7,"[186, 194, 201]","[186, 194, 201]","[185, 192, 199]",2.0,2.0,2.8117312714060745,2.8117312714060745
104,72,14,AMBIGUOUS,8,"[188, 195, 202]","[188, 195, 202]","[189, 195, 203]",1.0,1.0,0.4461981435882194,0.4461981435882194
109,72,20,AMBIGUOUS,8,"[181, 188, 195]","[181, 188, 195]","[183, 189, 197]",2.0,2.0,1.9465735757693352,1.9465735757693352
121,72,11,AMBIGUOUS,8,"[188, 195, 204]","[188, 195, 204]","[189, 196, 204]",1.0,1.0,1.4715864934922536,1.4715864934922536
125,72,22,SAFE WORDMARK OWNERSHIP,9,"[184, 191, 198]","[181, 189, 196]","[181, 189, 196]",3.0,0.0,3.3779752089546946,0.0
136,72,2,AMBIGUOUS,9,"[197, 205, 212]","[197, 205, 212]","[196, 204, 210]",2.0,2.0,1.8150622398180758,1.8150622398180758
137,72,3,AMBIGUOUS,9,"[194, 202, 210]","[194, 202, 210]","[194, 202, 211]",1.0,1.0,0.12751376577600126,0.12751376577600126
164,72,17,AMBIGUOUS,10,"[181, 188, 197]","[181, 188, 197]","[182, 190, 198]",2.0,2.0,2.620884644901764,2.620884644901764
177,72,2,AMBIGUOUS,10,"[194, 202, 210]","[194, 202, 210]","[193, 201, 208]",2.0,2.0,1.7817498248693937,1.7817498248693937
193,72,17,AMBIGUOUS,10,"[181, 188, 194]","[181, 188, 194]","[179, 186, 192]",2.0,2.0,3.003773188386816,3.003773188386816
206,72,6,AMBIGUOUS,10,"[171, 178, 185]","[171, 178, 185]","[171, 178, 185]",0.0,0.0,0.0,0.0
70,73,7,SAFE WORDMARK OWNERSHIP,6,"[195, 203, 211]","[196, 204, 211]","[196, 204, 211]",1.0,0.0,1.5491752823594993,0.0
71,73,8,AMBIGUOUS,6,"[194, 201, 209]","[194, 201, 209]","[194, 202, 210]",1.0,1.0,1.3195355678423084,1.3195355678423084
72,73,8,AMBIGUOUS,6,"[194, 200, 209]","[194, 200, 209]","[194, 201, 210]",1.0,1.0,1.311794515177212,1.311794515177212
73,73,7,AMBIGUOUS,6,"[194, 202, 210]","[194, 202, 210]","[195, 203, 210]",1.0,1.0,1.539130309573295,1.539130309573295
74,73,9,SAFE WORDMARK OWNERSHIP,6,"[193, 202, 208]","[193, 202, 209]","[193, 202, 209]",1.0,0.0,0.1259264098352446,0.0
78,73,5,SAFE WORDMARK OWNERSHIP,6,"[197, 205, 213]","[196, 204, 212]","[196, 204, 212]",1.0,0.0,1.6883456913895145,0.0
79,73,1,AMBIGUOUS,6,"[198, 206, 214]","[198, 206, 214]","[198, 206, 214]",0.0,0.0,0.0,0.0
83,73,12,AMBIGUOUS,7,"[191, 198, 206]","[191, 198, 206]","[191, 199, 207]",1.0,1.0,1.2939810844651163,1.2939810844651163
84,73,8,AMBIGUOUS,7,"[194, 201, 209]","[194, 201, 209]","[194, 202, 210]",1.0,1.0,1.3195355678423084,1.3195355678423084
85,73,8,AMBIGUOUS,7,"[194, 201, 209]","[194, 201, 209]","[194, 202, 210]",1.0,1.0,1.3195355678423084,1.3195355678423084
86,73,8,AMBIGUOUS,7,"[195, 201, 209]","[195, 201, 209]","[195, 202, 210]",1.0,1.0,1.31953556784228,1.31953556784228
87,73,8,AMBIGUOUS,7,"[194, 200, 209]","[194, 200, 209]","[194, 201, 210]",1.0,1.0,1.311794515177212,1.311794515177212
88,73,8,AMBIGUOUS,7,"[194, 201, 209]","[194, 201, 209]","[194, 202, 210]",1.0,1.0,1.3195355678423084,1.3195355678423084
89,73,8,AMBIGUOUS,7,"[194, 200, 208]","[194, 200, 208]","[194, 201, 209]",1.0,1.0,1.3110015473561987,1.3110015473561987
90,73,8,AMBIGUOUS,7,"[193, 200, 208]","[193, 200, 208]","[193, 201, 209]",1.0,1.0,1.3110015473561987,1.3110015473561987
91,73,8,AMBIGUOUS,7,"[193, 199, 207]","[193, 199, 207]","[193, 200, 208]",1.0,1.0,1.302483371451359,1.302483371451359
92,73,8,AMBIGUOUS,7,"[193, 199, 207]","[193, 199, 207]","[193, 200, 208]",1.0,1.0,1.302483371451359,1.302483371451359
93,73,8,AMBIGUOUS,7,"[193, 200, 208]","[193, 200, 208]","[193, 201, 209]",1.0,1.0,1.3110015473561987,1.3110015473561987
94,73,8,AMBIGUOUS,7,"[194, 200, 208]","[194, 200, 208]","[194, 201, 209]",1.0,1.0,1.3110015473561987,1.3110015473561987
95,73,8,AMBIGUOUS,7,"[193, 200, 208]","[193, 200, 208]","[193, 201, 209]",1.0,1.0,1.3110015473561987,1.3110015473561987
96,73,8,AMBIGUOUS,7,"[192, 199, 208]","[192, 199, 208]","[192, 200, 209]",1.0,1.0,1.3032749151475116,1.3032749151475116
97,73,8,AMBIGUOUS,7,"[193, 199, 208]","[193, 199, 208]","[193, 200, 209]",1.0,1.0,1.30327491514754,1.30327491514754
98,73,10,AMBIGUOUS,7,"[191, 198, 206]","[191, 198, 206]","[192, 198, 206]",1.0,1.0,0.33175929976158613,0.33175929976158613
103,73,6,SAFE WORDMARK OWNERSHIP,8,"[194, 202, 209]","[195, 202, 209]","[195, 202, 209]",1.0,0.0,0.3385586864485788,0.0
109,73,4,PROTECTED / OTHER,8,"[195, 203, 211]","[195, 203, 211]","[195, 202, 210]",1.0,1.0,1.328085388900746,1.328085388900746
110,73,7,AMBIGUOUS,8,"[193, 200, 208]","[193, 200, 208]","[193, 201, 209]",1.0,1.0,1.3110015473561987,1.3110015473561987
111,73,9,AMBIGUOUS,8,"[191, 199, 206]","[191, 199, 206]","[192, 199, 207]",1.0,1.0,0.4561040501832281,0.4561040501832281
112,73,4,AMBIGUOUS,8,"[195, 203, 210]","[195, 203, 210]","[195, 203, 210]",0.0,0.0,0.0,0.0
125,73,1,AMBIGUOUS,9,"[195, 203, 212]","[195, 203, 212]","[195, 203, 212]",0.0,0.0,0.0,0.0
126,73,5,AMBIGUOUS,9,"[192, 200, 208]","[192, 200, 208]","[192, 200, 208]",0.0,0.0,0.0,0.0
127,73,7,AMBIGUOUS,9,"[191, 199, 206]","[191, 199, 206]","[191, 200, 207]",1.0,1.0,1.3016932557338805,1.3016932557338805
128,73,7,AMBIGUOUS,9,"[191, 198, 206]","[191, 198, 206]","[191, 199, 207]",1.0,1.0,1.2939810844651163,1.2939810844651163
129,73,8,AMBIGUOUS,9,"[191, 198, 205]","[191, 198, 205]","[191, 198, 206]",1.0,1.0,0.1235560665646176,0.1235560665646176
130,73,8,AMBIGUOUS,9,"[191, 199, 206]","[191, 199, 206]","[191, 199, 207]",1.0,1.0,0.12434475042161353,0.12434475042161353
131,73,7,AMBIGUOUS,9,"[191, 198, 207]","[191, 198, 207]","[191, 199, 208]",1.0,1.0,1.2947712001825948,1.2947712001825948
132,73,12,AMBIGUOUS,9,"[187, 194, 203]","[187, 194, 203]","[187, 195, 204]",1.0,1.0,1.260916088877451,1.260916088877451
135,73,4,AMBIGUOUS,9,"[197, 205, 213]","[197, 205, 213]","[193, 201, 209]",4.0,4.0,6.688298034528003,6.688298034528003
142,73,7,SAFE WORDMARK OWNERSHIP,10,"[189, 196, 205]","[189, 197, 206]","[189, 197, 206]",1.0,0.0,1.2778116043513137,0.0
143,73,8,AMBIGUOUS,10,"[189, 197, 205]","[189, 197, 205]","[188, 196, 205]",1.0,1.0,1.4792550359755694,1.4792550359755694
164,73,3,AMBIGUOUS,10,"[193, 201, 209]","[193, 201, 209]","[193, 201, 209]",0.0,0.0,0.0,0.0
165,73,6,SAFE WORDMARK OWNERSHIP,10,"[190, 197, 206]","[191, 198, 206]","[191, 198, 206]",1.0,0.0,1.4914402815732615,0.0
182,73,9,AMBIGUOUS,10,"[187, 195, 203]","[187, 195, 203]","[188, 195, 203]",1.0,1.0,0.32275508808467634,0.32275508808467634
183,73,7,AMBIGUOUS,10,"[189, 195, 203]","[189, 195, 203]","[189, 196, 204]",1.0,1.0,1.2685700054037738,1.2685700054037738
184,73,8,AMBIGUOUS,10,"[188, 195, 202]","[188, 195, 202]","[188, 195, 203]",1.0,1.0,0.1211986453993461,0.1211986453993461
185,73,8,AMBIGUOUS,10,"[188, 196, 203]","[188, 196, 203]","[188, 196, 204]",1.0,1.0,0.12198301010036516,0.12198301010036516
186,73,8,AMBIGUOUS,10,"[187, 195, 202]","[187, 195, 202]","[187, 195, 203]",1.0,1.0,0.1211986453993461,0.1211986453993461
187,73,8,AMBIGUOUS,10,"[187, 195, 202]","[187, 195, 202]","[187, 195, 203]",1.0,1.0,0.1211986453993461,0.1211986453993461
188,73,8,AMBIGUOUS,10,"[186, 194, 202]","[186, 194, 202]","[186, 194, 203]",1.0,1.0,0.1211986453993461,0.1211986453993461
189,73,8,SAFE WORDMARK OWNERSHIP,10,"[186, 193, 201]","[186, 193, 202]","[186, 193, 202]",1.0,0.0,0.12041572837171088,0.0
194,73,10,SAFE WORDMARK OWNERSHIP,10,"[182, 189, 197]","[183, 190, 198]","[183, 190, 198]",1.0,0.0,1.529783048489577,0.0
207,73,6,SAFE WORDMARK OWNERSHIP,10,"[167, 174, 181]","[167, 174, 181]","[167, 174, 181]",0.0,0.0,0.0,0.0
68,74,2,AMBIGUOUS,6,"[200, 209, 216]","[200, 209, 216]","[199, 207, 214]",2.0,2.0,3.099157461134098,3.099157461134098
69,74,2,AMBIGUOUS,6,"[201, 208, 217]","[201, 208, 217]","[200, 206, 215]",2.0,2.0,3.087390911271541,3.087390911271541
70,74,3,AMBIGUOUS,6,"[202, 210, 218]","[202, 210, 218]","[199, 207, 216]",3.0,3.0,5.064478575045484,5.064478575045484
74,74,2,AMBIGUOUS,6,"[200, 207, 215]","[200, 207, 215]","[199, 205, 213]",2.0,2.0,3.0662490674519916,3.0662490674519916
75,74,3,AMBIGUOUS,6,"[202, 209, 216]","[202, 209, 216]","[199, 206, 214]",3.0,3.0,5.0377446311688345,5.0377446311688345
76,74,6,AMBIGUOUS,6,"[199, 207, 215]","[199, 207, 215]","[196, 203, 211]",4.0,4.0,6.434350524991572,6.434350524991572
101,74,2,AMBIGUOUS,8,"[195, 203, 211]","[195, 203, 211]","[195, 203, 210]",1.0,1.0,0.12751376577600126,0.12751376577600126
102,74,2,AMBIGUOUS,8,"[199, 207, 215]","[199, 207, 215]","[198, 205, 213]",2.0,2.0,3.063956551216336,3.063956551216336
103,74,2,AMBIGUOUS,8,"[200, 208, 216]","[200, 208, 216]","[199, 206, 214]",2.0,2.0,3.083489832150633,3.083489832150633
119,74,3,AMBIGUOUS,8,"[197, 205, 213]","[197, 205, 213]","[194, 202, 210]",3.0,3.0,5.032474619493854,5.032474619493854
120,74,4,AMBIGUOUS,8,"[196, 203, 212]","[196, 203, 212]","[193, 200, 209]",3.0,3.0,4.976686084208069,4.976686084208069
141,74,2,AMBIGUOUS,10,"[195, 203, 211]","[195, 203, 211]","[194, 202, 209]",2.0,2.0,1.7933634530055542,1.7933634530055542
142,74,2,AMBIGUOUS,10,"[193, 202, 210]","[193, 202, 210]","[192, 201, 208]",2.0,2.0,1.7794833584098058,1.7794833584098058
165,74,1,AMBIGUOUS,10,"[195, 203, 211]","[195, 203, 211]","[194, 202, 210]",1.0,1.0,1.6666440753492964,1.6666440753492964
166,74,3,AMBIGUOUS,10,"[195, 203, 211]","[195, 203, 211]","[192, 200, 208]",3.0,3.0,4.967490418471925,4.967490418471925
178,74,1,AMBIGUOUS,10,"[193, 200, 208]","[193, 200, 208]","[193, 200, 208]",0.0,0.0,0.0,0.0
179,74,5,AMBIGUOUS,10,"[190, 197, 206]","[190, 197, 206]","[190, 196, 205]",1.0,1.0,1.2778116043513137,1.2778116043513137
189,74,2,AMBIGUOUS,10,"[193, 200, 208]","[193, 200, 208]","[192, 199, 206]",2.0,2.0,1.7608495026052537,1.7608495026052537
190,74,3,AMBIGUOUS,10,"[194, 201, 209]","[194, 201, 209]","[191, 198, 206]",3.0,3.0,4.909534530958382,4.909534530958382
194,74,2,AMBIGUOUS,10,"[191, 197, 206]","[191, 197, 206]","[189, 196, 204]",2.0,2.0,2.0573303854484095,2.0573303854484095
195,74,3,AMBIGUOUS,10,"[191, 198, 206]","[191, 198, 206]","[188, 195, 203]",3.0,3.0,4.8128385535439975,4.8128385535439975
207,74,3,AMBIGUOUS,10,"[172, 178, 186]","[172, 178, 186]","[169, 175, 183]",3.0,3.0,4.1890329130756925,4.1890329130756925
208,74,2,AMBIGUOUS,10,"[170, 176, 183]","[170, 176, 183]","[168, 174, 181]",2.0,2.0,2.7603303463669846,2.7603303463669846
209,74,1,AMBIGUOUS,10,"[164, 171, 178]","[164, 171, 178]","[163, 170, 177]",1.0,1.0,1.3320686821128618,1.3320686821128618
