case,component_id,approved_status,approved_white_path,approved_white_sha256,source_sha256,fitted_source_composited_baseline_sha256,component_visible_px,component_source_alpha_px,component_rgb_changed_vs_source_composite,component_alpha_changed_vs_source_composite,outside_this_component_rgb_changed,frozen_dark_edge_pixels,frozen_dark_edge_pixels_changed_in_approved_output,topology_interior_pixels,topology_interior_pixels_changed_in_approved_output,approved_pixels_matching_hypothetical_target16_composite,target16_component_pixels,topology_interior_pixels_matching_target16,topology_interior_dark_target_match_fraction,approved_output_matches_target16_on_whole_component,approved_output_matches_target16_on_topology_interior,source_alpha_preserved_in_render_comparison,component_rgb_change_fraction
#3032,3,MANUALLY APPROVED/CLOSED — not re-evaluated,picons/19.2e/csat/white/1_0_1_24C9_43C_1_C00000_0_0_0.png,e773849404809cec90fdec50825bfc02ea2eeb20187537a38bdcdcb8c2d123bf,a345bddce4062016ea56cad350175d6515885fa0b85ecca38247c8890564a965,b52870f56effde93a73acf4fd8648a0a411eeb3c02c3d218365d848a4429baed,2347,2347,1766,0,518,107,0,1629,1625,1838,2347,1625,0.9975445058317987,False,False,True,0.7524499360886238
#3032,5,MANUALLY APPROVED/CLOSED — not re-evaluated,picons/19.2e/csat/white/1_0_1_24C9_43C_1_C00000_0_0_0.png,e773849404809cec90fdec50825bfc02ea2eeb20187537a38bdcdcb8c2d123bf,a345bddce4062016ea56cad350175d6515885fa0b85ecca38247c8890564a965,b52870f56effde93a73acf4fd8648a0a411eeb3c02c3d218365d848a4429baed,187,187,84,0,2200,26,0,59,56,93,187,56,0.9491525423728814,False,False,True,0.44919786096256686
#3032,10,MANUALLY APPROVED/CLOSED — not re-evaluated,picons/19.2e/csat/white/1_0_1_24C9_43C_1_C00000_0_0_0.png,e773849404809cec90fdec50825bfc02ea2eeb20187537a38bdcdcb8c2d123bf,a345bddce4062016ea56cad350175d6515885fa0b85ecca38247c8890564a965,b52870f56effde93a73acf4fd8648a0a411eeb3c02c3d218365d848a4429baed,433,433,168,0,2116,59,0,120,115,194,433,115,0.9583333333333334,False,False,True,0.38799076212471134
#3032,12,MANUALLY APPROVED/CLOSED — not re-evaluated,picons/19.2e/csat/white/1_0_1_24C9_43C_1_C00000_0_0_0.png,e773849404809cec90fdec50825bfc02ea2eeb20187537a38bdcdcb8c2d123bf,a345bddce4062016ea56cad350175d6515885fa0b85ecca38247c8890564a965,b52870f56effde93a73acf4fd8648a0a411eeb3c02c3d218365d848a4429baed,671,671,253,0,2031,83,0,194,175,293,671,175,0.9020618556701031,False,False,True,0.3770491803278688
#3072,2,MANUALLY APPROVED/CLOSED — not re-evaluated,picons/19.2e/digital/white/1_0_1_788B_414_1_C00000_0_0_0.png,e3427b452a70b52a062e64f01b28623553b884b294208ef44eba52ababd4a3da,c6e353de17a899c1ce21dc891002c3c24af73ba7562042d0119fd6b28a6ab574,b8cb93b762f3809095b5cec926073f63912cd4fbf665c416de0b26ff571b0391,2862,2862,2128,0,384,104,0,1934,1929,2223,2862,1929,0.9974146845915202,False,False,True,0.7435359888190077
#3072,13,MANUALLY APPROVED/CLOSED — not re-evaluated,picons/19.2e/digital/white/1_0_1_788B_414_1_C00000_0_0_0.png,e3427b452a70b52a062e64f01b28623553b884b294208ef44eba52ababd4a3da,c6e353de17a899c1ce21dc891002c3c24af73ba7562042d0119fd6b28a6ab574,b8cb93b762f3809095b5cec926073f63912cd4fbf665c416de0b26ff571b0391,1023,1023,359,0,2153,152,0,241,222,439,1023,222,0.921161825726141,False,False,True,0.3509286412512219
#14700,4,MANUALLY APPROVED/CLOSED — not re-evaluated,picons/80.0e/orion-express/white/1_0_1_32D_CE_1_3200000_0_0_0.png,fbc6fd6a6532d2f13fa3d1a1f39ea400f7ec260838c4070acacdab04194d9164,9fa6f6a84bb9e1a98802e638f94d0f693757697648d1167d1b9f3f31fb7724c3,4731b7b2c64f11f559fe31320df1e7b6e14c4b278e3ca3b3e864fa98428bc94d,814,814,754,0,1016,100,100,114,114,814,814,114,1.0,True,True,True,0.9262899262899262
#14700,12,MANUALLY APPROVED/CLOSED — not re-evaluated,picons/80.0e/orion-express/white/1_0_1_32D_CE_1_3200000_0_0_0.png,fbc6fd6a6532d2f13fa3d1a1f39ea400f7ec260838c4070acacdab04194d9164,9fa6f6a84bb9e1a98802e638f94d0f693757697648d1167d1b9f3f31fb7724c3,4731b7b2c64f11f559fe31320df1e7b6e14c4b278e3ca3b3e864fa98428bc94d,225,225,207,0,1563,34,34,34,34,225,225,34,1.0,True,True,True,0.92
#14700,13,MANUALLY APPROVED/CLOSED — not re-evaluated,picons/80.0e/orion-express/white/1_0_1_32D_CE_1_3200000_0_0_0.png,fbc6fd6a6532d2f13fa3d1a1f39ea400f7ec260838c4070acacdab04194d9164,9fa6f6a84bb9e1a98802e638f94d0f693757697648d1167d1b9f3f31fb7724c3,4731b7b2c64f11f559fe31320df1e7b6e14c4b278e3ca3b3e864fa98428bc94d,826,826,746,0,1024,88,86,159,159,826,826,159,1.0,True,True,True,0.9031476997578692
