case,component_id,x,y,rgba,alpha,raw_luminance,topology_interior,dark_pixel_location_class,frozen_dark_member
#14700,4,87,57,"51,51,51,64",64,8.4417142868042,False,PARTIAL_ALPHA_MATERIAL_EDGE,True
#14700,4,88,57,"130,130,130,90",90,56.923133850097656,False,PARTIAL_ALPHA_MATERIAL_EDGE,True
#14700,4,93,57,"131,131,131,91",91,57.87630081176758,False,PARTIAL_ALPHA_MATERIAL_EDGE,True
#14700,4,94,57,"57,57,57,66",66,10.433375358581543,False,PARTIAL_ALPHA_MATERIAL_EDGE,True
#14700,4,106,57,"73,77,77,66",66,18.513113021850586,False,PARTIAL_ALPHA_MATERIAL_EDGE,True
#14700,4,113,57,"85,85,85,48",48,23.164640426635742,False,PARTIAL_ALPHA_MATERIAL_EDGE,True
#14700,4,114,57,"132,132,132,94",94,58.83871841430664,False,PARTIAL_ALPHA_MATERIAL_EDGE,True
#14700,4,115,57,"130,130,130,90",90,56.923133850097656,False,PARTIAL_ALPHA_MATERIAL_EDGE,True
#14700,4,116,57,"30,30,30,50",50,3.3106729984283447,False,PARTIAL_ALPHA_MATERIAL_EDGE,True
#14700,4,137,57,"137,137,137,93",93,63.790382385253906,False,PARTIAL_ALPHA_MATERIAL_EDGE,True
#14700,4,85,58,"88,88,88,75",75,24.884777069091797,False,PARTIAL_ALPHA_MATERIAL_EDGE,True
#14700,4,96,58,"97,97,97,81",81,30.482301712036133,False,PARTIAL_ALPHA_MATERIAL_EDGE,True
#14700,4,109,58,"103,103,103,64",64,34.58650207519531,False,PARTIAL_ALPHA_MATERIAL_EDGE,True
#14700,4,118,58,"44,44,44,52",52,6.4226484298706055,False,PARTIAL_ALPHA_MATERIAL_EDGE,True
#14700,4,122,58,"133,129,129,69",69,56.79370880126953,False,PARTIAL_ALPHA_MATERIAL_EDGE,True
#14700,4,135,58,"97,97,97,86",86,30.482301712036133,False,PARTIAL_ALPHA_MATERIAL_EDGE,True
#14700,4,84,59,"95,95,95,83",83,29.18102264404297,False,PARTIAL_ALPHA_MATERIAL_EDGE,True
#14700,4,97,59,"132,132,132,98",98,58.83871841430664,False,PARTIAL_ALPHA_MATERIAL_EDGE,True
#14700,4,109,59,"102,102,102,52",52,33.88142395019531,False,PARTIAL_ALPHA_MATERIAL_EDGE,True
#14700,4,119,59,"71,71,71,57",57,16.06756019592285,False,PARTIAL_ALPHA_MATERIAL_EDGE,True
#14700,4,122,59,"134,130,130,74",74,57.74553298950195,False,PARTIAL_ALPHA_MATERIAL_EDGE,True
#14700,4,135,59,"91,91,91,78",78,26.67720603942871,False,PARTIAL_ALPHA_MATERIAL_EDGE,True
#14700,4,83,60,"87,80,80,38",38,21.274003982543945,False,PARTIAL_ALPHA_MATERIAL_EDGE,True
#14700,4,94,60,"137,137,137,52",52,63.790382385253906,False,PARTIAL_ALPHA_MATERIAL_EDGE,True
#14700,4,98,60,"117,117,117,67",67,45.36154556274414,False,PARTIAL_ALPHA_MATERIAL_EDGE,True
#14700,4,102,60,"116,116,116,81",81,44.53508758544922,False,PARTIAL_ALPHA_MATERIAL_EDGE,True
#14700,4,110,60,"38,33,33,46",46,4.104448318481445,False,PARTIAL_ALPHA_MATERIAL_EDGE,True
#14700,4,111,60,"61,61,61,71",71,11.89959716796875,False,PARTIAL_ALPHA_MATERIAL_EDGE,True
#14700,4,122,60,"125,122,122,73",73,50.19466018676758,False,PARTIAL_ALPHA_MATERIAL_EDGE,True
#14700,4,135,60,"76,76,76,70",70,18.429325103759766,False,PARTIAL_ALPHA_MATERIAL_EDGE,True
#14700,4,117,61,"68,68,68,52",52,14.740386009216309,False,PARTIAL_ALPHA_MATERIAL_EDGE,True
#14700,4,120,61,"123,123,123,97",97,50.50767135620117,False,PARTIAL_ALPHA_MATERIAL_EDGE,True
#14700,4,122,61,"122,122,122,56",56,49.627540588378906,False,PARTIAL_ALPHA_MATERIAL_EDGE,True
#14700,4,125,61,"26,26,26,48",48,2.6341049671173096,False,PARTIAL_ALPHA_MATERIAL_EDGE,True
#14700,4,135,61,"77,77,77,72",72,18.924461364746094,False,PARTIAL_ALPHA_MATERIAL_EDGE,True
#14700,4,85,62,"128,128,128,103",103,55.044429779052734,False,PARTIAL_ALPHA_MATERIAL_EDGE,True
#14700,4,96,62,"118,118,118,95",95,46.19688034057617,False,PARTIAL_ALPHA_MATERIAL_EDGE,True
#14700,4,101,62,"79,73,73,45",45,17.61639976501465,False,PARTIAL_ALPHA_MATERIAL_EDGE,True
#14700,4,104,62,"26,26,26,48",48,2.6341049671173096,False,PARTIAL_ALPHA_MATERIAL_EDGE,True
#14700,4,135,62,"77,77,77,72",72,18.924461364746094,False,PARTIAL_ALPHA_MATERIAL_EDGE,True
#14700,4,85,63,"59,59,59,73",73,11.152432441711426,False,PARTIAL_ALPHA_MATERIAL_EDGE,True
#14700,4,96,63,"42,42,42,66",66,5.904108047485352,False,PARTIAL_ALPHA_MATERIAL_EDGE,True
#14700,4,99,63,"87,87,87,35",35,24.303407669067383,False,PARTIAL_ALPHA_MATERIAL_EDGE,True
#14700,4,101,63,"103,103,103,74",74,34.58650207519531,False,PARTIAL_ALPHA_MATERIAL_EDGE,True
#14700,4,118,63,"132,132,132,119",119,58.83871841430664,False,PARTIAL_ALPHA_MATERIAL_EDGE,True
#14700,4,127,63,"6,6,6,38",38,0.46439629793167114,False,PARTIAL_ALPHA_MATERIAL_EDGE,True
#14700,4,135,63,"94,94,94,84",84,28.542768478393555,False,PARTIAL_ALPHA_MATERIAL_EDGE,True
#14700,4,85,64,"62,62,62,74",74,12.283814430236816,False,PARTIAL_ALPHA_MATERIAL_EDGE,True
#14700,4,96,64,"45,45,45,67",67,6.691511154174805,False,PARTIAL_ALPHA_MATERIAL_EDGE,True
#14700,4,99,64,"90,90,90,34",34,26.071645736694336,False,PARTIAL_ALPHA_MATERIAL_EDGE,True
#14700,4,101,64,"104,104,104,76",76,35.30006790161133,False,PARTIAL_ALPHA_MATERIAL_EDGE,True
#14700,4,118,64,"136,136,136,120",120,62.78135681152344,False,PARTIAL_ALPHA_MATERIAL_EDGE,True
#14700,4,85,65,"62,62,62,74",74,12.283814430236816,False,PARTIAL_ALPHA_MATERIAL_EDGE,True
#14700,4,96,65,"45,45,45,67",67,6.691511154174805,False,PARTIAL_ALPHA_MATERIAL_EDGE,True
#14700,4,99,65,"90,90,90,34",34,26.071645736694336,False,PARTIAL_ALPHA_MATERIAL_EDGE,True
#14700,4,101,65,"105,105,105,75",75,36.02214431762695,False,PARTIAL_ALPHA_MATERIAL_EDGE,True
#14700,4,118,65,"136,136,136,120",120,62.78135681152344,False,PARTIAL_ALPHA_MATERIAL_EDGE,True
#14700,4,125,65,"122,122,122,104",104,49.627540588378906,False,PARTIAL_ALPHA_MATERIAL_EDGE,True
#14700,4,85,66,"62,62,62,74",74,12.283814430236816,False,PARTIAL_ALPHA_MATERIAL_EDGE,True
#14700,4,96,66,"45,45,45,67",67,6.691511154174805,False,PARTIAL_ALPHA_MATERIAL_EDGE,True
#14700,4,99,66,"90,90,90,34",34,26.071645736694336,False,PARTIAL_ALPHA_MATERIAL_EDGE,True
#14700,4,101,66,"105,105,105,75",75,36.02214431762695,False,PARTIAL_ALPHA_MATERIAL_EDGE,True
#14700,4,118,66,"135,135,135,119",119,61.781700134277344,False,PARTIAL_ALPHA_MATERIAL_EDGE,True
#14700,4,127,66,"71,66,66,61",61,14.354897499084473,False,PARTIAL_ALPHA_MATERIAL_EDGE,True
#14700,4,128,66,"100,103,103,94",94,34.142189025878906,False,PARTIAL_ALPHA_MATERIAL_EDGE,True
#14700,4,129,66,"96,96,96,95",95,29.827524185180664,False,PARTIAL_ALPHA_MATERIAL_EDGE,True
#14700,4,130,66,"96,96,96,95",95,29.827524185180664,False,PARTIAL_ALPHA_MATERIAL_EDGE,True
#14700,4,131,66,"96,96,96,95",95,29.827524185180664,False,PARTIAL_ALPHA_MATERIAL_EDGE,True
#14700,4,132,66,"96,96,96,95",95,29.827524185180664,False,PARTIAL_ALPHA_MATERIAL_EDGE,True
#14700,4,133,66,"98,98,98,96",96,31.14539337158203,False,PARTIAL_ALPHA_MATERIAL_EDGE,True
#14700,4,134,66,"95,95,95,93",93,29.18102264404297,False,PARTIAL_ALPHA_MATERIAL_EDGE,True
#14700,4,135,66,"136,136,136,133",133,62.78135681152344,False,PARTIAL_ALPHA_MATERIAL_EDGE,True
#14700,4,85,67,"62,62,62,74",74,12.283814430236816,False,PARTIAL_ALPHA_MATERIAL_EDGE,True
#14700,4,96,67,"45,45,45,68",68,6.691511154174805,False,PARTIAL_ALPHA_MATERIAL_EDGE,True
#14700,4,99,67,"90,90,90,34",34,26.071645736694336,False,PARTIAL_ALPHA_MATERIAL_EDGE,True
#14700,4,101,67,"105,105,105,75",75,36.02214431762695,False,PARTIAL_ALPHA_MATERIAL_EDGE,True
#14700,4,118,67,"126,126,126,103",103,53.202396392822266,False,PARTIAL_ALPHA_MATERIAL_EDGE,True
#14700,4,135,67,"80,80,80,73",73,20.456056594848633,False,PARTIAL_ALPHA_MATERIAL_EDGE,True
#14700,4,85,68,"62,62,62,74",74,12.283814430236816,False,PARTIAL_ALPHA_MATERIAL_EDGE,True
#14700,4,96,68,"47,47,47,65",65,7.248639106750488,False,PARTIAL_ALPHA_MATERIAL_EDGE,True
#14700,4,99,68,"90,90,90,34",34,26.071645736694336,False,PARTIAL_ALPHA_MATERIAL_EDGE,True
#14700,4,101,68,"105,105,105,75",75,36.02214431762695,False,PARTIAL_ALPHA_MATERIAL_EDGE,True
#14700,4,118,68,"125,125,125,104",104,52.295074462890625,False,PARTIAL_ALPHA_MATERIAL_EDGE,True
#14700,4,85,69,"35,35,35,71",71,4.285880088806152,False,PARTIAL_ALPHA_MATERIAL_EDGE,True
#14700,4,96,69,"9,9,9,55",55,0.6965944766998291,False,PARTIAL_ALPHA_MATERIAL_EDGE,True
#14700,4,99,69,"90,90,90,34",34,26.071645736694336,False,PARTIAL_ALPHA_MATERIAL_EDGE,True
#14700,4,101,69,"105,105,105,75",75,36.02214431762695,False,PARTIAL_ALPHA_MATERIAL_EDGE,True
#14700,4,118,69,"123,123,123,103",103,50.50767135620117,False,PARTIAL_ALPHA_MATERIAL_EDGE,True
#14700,4,134,69,"136,136,136,110",110,62.78135681152344,False,PARTIAL_ALPHA_MATERIAL_EDGE,True
#14700,4,137,69,"97,97,97,86",86,30.482301712036133,False,PARTIAL_ALPHA_MATERIAL_EDGE,True
#14700,4,99,70,"90,90,90,34",34,26.071645736694336,False,PARTIAL_ALPHA_MATERIAL_EDGE,True
#14700,4,101,70,"106,106,106,74",74,36.75276184082031,False,PARTIAL_ALPHA_MATERIAL_EDGE,True
#14700,4,118,70,"128,128,128,107",107,55.044429779052734,False,PARTIAL_ALPHA_MATERIAL_EDGE,True
#14700,4,126,70,"117,114,114,85",85,43.43017578125,False,PARTIAL_ALPHA_MATERIAL_EDGE,True
#14700,4,99,71,"96,96,96,37",37,29.827524185180664,False,PARTIAL_ALPHA_MATERIAL_EDGE,True
#14700,4,101,71,"107,107,107,81",81,37.4919548034668,False,PARTIAL_ALPHA_MATERIAL_EDGE,True
#14700,4,118,71,"135,135,135,124",124,61.781700134277344,False,PARTIAL_ALPHA_MATERIAL_EDGE,True
#14700,4,101,72,"92,92,92,55",55,27.2908935546875,False,PARTIAL_ALPHA_MATERIAL_EDGE,True
#14700,4,118,72,"111,111,111,80",80,40.53501892089844,False,PARTIAL_ALPHA_MATERIAL_EDGE,True
#14700,4,134,72,"98,98,98,78",78,31.14539337158203,False,PARTIAL_ALPHA_MATERIAL_EDGE,True
#14700,12,80,57,"77,69,69,33",33,15.972423553466797,False,PARTIAL_ALPHA_MATERIAL_EDGE,True
#14700,12,67,58,"97,97,97,84",84,30.482301712036133,False,PARTIAL_ALPHA_MATERIAL_EDGE,True
#14700,12,80,58,"111,111,111,80",80,40.53501892089844,False,PARTIAL_ALPHA_MATERIAL_EDGE,True
#14700,12,67,59,"98,98,98,83",83,31.14539337158203,False,PARTIAL_ALPHA_MATERIAL_EDGE,True
#14700,12,80,59,"124,124,124,86",86,51.39683532714844,False,PARTIAL_ALPHA_MATERIAL_EDGE,True
#14700,12,67,60,"100,100,100,86",86,32.496612548828125,False,PARTIAL_ALPHA_MATERIAL_EDGE,True
#14700,12,80,60,"123,123,123,85",85,50.50767135620117,False,PARTIAL_ALPHA_MATERIAL_EDGE,True
#14700,12,80,61,"123,123,123,85",85,50.50767135620117,False,PARTIAL_ALPHA_MATERIAL_EDGE,True
#14700,12,68,62,"0,0,0,40",40,0.0,False,PARTIAL_ALPHA_MATERIAL_EDGE,True
#14700,12,80,62,"123,123,123,85",85,50.50767135620117,False,PARTIAL_ALPHA_MATERIAL_EDGE,True
#14700,12,65,63,"80,80,80,41",41,20.456056594848633,False,PARTIAL_ALPHA_MATERIAL_EDGE,True
#14700,12,69,63,"56,56,56,68",68,10.084290504455566,False,PARTIAL_ALPHA_MATERIAL_EDGE,True
#14700,12,80,63,"123,123,123,85",85,50.50767135620117,False,PARTIAL_ALPHA_MATERIAL_EDGE,True
#14700,12,66,64,"113,113,113,72",72,42.10871887207031,False,PARTIAL_ALPHA_MATERIAL_EDGE,True
#14700,12,80,64,"121,121,121,86",86,48.75642776489258,False,PARTIAL_ALPHA_MATERIAL_EDGE,True
#14700,12,67,65,"73,73,73,45",45,16.9896183013916,False,PARTIAL_ALPHA_MATERIAL_EDGE,True
#14700,12,80,65,"123,123,123,85",85,50.50767135620117,False,PARTIAL_ALPHA_MATERIAL_EDGE,True
#14700,12,69,66,"60,55,55,55",55,10.12061882019043,False,PARTIAL_ALPHA_MATERIAL_EDGE,True
#14700,12,70,66,"102,102,102,92",92,33.88142395019531,False,PARTIAL_ALPHA_MATERIAL_EDGE,True
#14700,12,71,66,"93,93,93,95",95,27.91274070739746,False,PARTIAL_ALPHA_MATERIAL_EDGE,True
#14700,12,72,66,"96,96,96,95",95,29.827524185180664,False,PARTIAL_ALPHA_MATERIAL_EDGE,True
#14700,12,73,66,"96,96,96,95",95,29.827524185180664,False,PARTIAL_ALPHA_MATERIAL_EDGE,True
#14700,12,74,66,"96,96,96,95",95,29.827524185180664,False,PARTIAL_ALPHA_MATERIAL_EDGE,True
#14700,12,75,66,"98,98,98,96",96,31.14539337158203,False,PARTIAL_ALPHA_MATERIAL_EDGE,True
#14700,12,76,66,"100,100,100,96",96,32.496612548828125,False,PARTIAL_ALPHA_MATERIAL_EDGE,True
#14700,12,77,66,"103,103,103,103",103,34.58650207519531,False,PARTIAL_ALPHA_MATERIAL_EDGE,True
#14700,12,80,66,"124,124,124,86",86,51.39683532714844,False,PARTIAL_ALPHA_MATERIAL_EDGE,True
#14700,12,80,67,"122,122,122,81",81,49.627540588378906,False,PARTIAL_ALPHA_MATERIAL_EDGE,True
#14700,12,77,68,"121,121,121,99",99,48.75642776489258,False,PARTIAL_ALPHA_MATERIAL_EDGE,True
#14700,12,80,68,"100,100,100,33",33,32.496612548828125,False,PARTIAL_ALPHA_MATERIAL_EDGE,True
#14700,12,76,69,"92,92,92,58",58,27.2908935546875,False,PARTIAL_ALPHA_MATERIAL_EDGE,True
#14700,12,68,70,"96,96,96,53",53,29.827524185180664,False,PARTIAL_ALPHA_MATERIAL_EDGE,True
#14700,12,79,70,"99,94,94,46",46,29.238834381103516,False,PARTIAL_ALPHA_MATERIAL_EDGE,True
#14700,12,78,71,"91,91,91,61",61,26.67720603942871,False,PARTIAL_ALPHA_MATERIAL_EDGE,True
#14700,13,158,57,"103,103,103,69",69,34.58650207519531,False,PARTIAL_ALPHA_MATERIAL_EDGE,True
#14700,13,176,57,"113,113,113,72",72,42.10871887207031,False,PARTIAL_ALPHA_MATERIAL_EDGE,True
#14700,13,178,57,"91,91,91,50",50,26.67720603942871,False,PARTIAL_ALPHA_MATERIAL_EDGE,True
#14700,13,189,57,"129,129,129,71",71,55.979190826416016,False,PARTIAL_ALPHA_MATERIAL_EDGE,True
#14700,13,191,57,"90,90,90,48",48,26.071645736694336,False,PARTIAL_ALPHA_MATERIAL_EDGE,True
#14700,13,194,57,"134,134,134,93",93,60.791404724121094,False,PARTIAL_ALPHA_MATERIAL_EDGE,True
#14700,13,140,58,"132,132,132,50",50,58.83871841430664,False,PARTIAL_ALPHA_MATERIAL_EDGE,True
#14700,13,156,58,"41,41,41,37",37,5.654340744018555,False,PARTIAL_ALPHA_MATERIAL_EDGE,True
#14700,13,174,58,"92,88,88,69",69,25.396316528320312,False,PARTIAL_ALPHA_MATERIAL_EDGE,True
#14700,13,193,58,"62,55,55,41",41,10.282478332519531,False,PARTIAL_ALPHA_MATERIAL_EDGE,True
#14700,13,209,58,"129,125,125,65",65,53.07831573486328,False,PARTIAL_ALPHA_MATERIAL_EDGE,True
#14700,13,156,59,"54,48,48,42",42,7.934515476226807,False,PARTIAL_ALPHA_MATERIAL_EDGE,True
#14700,13,174,59,"69,69,69,55",55,15.175366401672363,False,PARTIAL_ALPHA_MATERIAL_EDGE,True
#14700,13,209,59,"134,131,131,70",70,58.496055603027344,False,PARTIAL_ALPHA_MATERIAL_EDGE,True
#14700,13,140,60,"121,121,121,46",46,48.75642776489258,False,PARTIAL_ALPHA_MATERIAL_EDGE,True
#14700,13,143,60,"45,45,45,62",62,6.691511154174805,False,PARTIAL_ALPHA_MATERIAL_EDGE,True
#14700,13,153,60,"39,39,39,58",58,5.173583984375,False,PARTIAL_ALPHA_MATERIAL_EDGE,True
#14700,13,156,60,"52,46,46,44",44,7.347344398498535,False,PARTIAL_ALPHA_MATERIAL_EDGE,True
#14700,13,164,60,"54,54,54,42",42,9.406807899475098,False,PARTIAL_ALPHA_MATERIAL_EDGE,True
#14700,13,196,60,"43,43,43,58",58,6.160195827484131,False,PARTIAL_ALPHA_MATERIAL_EDGE,True
#14700,13,206,60,"71,71,71,32",32,16.06756019592285,False,PARTIAL_ALPHA_MATERIAL_EDGE,True
#14700,13,209,60,"125,121,121,67",67,49.50874328613281,False,PARTIAL_ALPHA_MATERIAL_EDGE,True
#14700,13,140,61,"127,127,127,46",46,54.11883544921875,False,PARTIAL_ALPHA_MATERIAL_EDGE,True
#14700,13,143,61,"0,0,0,41",41,0.0,False,PARTIAL_ALPHA_MATERIAL_EDGE,True
#14700,13,153,61,"91,91,91,81",81,26.67720603942871,False,PARTIAL_ALPHA_MATERIAL_EDGE,True
#14700,13,196,61,"115,115,115,97",97,43.71747970581055,False,PARTIAL_ALPHA_MATERIAL_EDGE,True
#14700,13,209,61,"125,121,121,67",67,49.50874328613281,False,PARTIAL_ALPHA_MATERIAL_EDGE,True
#14700,13,140,62,"127,127,127,46",46,54.11883544921875,False,PARTIAL_ALPHA_MATERIAL_EDGE,True
#14700,13,143,62,"26,26,26,49",49,2.6341049671173096,False,PARTIAL_ALPHA_MATERIAL_EDGE,True
#14700,13,206,62,"15,15,15,33",33,1.218122959136963,False,PARTIAL_ALPHA_MATERIAL_EDGE,True
#14700,13,209,62,"125,121,121,67",67,49.50874328613281,False,PARTIAL_ALPHA_MATERIAL_EDGE,True
#14700,13,140,63,"127,127,127,46",46,54.11883544921875,False,PARTIAL_ALPHA_MATERIAL_EDGE,True
#14700,13,143,63,"0,0,0,41",41,0.0,False,PARTIAL_ALPHA_MATERIAL_EDGE,True
#14700,13,151,63,"43,43,43,53",53,6.160195827484131,False,PARTIAL_ALPHA_MATERIAL_EDGE,True
#14700,13,155,63,"89,85,85,60",60,23.655649185180664,False,PARTIAL_ALPHA_MATERIAL_EDGE,True
#14700,13,194,63,"85,85,85,39",39,23.164640426635742,False,PARTIAL_ALPHA_MATERIAL_EDGE,True
#14700,13,198,63,"30,30,30,51",51,3.3106729984283447,False,PARTIAL_ALPHA_MATERIAL_EDGE,True
#14700,13,209,63,"125,121,121,67",67,49.50874328613281,False,PARTIAL_ALPHA_MATERIAL_EDGE,True
#14700,13,154,64,"137,137,137,113",113,63.790382385253906,False,PARTIAL_ALPHA_MATERIAL_EDGE,True
#14700,13,195,64,"120,120,120,89",89,47.89429473876953,False,PARTIAL_ALPHA_MATERIAL_EDGE,True
#14700,13,209,64,"131,127,127,68",68,54.91767501831055,False,PARTIAL_ALPHA_MATERIAL_EDGE,True
#14700,13,153,65,"101,101,101,83",83,33.18480682373047,False,PARTIAL_ALPHA_MATERIAL_EDGE,True
#14700,13,209,65,"129,129,129,69",69,55.979190826416016,False,PARTIAL_ALPHA_MATERIAL_EDGE,True
#14700,13,143,66,"117,117,117,119",119,45.36154556274414,False,PARTIAL_ALPHA_MATERIAL_EDGE,True
#14700,13,144,66,"95,95,95,93",93,29.18102264404297,False,PARTIAL_ALPHA_MATERIAL_EDGE,True
#14700,13,145,66,"100,100,100,96",96,32.496612548828125,False,PARTIAL_ALPHA_MATERIAL_EDGE,True
#14700,13,146,66,"96,96,96,95",95,29.827524185180664,False,PARTIAL_ALPHA_MATERIAL_EDGE,True
#14700,13,147,66,"96,96,96,95",95,29.827524185180664,False,PARTIAL_ALPHA_MATERIAL_EDGE,True
#14700,13,148,66,"96,96,96,95",95,29.827524185180664,False,PARTIAL_ALPHA_MATERIAL_EDGE,True
#14700,13,149,66,"93,93,93,95",95,27.91274070739746,False,PARTIAL_ALPHA_MATERIAL_EDGE,True
#14700,13,150,66,"103,103,103,91",91,34.58650207519531,False,PARTIAL_ALPHA_MATERIAL_EDGE,True
#14700,13,151,66,"55,55,55,51",51,9.74211311340332,False,PARTIAL_ALPHA_MATERIAL_EDGE,True
#14700,13,199,66,"102,102,102,95",95,33.88142395019531,False,PARTIAL_ALPHA_MATERIAL_EDGE,True
#14700,13,200,66,"98,98,98,96",96,31.14539337158203,False,PARTIAL_ALPHA_MATERIAL_EDGE,True
#14700,13,201,66,"96,96,96,95",95,29.827524185180664,False,PARTIAL_ALPHA_MATERIAL_EDGE,True
#14700,13,202,66,"96,96,96,95",95,29.827524185180664,False,PARTIAL_ALPHA_MATERIAL_EDGE,True
#14700,13,203,66,"96,96,96,95",95,29.827524185180664,False,PARTIAL_ALPHA_MATERIAL_EDGE,True
#14700,13,204,66,"98,98,98,96",96,31.14539337158203,False,PARTIAL_ALPHA_MATERIAL_EDGE,True
#14700,13,205,66,"100,100,100,96",96,32.496612548828125,False,PARTIAL_ALPHA_MATERIAL_EDGE,True
#14700,13,206,66,"96,96,96,100",100,29.827524185180664,False,PARTIAL_ALPHA_MATERIAL_EDGE,True
#14700,13,209,66,"127,123,123,68",68,51.27540588378906,False,PARTIAL_ALPHA_MATERIAL_EDGE,True
#14700,13,140,67,"121,121,121,46",46,48.75642776489258,False,PARTIAL_ALPHA_MATERIAL_EDGE,True
#14700,13,194,67,"129,129,129,110",110,55.979190826416016,False,PARTIAL_ALPHA_MATERIAL_EDGE,True
#14700,13,197,67,"124,124,124,100",100,51.39683532714844,False,PARTIAL_ALPHA_MATERIAL_EDGE,True
#14700,13,209,67,"125,121,121,67",67,49.50874328613281,False,PARTIAL_ALPHA_MATERIAL_EDGE,True
#14700,13,143,68,"20,20,20,49",49,1.7838295698165894,False,PARTIAL_ALPHA_MATERIAL_EDGE,True
#14700,13,206,68,"0,0,0,32",32,0.0,False,PARTIAL_ALPHA_MATERIAL_EDGE,True
#14700,13,209,68,"125,121,121,67",67,49.50874328613281,False,PARTIAL_ALPHA_MATERIAL_EDGE,True
#14700,13,140,69,"127,127,127,46",46,54.11883544921875,False,PARTIAL_ALPHA_MATERIAL_EDGE,True
#14700,13,143,69,"16,16,16,47",47,1.321286916732788,False,PARTIAL_ALPHA_MATERIAL_EDGE,True
#14700,13,176,69,"88,83,83,46",46,22.65867042541504,False,PARTIAL_ALPHA_MATERIAL_EDGE,True
#14700,13,196,69,"82,82,82,77",77,21.515933990478516,False,PARTIAL_ALPHA_MATERIAL_EDGE,True
#14700,13,209,69,"125,121,121,67",67,49.50874328613281,False,PARTIAL_ALPHA_MATERIAL_EDGE,True
#14700,13,140,70,"127,127,127,46",46,54.11883544921875,False,PARTIAL_ALPHA_MATERIAL_EDGE,True
#14700,13,143,70,"15,15,15,48",48,1.218122959136963,False,PARTIAL_ALPHA_MATERIAL_EDGE,True
#14700,13,177,70,"131,131,131,101",101,57.87630081176758,False,PARTIAL_ALPHA_MATERIAL_EDGE,True
#14700,13,196,70,"66,66,66,65",65,13.892473220825195,False,PARTIAL_ALPHA_MATERIAL_EDGE,True
#14700,13,209,70,"127,123,123,66",66,51.27540588378906,False,PARTIAL_ALPHA_MATERIAL_EDGE,True
#14700,13,140,71,"127,127,127,48",48,54.11883544921875,False,PARTIAL_ALPHA_MATERIAL_EDGE,True
#14700,13,143,71,"11,11,11,44",44,0.853366494178772,False,PARTIAL_ALPHA_MATERIAL_EDGE,True
#14700,13,196,71,"69,69,69,70",70,15.175366401672363,False,PARTIAL_ALPHA_MATERIAL_EDGE,True
#14700,13,209,71,"123,120,120,70",70,48.44989776611328,False,PARTIAL_ALPHA_MATERIAL_EDGE,True
#14700,13,140,72,"105,105,105,34",34,36.02214431762695,False,PARTIAL_ALPHA_MATERIAL_EDGE,True
#14700,13,167,72,"129,125,125,63",63,53.07831573486328,False,PARTIAL_ALPHA_MATERIAL_EDGE,True
#14700,13,179,72,"40,40,40,50",50,5.4108476638793945,False,PARTIAL_ALPHA_MATERIAL_EDGE,True
#14700,13,191,72,"137,137,137,100",100,63.790382385253906,False,PARTIAL_ALPHA_MATERIAL_EDGE,True
#14700,13,196,72,"61,61,61,54",54,11.89959716796875,False,PARTIAL_ALPHA_MATERIAL_EDGE,True
#14700,13,209,72,"106,100,100,48",48,33.40147018432617,False,PARTIAL_ALPHA_MATERIAL_EDGE,True
#3032,3,48,29,"91,91,91,50",50,26.67720603942871,False,PARTIAL_ALPHA_MATERIAL_EDGE,True
#3032,3,49,29,"130,130,133,86",86,57.131595611572266,False,PARTIAL_ALPHA_MATERIAL_EDGE,True
#3032,3,50,29,"122,122,125,81",81,49.82013702392578,False,PARTIAL_ALPHA_MATERIAL_EDGE,True
#3032,3,51,29,"127,127,130,84",84,54.32130813598633,False,PARTIAL_ALPHA_MATERIAL_EDGE,True
#3032,3,52,29,"129,129,132,83",83,56.185646057128906,False,PARTIAL_ALPHA_MATERIAL_EDGE,True
#3032,3,53,29,"129,129,132,83",83,56.185646057128906,False,PARTIAL_ALPHA_MATERIAL_EDGE,True
#3032,3,54,29,"129,129,132,83",83,56.185646057128906,False,PARTIAL_ALPHA_MATERIAL_EDGE,True
#3032,3,55,29,"129,129,132,83",83,56.185646057128906,False,PARTIAL_ALPHA_MATERIAL_EDGE,True
#3032,3,56,29,"129,129,132,83",83,56.185646057128906,False,PARTIAL_ALPHA_MATERIAL_EDGE,True
#3032,3,57,29,"129,129,132,83",83,56.185646057128906,False,PARTIAL_ALPHA_MATERIAL_EDGE,True
#3032,3,58,29,"129,129,132,83",83,56.185646057128906,False,PARTIAL_ALPHA_MATERIAL_EDGE,True
#3032,3,59,29,"129,129,132,83",83,56.185646057128906,False,PARTIAL_ALPHA_MATERIAL_EDGE,True
#3032,3,60,29,"129,129,132,83",83,56.185646057128906,False,PARTIAL_ALPHA_MATERIAL_EDGE,True
#3032,3,61,29,"129,129,132,83",83,56.185646057128906,False,PARTIAL_ALPHA_MATERIAL_EDGE,True
#3032,3,62,29,"129,129,132,83",83,56.185646057128906,False,PARTIAL_ALPHA_MATERIAL_EDGE,True
#3032,3,63,29,"129,129,132,83",83,56.185646057128906,False,PARTIAL_ALPHA_MATERIAL_EDGE,True
#3032,3,64,29,"129,129,132,83",83,56.185646057128906,False,PARTIAL_ALPHA_MATERIAL_EDGE,True
#3032,3,65,29,"129,129,132,83",83,56.185646057128906,False,PARTIAL_ALPHA_MATERIAL_EDGE,True
#3032,3,66,29,"129,129,132,83",83,56.185646057128906,False,PARTIAL_ALPHA_MATERIAL_EDGE,True
#3032,3,67,29,"129,129,132,83",83,56.185646057128906,False,PARTIAL_ALPHA_MATERIAL_EDGE,True
#3032,3,68,29,"129,129,132,83",83,56.185646057128906,False,PARTIAL_ALPHA_MATERIAL_EDGE,True
#3032,3,69,29,"129,129,132,83",83,56.185646057128906,False,PARTIAL_ALPHA_MATERIAL_EDGE,True
#3032,3,70,29,"129,129,132,83",83,56.185646057128906,False,PARTIAL_ALPHA_MATERIAL_EDGE,True
#3032,3,71,29,"129,129,132,83",83,56.185646057128906,False,PARTIAL_ALPHA_MATERIAL_EDGE,True
#3032,3,72,29,"129,129,132,83",83,56.185646057128906,False,PARTIAL_ALPHA_MATERIAL_EDGE,True
#3032,3,73,29,"129,129,132,83",83,56.185646057128906,False,PARTIAL_ALPHA_MATERIAL_EDGE,True
#3032,3,74,29,"129,129,132,83",83,56.185646057128906,False,PARTIAL_ALPHA_MATERIAL_EDGE,True
#3032,3,75,29,"129,129,132,83",83,56.185646057128906,False,PARTIAL_ALPHA_MATERIAL_EDGE,True
#3032,3,76,29,"129,129,132,83",83,56.185646057128906,False,PARTIAL_ALPHA_MATERIAL_EDGE,True
#3032,3,77,29,"129,129,132,83",83,56.185646057128906,False,PARTIAL_ALPHA_MATERIAL_EDGE,True
#3032,3,78,29,"129,129,132,83",83,56.185646057128906,False,PARTIAL_ALPHA_MATERIAL_EDGE,True
#3032,3,79,29,"129,129,132,83",83,56.185646057128906,False,PARTIAL_ALPHA_MATERIAL_EDGE,True
#3032,3,80,29,"129,129,132,83",83,56.185646057128906,False,PARTIAL_ALPHA_MATERIAL_EDGE,True
#3032,3,81,29,"129,129,132,83",83,56.185646057128906,False,PARTIAL_ALPHA_MATERIAL_EDGE,True
#3032,3,82,29,"129,129,132,83",83,56.185646057128906,False,PARTIAL_ALPHA_MATERIAL_EDGE,True
#3032,3,83,29,"129,129,132,83",83,56.185646057128906,False,PARTIAL_ALPHA_MATERIAL_EDGE,True
#3032,3,84,29,"129,129,132,83",83,56.185646057128906,False,PARTIAL_ALPHA_MATERIAL_EDGE,True
#3032,3,85,29,"129,129,132,83",83,56.185646057128906,False,PARTIAL_ALPHA_MATERIAL_EDGE,True
#3032,3,86,29,"129,129,132,83",83,56.185646057128906,False,PARTIAL_ALPHA_MATERIAL_EDGE,True
#3032,3,87,29,"129,129,132,83",83,56.185646057128906,False,PARTIAL_ALPHA_MATERIAL_EDGE,True
#3032,3,88,29,"129,129,132,83",83,56.185646057128906,False,PARTIAL_ALPHA_MATERIAL_EDGE,True
#3032,3,89,29,"132,132,135,83",83,59.05119705200195,False,PARTIAL_ALPHA_MATERIAL_EDGE,True
#3032,3,90,29,"113,113,118,88",88,42.40388107299805,False,PARTIAL_ALPHA_MATERIAL_EDGE,True
#3032,3,91,29,"85,85,85,36",36,23.164640426635742,False,PARTIAL_ALPHA_MATERIAL_EDGE,True
#3032,3,91,37,"116,116,116,70",70,44.53508758544922,False,PARTIAL_ALPHA_MATERIAL_EDGE,True
#3032,3,89,40,"112,112,112,43",43,41.31749725341797,False,PARTIAL_ALPHA_MATERIAL_EDGE,True
#3032,3,88,41,"107,107,107,71",71,37.4919548034668,False,PARTIAL_ALPHA_MATERIAL_EDGE,True
#3032,3,70,42,"117,117,117,78",78,45.36154556274414,False,PARTIAL_ALPHA_MATERIAL_EDGE,True
#3032,3,85,45,"23,23,29,43",43,2.253330707550049,False,PARTIAL_ALPHA_MATERIAL_EDGE,True
#3032,3,84,46,"61,61,65,66",66,12.013663291931152,False,PARTIAL_ALPHA_MATERIAL_EDGE,True
#3032,3,83,47,"132,132,132,112",112,58.83871841430664,False,PARTIAL_ALPHA_MATERIAL_EDGE,True
#3032,3,64,49,"102,102,102,55",55,33.88142395019531,False,PARTIAL_ALPHA_MATERIAL_EDGE,True
#3032,3,80,51,"47,47,53,43",43,7.380743503570557,False,PARTIAL_ALPHA_MATERIAL_EDGE,True
#3032,3,79,52,"119,119,119,77",77,47.04111862182617,False,PARTIAL_ALPHA_MATERIAL_EDGE,True
#3032,3,79,53,"31,31,31,32",32,3.494030714035034,False,PARTIAL_ALPHA_MATERIAL_EDGE,True
#3032,3,60,54,"136,136,136,95",95,62.78135681152344,False,PARTIAL_ALPHA_MATERIAL_EDGE,True
#3032,3,59,55,"122,122,122,56",56,49.627540588378906,False,PARTIAL_ALPHA_MATERIAL_EDGE,True
#3032,3,58,56,"96,96,96,45",45,29.827524185180664,False,PARTIAL_ALPHA_MATERIAL_EDGE,True
#3032,3,84,56,"99,99,99,59",59,31.816818237304688,False,PARTIAL_ALPHA_MATERIAL_EDGE,True
#3032,3,58,57,"131,131,131,109",109,57.87630081176758,False,PARTIAL_ALPHA_MATERIAL_EDGE,True
#3032,3,58,58,"123,123,123,91",91,50.50767135620117,False,PARTIAL_ALPHA_MATERIAL_EDGE,True
#3032,3,58,59,"126,126,126,99",99,53.202396392822266,False,PARTIAL_ALPHA_MATERIAL_EDGE,True
#3032,3,58,63,"109,109,109,91",91,38.99616622924805,False,PARTIAL_ALPHA_MATERIAL_EDGE,True
#3032,3,58,64,"133,133,133,103",103,59.81041717529297,False,PARTIAL_ALPHA_MATERIAL_EDGE,True
#3032,3,61,64,"134,134,134,123",123,60.791404724121094,False,PARTIAL_ALPHA_MATERIAL_EDGE,True
#3032,3,62,64,"93,93,96,71",71,28.050987243652344,False,PARTIAL_ALPHA_MATERIAL_EDGE,True
#3032,3,63,64,"89,89,89,37",37,25.474180221557617,False,PARTIAL_ALPHA_MATERIAL_EDGE,True
#3032,3,70,64,"103,103,103,32",32,34.58650207519531,False,PARTIAL_ALPHA_MATERIAL_EDGE,True
#3032,3,71,64,"108,108,108,89",89,38.23974609375,False,PARTIAL_ALPHA_MATERIAL_EDGE,True
#3032,3,58,65,"93,93,97,60",60,28.098262786865234,False,PARTIAL_ALPHA_MATERIAL_EDGE,True
#3032,3,59,65,"97,97,99,97",97,30.57865333557129,False,PARTIAL_ALPHA_MATERIAL_EDGE,True
#3032,3,92,65,"118,118,118,56",56,46.19688034057617,False,PARTIAL_ALPHA_MATERIAL_EDGE,True
#3032,3,75,66,"42,42,42,54",54,5.904108047485352,False,PARTIAL_ALPHA_MATERIAL_EDGE,True
#3032,3,76,67,"0,0,0,34",34,0.0,False,PARTIAL_ALPHA_MATERIAL_EDGE,True
#3032,3,93,67,"78,78,78,42",42,19.427274703979492,False,PARTIAL_ALPHA_MATERIAL_EDGE,True
#3032,3,77,68,"0,0,0,35",35,0.0,False,PARTIAL_ALPHA_MATERIAL_EDGE,True
#3032,3,78,69,"33,33,33,53",53,3.87817120552063,False,PARTIAL_ALPHA_MATERIAL_EDGE,True
#3032,3,94,70,"87,87,87,38",38,24.303407669067383,False,PARTIAL_ALPHA_MATERIAL_EDGE,True
#3032,3,79,71,"32,32,39,39",39,3.7907872200012207,False,PARTIAL_ALPHA_MATERIAL_EDGE,True
#3032,3,80,73,"100,100,103,89",89,32.64750289916992,False,PARTIAL_ALPHA_MATERIAL_EDGE,True
#3032,3,80,78,"14,14,21,35",35,1.1770315170288086,False,PARTIAL_ALPHA_MATERIAL_EDGE,True
#3032,3,80,79,"87,87,87,82",82,24.303407669067383,False,PARTIAL_ALPHA_MATERIAL_EDGE,True
#3032,3,54,82,"50,50,53,71",71,8.201705932617188,False,PARTIAL_ALPHA_MATERIAL_EDGE,True
#3032,3,79,82,"115,115,115,95",95,43.71747970581055,False,PARTIAL_ALPHA_MATERIAL_EDGE,True
#3032,3,94,83,"55,55,55,32",32,9.74211311340332,False,PARTIAL_ALPHA_MATERIAL_EDGE,True
#3032,3,50,85,"82,82,82,34",34,21.515933990478516,False,PARTIAL_ALPHA_MATERIAL_EDGE,True
#3032,3,49,86,"120,120,120,68",68,47.89429473876953,False,PARTIAL_ALPHA_MATERIAL_EDGE,True
#3032,3,93,86,"61,61,61,33",33,11.89959716796875,False,PARTIAL_ALPHA_MATERIAL_EDGE,True
#3032,3,60,87,"133,133,136,101",101,60.02491760253906,False,PARTIAL_ALPHA_MATERIAL_EDGE,True
#3032,3,74,87,"105,105,105,65",65,36.02214431762695,False,PARTIAL_ALPHA_MATERIAL_EDGE,True
#3032,3,71,88,"123,123,123,33",33,50.50767135620117,False,PARTIAL_ALPHA_MATERIAL_EDGE,True
#3032,3,72,88,"130,130,130,82",82,56.923133850097656,False,PARTIAL_ALPHA_MATERIAL_EDGE,True
#3032,3,92,88,"52,52,52,34",34,8.756650924682617,False,PARTIAL_ALPHA_MATERIAL_EDGE,True
#3032,3,90,91,"132,132,132,50",50,58.83871841430664,False,PARTIAL_ALPHA_MATERIAL_EDGE,True
#3032,3,48,94,"124,124,124,76",76,51.39683532714844,False,PARTIAL_ALPHA_MATERIAL_EDGE,True
#3032,3,49,95,"102,102,102,52",52,33.88142395019531,False,PARTIAL_ALPHA_MATERIAL_EDGE,True
#3032,3,52,97,"135,135,135,64",64,61.781700134277344,False,PARTIAL_ALPHA_MATERIAL_EDGE,True
#3032,3,84,97,"71,71,71,32",32,16.06756019592285,False,PARTIAL_ALPHA_MATERIAL_EDGE,True
#3032,3,80,99,"135,135,135,68",68,61.781700134277344,False,PARTIAL_ALPHA_MATERIAL_EDGE,True
#3032,3,58,100,"111,111,111,41",41,40.53501892089844,False,PARTIAL_ALPHA_MATERIAL_EDGE,True
#3032,3,77,100,"131,131,133,103",103,58.01594543457031,False,PARTIAL_ALPHA_MATERIAL_EDGE,True
#3032,3,78,100,"127,127,127,34",34,54.11883544921875,False,PARTIAL_ALPHA_MATERIAL_EDGE,True
#3032,3,62,101,"127,127,127,48",48,54.11883544921875,False,PARTIAL_ALPHA_MATERIAL_EDGE,True
#3032,3,63,101,"121,121,124,82",82,48.94706344604492,False,PARTIAL_ALPHA_MATERIAL_EDGE,True
#3032,3,64,101,"135,135,138,109",109,62.00025939941406,False,PARTIAL_ALPHA_MATERIAL_EDGE,True
#3032,3,73,101,"119,119,124,96",96,47.3556022644043,False,PARTIAL_ALPHA_MATERIAL_EDGE,True
#3032,3,74,101,"130,130,130,47",47,56.923133850097656,False,PARTIAL_ALPHA_MATERIAL_EDGE,True
#3032,5,114,72,"131,131,131,58",58,57.87630081176758,False,PARTIAL_ALPHA_MATERIAL_EDGE,True
#3032,5,116,72,"127,127,127,44",44,54.11883544921875,False,PARTIAL_ALPHA_MATERIAL_EDGE,True
#3032,5,119,73,"59,59,59,43",43,11.152432441711426,False,PARTIAL_ALPHA_MATERIAL_EDGE,True
#3032,5,119,74,"78,78,78,62",62,19.427274703979492,False,PARTIAL_ALPHA_MATERIAL_EDGE,True
#3032,5,107,75,"130,130,130,47",47,56.923133850097656,False,PARTIAL_ALPHA_MATERIAL_EDGE,True
#3032,5,119,75,"70,70,79,58",58,15.929655075073242,False,PARTIAL_ALPHA_MATERIAL_EDGE,True
#3032,5,111,76,"102,102,102,62",62,33.88142395019531,False,PARTIAL_ALPHA_MATERIAL_EDGE,True
#3032,5,119,76,"73,73,77,59",59,17.129314422607422,False,PARTIAL_ALPHA_MATERIAL_EDGE,True
#3032,5,119,77,"73,73,77,59",59,17.129314422607422,False,PARTIAL_ALPHA_MATERIAL_EDGE,True
#3032,5,115,78,"27,27,27,37",37,2.7948238849639893,False,PARTIAL_ALPHA_MATERIAL_EDGE,True
#3032,5,119,78,"73,73,77,59",59,17.129314422607422,False,PARTIAL_ALPHA_MATERIAL_EDGE,True
#3032,5,115,79,"0,0,0,32",32,0.0,False,PARTIAL_ALPHA_MATERIAL_EDGE,True
#3032,5,119,79,"73,73,77,59",59,17.129314422607422,False,PARTIAL_ALPHA_MATERIAL_EDGE,True
#3032,5,115,80,"77,77,77,76",76,18.924461364746094,False,PARTIAL_ALPHA_MATERIAL_EDGE,True
#3032,5,119,80,"73,73,77,59",59,17.129314422607422,False,PARTIAL_ALPHA_MATERIAL_EDGE,True
#3032,5,112,81,"66,66,66,73",73,13.892473220825195,False,PARTIAL_ALPHA_MATERIAL_EDGE,True
#3032,5,113,81,"60,60,60,68",68,11.522482872009277,False,PARTIAL_ALPHA_MATERIAL_EDGE,True
#3032,5,119,81,"69,69,73,59",59,15.306354522705078,False,PARTIAL_ALPHA_MATERIAL_EDGE,True
#3032,5,119,82,"69,69,73,59",59,15.306354522705078,False,PARTIAL_ALPHA_MATERIAL_EDGE,True
#3032,5,119,83,"72,72,76,60",60,16.66234016418457,False,PARTIAL_ALPHA_MATERIAL_EDGE,True
#3032,5,110,84,"70,70,74,58",58,15.750897407531738,False,PARTIAL_ALPHA_MATERIAL_EDGE,True
#3032,5,114,84,"120,120,120,108",108,47.89429473876953,False,PARTIAL_ALPHA_MATERIAL_EDGE,True
#3032,5,115,84,"46,46,46,33",33,6.966827869415283,False,PARTIAL_ALPHA_MATERIAL_EDGE,True
#3032,5,116,84,"100,100,104,76",76,32.69902420043945,False,PARTIAL_ALPHA_MATERIAL_EDGE,True
#3032,5,117,84,"121,121,121,111",111,48.75642776489258,False,PARTIAL_ALPHA_MATERIAL_EDGE,True
#3032,5,118,84,"124,124,124,111",111,51.39683532714844,False,PARTIAL_ALPHA_MATERIAL_EDGE,True
#3032,10,122,72,"135,135,135,51",51,61.781700134277344,False,PARTIAL_ALPHA_MATERIAL_EDGE,True
#3032,10,132,72,"134,134,134,57",57,60.791404724121094,False,PARTIAL_ALPHA_MATERIAL_EDGE,True
#3032,10,144,72,"109,109,109,42",42,38.99616622924805,False,PARTIAL_ALPHA_MATERIAL_EDGE,True
#3032,10,151,72,"61,61,61,33",33,11.89959716796875,False,PARTIAL_ALPHA_MATERIAL_EDGE,True
#3032,10,125,73,"45,45,45,56",56,6.691511154174805,False,PARTIAL_ALPHA_MATERIAL_EDGE,True
#3032,10,138,73,"79,79,79,61",61,19.937793731689453,False,PARTIAL_ALPHA_MATERIAL_EDGE,True
#3032,10,143,73,"111,111,111,41",41,40.53501892089844,False,PARTIAL_ALPHA_MATERIAL_EDGE,True
#3032,10,147,73,"125,125,125,77",77,52.295074462890625,False,PARTIAL_ALPHA_MATERIAL_EDGE,True
#3032,10,125,74,"49,49,49,57",57,7.831927299499512,False,PARTIAL_ALPHA_MATERIAL_EDGE,True
#3032,10,125,75,"49,49,49,57",57,7.831927299499512,False,PARTIAL_ALPHA_MATERIAL_EDGE,True
#3032,10,133,75,"129,129,129,63",63,55.979190826416016,False,PARTIAL_ALPHA_MATERIAL_EDGE,True
#3032,10,135,75,"18,18,18,41",41,1.542452335357666,False,PARTIAL_ALPHA_MATERIAL_EDGE,True
#3032,10,139,75,"40,40,40,50",50,5.4108476638793945,False,PARTIAL_ALPHA_MATERIAL_EDGE,True
#3032,10,148,75,"108,108,108,54",54,38.23974609375,False,PARTIAL_ALPHA_MATERIAL_EDGE,True
#3032,10,125,76,"49,49,49,57",57,7.831927299499512,False,PARTIAL_ALPHA_MATERIAL_EDGE,True
#3032,10,133,76,"135,135,135,64",64,61.781700134277344,False,PARTIAL_ALPHA_MATERIAL_EDGE,True
#3032,10,155,76,"0,0,0,67",67,0.0,False,PARTIAL_ALPHA_MATERIAL_EDGE,True
#3032,10,125,77,"49,49,49,57",57,7.831927299499512,False,PARTIAL_ALPHA_MATERIAL_EDGE,True
#3032,10,133,77,"135,135,135,64",64,61.781700134277344,False,PARTIAL_ALPHA_MATERIAL_EDGE,True
#3032,10,136,77,"76,76,76,53",53,18.429325103759766,False,PARTIAL_ALPHA_MATERIAL_EDGE,True
#3032,10,159,77,"32,32,41,55",55,3.82549786567688,False,PARTIAL_ALPHA_MATERIAL_EDGE,True
#3032,10,125,78,"57,57,57,58",58,10.433375358581543,False,PARTIAL_ALPHA_MATERIAL_EDGE,True
#3032,10,133,78,"135,135,135,64",64,61.781700134277344,False,PARTIAL_ALPHA_MATERIAL_EDGE,True
#3032,10,140,78,"119,119,124,113",113,47.3556022644043,False,PARTIAL_ALPHA_MATERIAL_EDGE,True
#3032,10,141,78,"120,120,125,53",53,48.212032318115234,False,PARTIAL_ALPHA_MATERIAL_EDGE,True
#3032,10,145,78,"39,39,31,32",32,5.0523200035095215,False,PARTIAL_ALPHA_MATERIAL_EDGE,True
#3032,10,159,78,"54,54,57,66",66,9.480925559997559,False,PARTIAL_ALPHA_MATERIAL_EDGE,True
#3032,10,125,79,"41,41,41,55",55,5.654340744018555,False,PARTIAL_ALPHA_MATERIAL_EDGE,True
#3032,10,133,79,"135,135,135,64",64,61.781700134277344,False,PARTIAL_ALPHA_MATERIAL_EDGE,True
#3032,10,137,79,"78,78,81,75",75,19.539531707763672,False,PARTIAL_ALPHA_MATERIAL_EDGE,True
#3032,10,159,79,"47,47,39,32",32,7.098820209503174,False,PARTIAL_ALPHA_MATERIAL_EDGE,True
#3032,10,125,80,"133,133,133,88",88,59.81041717529297,False,PARTIAL_ALPHA_MATERIAL_EDGE,True
#3032,10,129,80,"74,74,74,55",55,17.461936950683594,False,PARTIAL_ALPHA_MATERIAL_EDGE,True
#3032,10,133,80,"135,135,135,64",64,61.781700134277344,False,PARTIAL_ALPHA_MATERIAL_EDGE,True
#3032,10,144,80,"42,42,42,48",48,5.904108047485352,False,PARTIAL_ALPHA_MATERIAL_EDGE,True
#3032,10,151,80,"120,120,122,102",102,48.01943588256836,False,PARTIAL_ALPHA_MATERIAL_EDGE,True
#3032,10,126,81,"127,127,127,102",102,54.11883544921875,False,PARTIAL_ALPHA_MATERIAL_EDGE,True
#3032,10,127,81,"26,26,26,58",58,2.6341049671173096,False,PARTIAL_ALPHA_MATERIAL_EDGE,True
#3032,10,133,81,"135,135,135,64",64,61.781700134277344,False,PARTIAL_ALPHA_MATERIAL_EDGE,True
#3032,10,138,81,"102,102,102,80",80,33.88142395019531,False,PARTIAL_ALPHA_MATERIAL_EDGE,True
#3032,10,155,81,"0,0,0,34",34,0.0,False,PARTIAL_ALPHA_MATERIAL_EDGE,True
#3032,10,122,82,"136,136,136,41",41,62.78135681152344,False,PARTIAL_ALPHA_MATERIAL_EDGE,True
#3032,10,133,82,"135,135,135,64",64,61.781700134277344,False,PARTIAL_ALPHA_MATERIAL_EDGE,True
#3032,10,143,82,"30,30,30,50",50,3.3106729984283447,False,PARTIAL_ALPHA_MATERIAL_EDGE,True
#3032,10,123,83,"111,111,111,64",64,40.53501892089844,False,PARTIAL_ALPHA_MATERIAL_EDGE,True
#3032,10,139,83,"125,125,127,106",106,52.4267463684082,False,PARTIAL_ALPHA_MATERIAL_EDGE,True
#3032,10,158,83,"79,79,83,58",58,20.090845108032227,False,PARTIAL_ALPHA_MATERIAL_EDGE,True
#3032,10,125,84,"126,126,128,115",115,53.33538818359375,False,PARTIAL_ALPHA_MATERIAL_EDGE,True
#3032,10,128,84,"136,136,136,127",127,62.78135681152344,False,PARTIAL_ALPHA_MATERIAL_EDGE,True
#3032,10,129,84,"44,44,51,40",40,6.568425178527832,False,PARTIAL_ALPHA_MATERIAL_EDGE,True
#3032,10,130,84,"115,115,115,75",75,43.71747970581055,False,PARTIAL_ALPHA_MATERIAL_EDGE,True
#3032,10,131,84,"124,124,124,119",119,51.39683532714844,False,PARTIAL_ALPHA_MATERIAL_EDGE,True
#3032,10,132,84,"107,107,109,100",100,37.60055923461914,False,PARTIAL_ALPHA_MATERIAL_EDGE,True
#3032,10,140,84,"107,107,107,97",97,37.4919548034668,False,PARTIAL_ALPHA_MATERIAL_EDGE,True
#3032,10,141,84,"116,116,116,105",105,44.53508758544922,False,PARTIAL_ALPHA_MATERIAL_EDGE,True
#3032,10,142,84,"54,54,60,42",42,9.559558868408203,False,PARTIAL_ALPHA_MATERIAL_EDGE,True
#3032,10,151,84,"68,68,73,45",45,14.902780532836914,False,PARTIAL_ALPHA_MATERIAL_EDGE,True
#3032,10,152,84,"135,135,135,122",122,61.781700134277344,False,PARTIAL_ALPHA_MATERIAL_EDGE,True
#3032,10,156,84,"100,100,103,86",86,32.64750289916992,False,PARTIAL_ALPHA_MATERIAL_EDGE,True
#3032,12,164,72,"127,127,127,38",38,54.11883544921875,False,PARTIAL_ALPHA_MATERIAL_EDGE,True
#3032,12,173,72,"137,137,137,50",50,63.790382385253906,False,PARTIAL_ALPHA_MATERIAL_EDGE,True
#3032,12,177,72,"82,82,82,37",37,21.515933990478516,False,PARTIAL_ALPHA_MATERIAL_EDGE,True
#3032,12,181,72,"137,137,137,37",37,63.790382385253906,False,PARTIAL_ALPHA_MATERIAL_EDGE,True
#3032,12,187,72,"87,87,87,38",38,24.303407669067383,False,PARTIAL_ALPHA_MATERIAL_EDGE,True
#3032,12,161,73,"136,136,136,58",58,62.78135681152344,False,PARTIAL_ALPHA_MATERIAL_EDGE,True
#3032,12,184,73,"122,122,122,73",73,49.627540588378906,False,PARTIAL_ALPHA_MATERIAL_EDGE,True
#3032,12,194,73,"104,104,104,49",49,35.30006790161133,False,PARTIAL_ALPHA_MATERIAL_EDGE,True
#3032,12,200,73,"87,87,87,35",35,24.303407669067383,False,PARTIAL_ALPHA_MATERIAL_EDGE,True
#3032,12,184,74,"118,118,118,69",69,46.19688034057617,False,PARTIAL_ALPHA_MATERIAL_EDGE,True
#3032,12,195,74,"90,90,90,45",45,26.071645736694336,False,PARTIAL_ALPHA_MATERIAL_EDGE,True
#3032,12,199,74,"119,119,119,32",32,47.04111862182617,False,PARTIAL_ALPHA_MATERIAL_EDGE,True
#3032,12,184,75,"120,120,120,70",70,47.89429473876953,False,PARTIAL_ALPHA_MATERIAL_EDGE,True
#3032,12,177,76,"57,57,57,40",40,10.433375358581543,False,PARTIAL_ALPHA_MATERIAL_EDGE,True
#3032,12,184,76,"120,120,120,70",70,47.89429473876953,False,PARTIAL_ALPHA_MATERIAL_EDGE,True
#3032,12,192,76,"132,132,132,106",106,58.83871841430664,False,PARTIAL_ALPHA_MATERIAL_EDGE,True
#3032,12,196,76,"37,37,37,41",41,4.717555046081543,False,PARTIAL_ALPHA_MATERIAL_EDGE,True
#3032,12,198,76,"120,120,120,38",38,47.89429473876953,False,PARTIAL_ALPHA_MATERIAL_EDGE,True
#3032,12,202,76,"0,0,0,57",57,0.0,False,PARTIAL_ALPHA_MATERIAL_EDGE,True
#3032,12,165,77,"0,0,0,35",35,0.0,False,PARTIAL_ALPHA_MATERIAL_EDGE,True
#3032,12,169,77,"76,76,76,73",73,18.429325103759766,False,PARTIAL_ALPHA_MATERIAL_EDGE,True
#3032,12,178,77,"120,120,123,91",91,48.08298110961914,False,PARTIAL_ALPHA_MATERIAL_EDGE,True
#3032,12,184,77,"120,120,120,70",70,47.89429473876953,False,PARTIAL_ALPHA_MATERIAL_EDGE,True
#3032,12,196,77,"76,76,76,80",80,18.429325103759766,False,PARTIAL_ALPHA_MATERIAL_EDGE,True
#3032,12,165,78,"6,6,6,38",38,0.46439629793167114,False,PARTIAL_ALPHA_MATERIAL_EDGE,True
#3032,12,169,78,"137,137,137,100",100,63.790382385253906,False,PARTIAL_ALPHA_MATERIAL_EDGE,True
#3032,12,184,78,"120,120,120,70",70,47.89429473876953,False,PARTIAL_ALPHA_MATERIAL_EDGE,True
#3032,12,188,78,"111,111,111,32",32,40.53501892089844,False,PARTIAL_ALPHA_MATERIAL_EDGE,True
#3032,12,196,78,"94,94,94,84",84,28.542768478393555,False,PARTIAL_ALPHA_MATERIAL_EDGE,True
#3032,12,165,79,"13,13,13,38",38,1.0263028144836426,False,PARTIAL_ALPHA_MATERIAL_EDGE,True
#3032,12,169,79,"126,126,126,93",93,53.202396392822266,False,PARTIAL_ALPHA_MATERIAL_EDGE,True
#3032,12,184,79,"120,120,120,70",70,47.89429473876953,False,PARTIAL_ALPHA_MATERIAL_EDGE,True
#3032,12,196,79,"89,89,89,83",83,25.474180221557617,False,PARTIAL_ALPHA_MATERIAL_EDGE,True
#3032,12,209,79,"113,113,113,65",65,42.10871887207031,False,PARTIAL_ALPHA_MATERIAL_EDGE,True
#3032,12,165,80,"6,6,6,38",38,0.46439629793167114,False,PARTIAL_ALPHA_MATERIAL_EDGE,True
#3032,12,169,80,"27,27,27,55",55,2.7948238849639893,False,PARTIAL_ALPHA_MATERIAL_EDGE,True
#3032,12,173,80,"109,109,109,91",91,38.99616622924805,False,PARTIAL_ALPHA_MATERIAL_EDGE,True
#3032,12,184,80,"120,120,120,70",70,47.89429473876953,False,PARTIAL_ALPHA_MATERIAL_EDGE,True
#3032,12,196,80,"88,88,88,84",84,24.884777069091797,False,PARTIAL_ALPHA_MATERIAL_EDGE,True
#3032,12,202,80,"0,0,0,36",36,0.0,False,PARTIAL_ALPHA_MATERIAL_EDGE,True
#3032,12,165,81,"6,6,6,38",38,0.46439629793167114,False,PARTIAL_ALPHA_MATERIAL_EDGE,True
#3032,12,175,81,"35,35,39,58",58,4.349972248077393,False,PARTIAL_ALPHA_MATERIAL_EDGE,True
#3032,12,176,81,"88,88,85,84",84,24.760583877563477,False,PARTIAL_ALPHA_MATERIAL_EDGE,True
#3032,12,184,81,"120,120,120,70",70,47.89429473876953,False,PARTIAL_ALPHA_MATERIAL_EDGE,True
#3032,12,196,81,"86,86,86,83",83,23.730039596557617,False,PARTIAL_ALPHA_MATERIAL_EDGE,True
#3032,12,203,81,"37,37,41,61",61,4.785191059112549,False,PARTIAL_ALPHA_MATERIAL_EDGE,True
#3032,12,206,81,"107,107,107,90",90,37.4919548034668,False,PARTIAL_ALPHA_MATERIAL_EDGE,True
#3032,12,165,82,"6,6,6,38",38,0.46439629793167114,False,PARTIAL_ALPHA_MATERIAL_EDGE,True
#3032,12,170,82,"44,44,44,40",40,6.4226484298706055,False,PARTIAL_ALPHA_MATERIAL_EDGE,True
#3032,12,184,82,"118,118,118,69",69,46.19688034057617,False,PARTIAL_ALPHA_MATERIAL_EDGE,True
#3032,12,196,82,"83,83,83,82",82,22.057619094848633,False,PARTIAL_ALPHA_MATERIAL_EDGE,True
#3032,12,199,82,"116,116,116,48",48,44.53508758544922,False,PARTIAL_ALPHA_MATERIAL_EDGE,True
#3032,12,209,82,"127,127,127,48",48,54.11883544921875,False,PARTIAL_ALPHA_MATERIAL_EDGE,True
#3032,12,165,83,"6,6,6,38",38,0.46439629793167114,False,PARTIAL_ALPHA_MATERIAL_EDGE,True
#3032,12,171,83,"66,66,71,50",50,14.049514770507812,False,PARTIAL_ALPHA_MATERIAL_EDGE,True
#3032,12,196,83,"82,82,82,83",83,21.515933990478516,False,PARTIAL_ALPHA_MATERIAL_EDGE,True
#3032,12,200,83,"91,91,91,53",53,26.67720603942871,False,PARTIAL_ALPHA_MATERIAL_EDGE,True
#3032,12,162,84,"107,107,110,102",102,37.65579605102539,False,PARTIAL_ALPHA_MATERIAL_EDGE,True
#3032,12,163,84,"125,125,125,114",114,52.295074462890625,False,PARTIAL_ALPHA_MATERIAL_EDGE,True
#3032,12,164,84,"104,104,104,93",93,35.30006790161133,False,PARTIAL_ALPHA_MATERIAL_EDGE,True
#3032,12,173,84,"100,100,100,84",84,32.496612548828125,False,PARTIAL_ALPHA_MATERIAL_EDGE,True
#3032,12,177,84,"72,72,76,77",77,16.66234016418457,False,PARTIAL_ALPHA_MATERIAL_EDGE,True
#3032,12,184,84,"81,81,86,44",44,21.180492401123047,False,PARTIAL_ALPHA_MATERIAL_EDGE,True
#3032,12,185,84,"108,108,110,108",108,38.3495979309082,False,PARTIAL_ALPHA_MATERIAL_EDGE,True
#3032,12,186,84,"125,125,125,114",114,52.295074462890625,False,PARTIAL_ALPHA_MATERIAL_EDGE,True
#3032,12,187,84,"91,91,91,81",81,26.67720603942871,False,PARTIAL_ALPHA_MATERIAL_EDGE,True
#3032,12,193,84,"97,97,100,86",86,30.627735137939453,False,PARTIAL_ALPHA_MATERIAL_EDGE,True
#3032,12,194,84,"122,122,122,112",112,49.627540588378906,False,PARTIAL_ALPHA_MATERIAL_EDGE,True
#3032,12,195,84,"116,116,116,107",107,44.53508758544922,False,PARTIAL_ALPHA_MATERIAL_EDGE,True
#3032,12,196,84,"55,55,60,46",46,9.87065601348877,False,PARTIAL_ALPHA_MATERIAL_EDGE,True
#3032,12,202,84,"95,95,98,88",88,29.322851181030273,False,PARTIAL_ALPHA_MATERIAL_EDGE,True
#3032,12,206,84,"112,112,112,102",102,41.31749725341797,False,PARTIAL_ALPHA_MATERIAL_EDGE,True
#3032,12,207,84,"71,71,71,43",43,16.06756019592285,False,PARTIAL_ALPHA_MATERIAL_EDGE,True
#3032,12,172,86,"127,127,129,116",116,54.25315475463867,False,PARTIAL_ALPHA_MATERIAL_EDGE,True
#3032,12,174,87,"132,132,134,110",110,58.97970199584961,False,PARTIAL_ALPHA_MATERIAL_EDGE,True
#3032,12,175,87,"122,122,125,81",81,49.82013702392578,False,PARTIAL_ALPHA_MATERIAL_EDGE,True
#3032,12,176,87,"134,134,136,114",114,60.935081481933594,False,PARTIAL_ALPHA_MATERIAL_EDGE,True
#3032,12,181,87,"22,22,22,45",45,2.0459139347076416,False,PARTIAL_ALPHA_MATERIAL_EDGE,True
#3032,12,171,89,"118,118,118,88",88,46.19688034057617,False,PARTIAL_ALPHA_MATERIAL_EDGE,True
#3032,12,179,89,"108,108,108,80",80,38.23974609375,False,PARTIAL_ALPHA_MATERIAL_EDGE,True
#3032,12,173,90,"46,46,46,60",60,6.966827869415283,False,PARTIAL_ALPHA_MATERIAL_EDGE,True
#3032,12,174,90,"137,137,137,100",100,63.790382385253906,False,PARTIAL_ALPHA_MATERIAL_EDGE,True
#3032,12,177,90,"92,92,92,77",77,27.2908935546875,False,PARTIAL_ALPHA_MATERIAL_EDGE,True
#3072,2,143,8,"86,92,92,47",47,26.533857345581055,False,PARTIAL_ALPHA_MATERIAL_EDGE,True
#3072,2,120,9,"136,136,136,108",108,62.78135681152344,False,PARTIAL_ALPHA_MATERIAL_EDGE,True
#3072,2,144,9,"102,102,102,55",55,33.88142395019531,False,PARTIAL_ALPHA_MATERIAL_EDGE,True
#3072,2,124,10,"103,103,103,86",86,34.58650207519531,False,PARTIAL_ALPHA_MATERIAL_EDGE,True
#3072,2,125,11,"12,12,18,42",42,0.9811861515045166,False,PARTIAL_ALPHA_MATERIAL_EDGE,True
#3072,2,126,13,"88,91,91,78",78,26.29613494873047,False,PARTIAL_ALPHA_MATERIAL_EDGE,True
#3072,2,126,14,"98,101,101,83",83,32.751224517822266,False,PARTIAL_ALPHA_MATERIAL_EDGE,True
#3072,2,126,15,"126,126,128,109",109,53.33538818359375,False,PARTIAL_ALPHA_MATERIAL_EDGE,True
#3072,2,144,15,"36,36,36,42",42,4.498697757720947,False,PARTIAL_ALPHA_MATERIAL_EDGE,True
#3072,2,125,18,"80,80,83,73",73,20.57168960571289,False,PARTIAL_ALPHA_MATERIAL_EDGE,True
#3072,2,143,18,"27,27,33,46",46,2.8730413913726807,False,PARTIAL_ALPHA_MATERIAL_EDGE,True
#3072,2,124,21,"86,86,89,77",77,23.855966567993164,False,PARTIAL_ALPHA_MATERIAL_EDGE,True
#3072,2,142,21,"79,79,79,61",61,19.937793731689453,False,PARTIAL_ALPHA_MATERIAL_EDGE,True
#3072,2,123,24,"103,103,103,69",69,34.58650207519531,False,PARTIAL_ALPHA_MATERIAL_EDGE,True
#3072,2,141,24,"65,65,65,58",58,13.479467391967773,False,PARTIAL_ALPHA_MATERIAL_EDGE,True
#3072,2,122,27,"87,87,87,61",61,24.303407669067383,False,PARTIAL_ALPHA_MATERIAL_EDGE,True
#3072,2,140,27,"43,43,43,53",53,6.160195827484131,False,PARTIAL_ALPHA_MATERIAL_EDGE,True
#3072,2,121,30,"63,63,63,48",48,12.675174713134766,False,PARTIAL_ALPHA_MATERIAL_EDGE,True
#3072,2,139,30,"69,72,72,70",70,16.237937927246094,False,PARTIAL_ALPHA_MATERIAL_EDGE,True
#3072,2,120,33,"77,77,77,46",46,18.924461364746094,False,PARTIAL_ALPHA_MATERIAL_EDGE,True
#3072,2,138,33,"97,97,97,68",68,30.482301712036133,False,PARTIAL_ALPHA_MATERIAL_EDGE,True
#3072,2,100,34,"109,109,109,35",35,38.99616622924805,False,PARTIAL_ALPHA_MATERIAL_EDGE,True
#3072,2,107,35,"83,83,87,61",61,22.219762802124023,False,PARTIAL_ALPHA_MATERIAL_EDGE,True
#3072,2,108,35,"30,30,30,42",42,3.3106729984283447,False,PARTIAL_ALPHA_MATERIAL_EDGE,True
#3072,2,110,35,"12,19,25,40",40,1.5659408569335938,False,PARTIAL_ALPHA_MATERIAL_EDGE,True
#3072,2,111,35,"91,91,91,61",61,26.67720603942871,False,PARTIAL_ALPHA_MATERIAL_EDGE,True
#3072,2,112,35,"132,132,132,79",79,58.83871841430664,False,PARTIAL_ALPHA_MATERIAL_EDGE,True
#3072,2,94,36,"27,27,27,37",37,2.7948238849639893,False,PARTIAL_ALPHA_MATERIAL_EDGE,True
#3072,2,119,36,"38,38,38,59",59,4.942502498626709,False,PARTIAL_ALPHA_MATERIAL_EDGE,True
#3072,2,137,36,"120,124,124,76",76,50.65219497680664,False,PARTIAL_ALPHA_MATERIAL_EDGE,True
#3072,2,92,37,"0,0,0,36",36,0.0,False,PARTIAL_ALPHA_MATERIAL_EDGE,True
#3072,2,89,39,"127,127,127,82",82,54.11883544921875,False,PARTIAL_ALPHA_MATERIAL_EDGE,True
#3072,2,136,40,"135,135,135,32",32,61.781700134277344,False,PARTIAL_ALPHA_MATERIAL_EDGE,True
#3072,2,86,41,"80,80,80,51",51,20.456056594848633,False,PARTIAL_ALPHA_MATERIAL_EDGE,True
#3072,2,135,43,"134,134,134,36",36,60.791404724121094,False,PARTIAL_ALPHA_MATERIAL_EDGE,True
#3072,2,96,45,"13,13,20,38",38,1.0809962749481201,False,PARTIAL_ALPHA_MATERIAL_EDGE,True
#3072,2,116,46,"112,112,112,66",66,41.31749725341797,False,PARTIAL_ALPHA_MATERIAL_EDGE,True
#3072,2,95,47,"104,104,104,73",73,35.30006790161133,False,PARTIAL_ALPHA_MATERIAL_EDGE,True
#3072,2,79,48,"92,92,92,47",47,27.2908935546875,False,PARTIAL_ALPHA_MATERIAL_EDGE,True
#3072,2,115,49,"77,82,82,59",59,20.964984893798828,False,PARTIAL_ALPHA_MATERIAL_EDGE,True
#3072,2,133,49,"118,118,118,56",56,46.19688034057617,False,PARTIAL_ALPHA_MATERIAL_EDGE,True
#3072,2,94,50,"14,14,14,35",35,1.1198177337646484,False,PARTIAL_ALPHA_MATERIAL_EDGE,True
#3072,2,93,52,"105,108,108,87",87,37.76828384399414,False,PARTIAL_ALPHA_MATERIAL_EDGE,True
#3072,2,114,52,"49,53,53,57",57,8.813347816467285,False,PARTIAL_ALPHA_MATERIAL_EDGE,True
#3072,2,132,52,"96,96,96,61",61,29.827524185180664,False,PARTIAL_ALPHA_MATERIAL_EDGE,True
#3072,2,75,54,"15,15,7,33",33,1.1692920923233032,False,PARTIAL_ALPHA_MATERIAL_EDGE,True
#3072,2,92,55,"106,109,109,79",79,38.519222259521484,False,PARTIAL_ALPHA_MATERIAL_EDGE,True
#3072,2,113,55,"40,44,44,57",57,6.2075395584106445,False,PARTIAL_ALPHA_MATERIAL_EDGE,True
#3072,2,131,55,"114,114,114,76",76,42.90869903564453,False,PARTIAL_ALPHA_MATERIAL_EDGE,True
#3072,2,74,56,"61,61,61,33",33,11.89959716796875,False,PARTIAL_ALPHA_MATERIAL_EDGE,True
#3072,2,91,58,"134,134,134,76",76,60.791404724121094,False,PARTIAL_ALPHA_MATERIAL_EDGE,True
#3072,2,112,58,"44,44,44,40",40,6.4226484298706055,False,PARTIAL_ALPHA_MATERIAL_EDGE,True
#3072,2,130,58,"93,93,93,76",76,27.91274070739746,False,PARTIAL_ALPHA_MATERIAL_EDGE,True
#3072,2,72,61,"97,97,97,34",34,30.482301712036133,False,PARTIAL_ALPHA_MATERIAL_EDGE,True
#3072,2,111,61,"56,56,56,45",45,10.084290504455566,False,PARTIAL_ALPHA_MATERIAL_EDGE,True
#3072,2,129,61,"68,71,71,71",71,15.785401344299316,False,PARTIAL_ALPHA_MATERIAL_EDGE,True
#3072,2,90,62,"109,109,109,35",35,38.99616622924805,False,PARTIAL_ALPHA_MATERIAL_EDGE,True
#3072,2,110,64,"63,63,63,48",48,12.675174713134766,False,PARTIAL_ALPHA_MATERIAL_EDGE,True
#3072,2,128,64,"105,105,108,92",92,36.182254791259766,False,PARTIAL_ALPHA_MATERIAL_EDGE,True
#3072,2,71,65,"125,125,125,55",55,52.295074462890625,False,PARTIAL_ALPHA_MATERIAL_EDGE,True
#3072,2,109,67,"23,23,23,33",33,2.1848719120025635,False,PARTIAL_ALPHA_MATERIAL_EDGE,True
#3072,2,127,67,"106,106,108,89",89,36.8601188659668,False,PARTIAL_ALPHA_MATERIAL_EDGE,True
#3072,2,70,70,"95,95,95,32",32,29.18102264404297,False,PARTIAL_ALPHA_MATERIAL_EDGE,True
#3072,2,108,70,"71,71,71,32",32,16.06756019592285,False,PARTIAL_ALPHA_MATERIAL_EDGE,True
#3072,2,126,70,"121,121,124,86",86,48.94706344604492,False,PARTIAL_ALPHA_MATERIAL_EDGE,True
#3072,2,70,71,"95,95,95,56",56,29.18102264404297,False,PARTIAL_ALPHA_MATERIAL_EDGE,True
#3072,2,70,72,"102,102,102,67",67,33.88142395019531,False,PARTIAL_ALPHA_MATERIAL_EDGE,True
#3072,2,87,72,"65,65,65,35",35,13.479467391967773,False,PARTIAL_ALPHA_MATERIAL_EDGE,True
#3072,2,70,73,"103,103,103,64",64,34.58650207519531,False,PARTIAL_ALPHA_MATERIAL_EDGE,True
#3072,2,125,73,"135,135,137,98",98,61.926727294921875,False,PARTIAL_ALPHA_MATERIAL_EDGE,True
#3072,2,70,74,"104,104,104,66",66,35.30006790161133,False,PARTIAL_ALPHA_MATERIAL_EDGE,True
#3072,2,70,75,"93,93,93,49",49,27.91274070739746,False,PARTIAL_ALPHA_MATERIAL_EDGE,True
#3072,2,86,75,"90,90,90,62",62,26.071645736694336,False,PARTIAL_ALPHA_MATERIAL_EDGE,True
#3072,2,124,77,"132,132,132,50",50,58.83871841430664,False,PARTIAL_ALPHA_MATERIAL_EDGE,True
#3072,2,85,78,"121,121,121,82",82,48.75642776489258,False,PARTIAL_ALPHA_MATERIAL_EDGE,True
#3072,2,85,79,"23,23,28,44",44,2.2409169673919678,False,PARTIAL_ALPHA_MATERIAL_EDGE,True
#3072,2,105,80,"122,122,122,48",48,49.627540588378906,False,PARTIAL_ALPHA_MATERIAL_EDGE,True
#3072,2,123,80,"134,134,134,57",57,60.791404724121094,False,PARTIAL_ALPHA_MATERIAL_EDGE,True
#3072,2,104,83,"93,93,93,41",41,27.91274070739746,False,PARTIAL_ALPHA_MATERIAL_EDGE,True
#3072,2,104,84,"111,111,114,87",87,40.706398010253906,False,PARTIAL_ALPHA_MATERIAL_EDGE,True
#3072,2,85,86,"103,103,103,64",64,34.58650207519531,False,PARTIAL_ALPHA_MATERIAL_EDGE,True
#3072,2,102,86,"0,0,0,33",33,0.0,False,PARTIAL_ALPHA_MATERIAL_EDGE,True
#3072,2,77,87,"122,122,125,83",83,49.82013702392578,False,PARTIAL_ALPHA_MATERIAL_EDGE,True
#3072,2,100,87,"0,0,0,35",35,0.0,False,PARTIAL_ALPHA_MATERIAL_EDGE,True
#3072,2,78,88,"88,88,88,46",46,24.884777069091797,False,PARTIAL_ALPHA_MATERIAL_EDGE,True
#3072,2,98,88,"99,99,99,85",85,31.816818237304688,False,PARTIAL_ALPHA_MATERIAL_EDGE,True
#3072,2,102,88,"130,130,130,45",45,56.923133850097656,False,PARTIAL_ALPHA_MATERIAL_EDGE,True
#3072,2,104,88,"75,75,75,44",44,17.94182777404785,False,PARTIAL_ALPHA_MATERIAL_EDGE,True
#3072,2,124,88,"95,95,95,56",56,29.18102264404297,False,PARTIAL_ALPHA_MATERIAL_EDGE,True
#3072,2,89,89,"120,120,124,78",78,48.147178649902344,False,PARTIAL_ALPHA_MATERIAL_EDGE,True
#3072,2,90,89,"119,119,119,49",49,47.04111862182617,False,PARTIAL_ALPHA_MATERIAL_EDGE,True
#3072,2,93,89,"113,113,113,47",47,42.10871887207031,False,PARTIAL_ALPHA_MATERIAL_EDGE,True
#3072,2,94,89,"102,102,102,67",67,33.88142395019531,False,PARTIAL_ALPHA_MATERIAL_EDGE,True
#3072,2,95,89,"117,120,120,102",102,47.35582733154297,False,PARTIAL_ALPHA_MATERIAL_EDGE,True
#3072,2,99,89,"136,136,136,118",118,62.78135681152344,False,PARTIAL_ALPHA_MATERIAL_EDGE,True
#3072,2,100,89,"60,60,60,34",34,11.522482872009277,False,PARTIAL_ALPHA_MATERIAL_EDGE,True
#3072,2,128,89,"110,110,112,95",95,39.87361145019531,False,PARTIAL_ALPHA_MATERIAL_EDGE,True
#3072,2,83,90,"46,46,46,49",49,6.966827869415283,False,PARTIAL_ALPHA_MATERIAL_EDGE,True
#3072,2,84,90,"111,111,114,96",96,40.706398010253906,False,PARTIAL_ALPHA_MATERIAL_EDGE,True
#3072,2,97,90,"68,68,68,60",60,14.740386009216309,False,PARTIAL_ALPHA_MATERIAL_EDGE,True
#3072,2,89,91,"16,22,22,46",46,1.8918581008911133,False,PARTIAL_ALPHA_MATERIAL_EDGE,True
#3072,2,90,91,"42,47,47,54",54,6.962791919708252,False,PARTIAL_ALPHA_MATERIAL_EDGE,True
#3072,2,91,91,"47,47,47,54",54,7.248639106750488,False,PARTIAL_ALPHA_MATERIAL_EDGE,True
#3072,2,92,91,"47,51,51,54",54,8.188066482543945,False,PARTIAL_ALPHA_MATERIAL_EDGE,True
#3072,13,78,102,"119,119,119,107",107,47.04111862182617,False,PARTIAL_ALPHA_MATERIAL_EDGE,True
#3072,13,86,102,"117,117,117,63",63,45.36154556274414,False,PARTIAL_ALPHA_MATERIAL_EDGE,True
#3072,13,87,102,"134,136,136,121",121,62.35829544067383,False,PARTIAL_ALPHA_MATERIAL_EDGE,True
#3072,13,88,102,"121,121,121,44",44,48.75642776489258,False,PARTIAL_ALPHA_MATERIAL_EDGE,True
#3072,13,104,102,"96,96,96,37",37,29.827524185180664,False,PARTIAL_ALPHA_MATERIAL_EDGE,True
#3072,13,106,102,"127,127,127,64",64,54.11883544921875,False,PARTIAL_ALPHA_MATERIAL_EDGE,True
#3072,13,127,102,"135,135,135,81",81,61.781700134277344,False,PARTIAL_ALPHA_MATERIAL_EDGE,True
#3072,13,82,103,"77,80,80,76",76,20.13043785095215,False,PARTIAL_ALPHA_MATERIAL_EDGE,True
#3072,13,107,103,"90,93,93,68",68,27.52132225036621,False,PARTIAL_ALPHA_MATERIAL_EDGE,True
#3072,13,128,103,"102,105,105,85",85,35.5670280456543,False,PARTIAL_ALPHA_MATERIAL_EDGE,True
#3072,13,78,104,"0,0,0,37",37,0.0,False,PARTIAL_ALPHA_MATERIAL_EDGE,True
#3072,13,82,104,"103,103,106,89",89,34.74290466308594,False,PARTIAL_ALPHA_MATERIAL_EDGE,True
#3072,13,89,104,"120,120,120,38",38,47.89429473876953,False,PARTIAL_ALPHA_MATERIAL_EDGE,True
#3072,13,78,105,"15,20,20,49",49,1.6635605096817017,False,PARTIAL_ALPHA_MATERIAL_EDGE,True
#3072,13,82,105,"101,101,104,88",88,33.3375244140625,False,PARTIAL_ALPHA_MATERIAL_EDGE,True
#3072,13,104,105,"131,131,131,93",93,57.87630081176758,False,PARTIAL_ALPHA_MATERIAL_EDGE,True
#3072,13,128,105,"15,15,15,32",32,1.218122959136963,False,PARTIAL_ALPHA_MATERIAL_EDGE,True
#3072,13,78,106,"0,0,0,39",39,0.0,False,PARTIAL_ALPHA_MATERIAL_EDGE,True
#3072,13,82,106,"101,101,104,88",88,33.3375244140625,False,PARTIAL_ALPHA_MATERIAL_EDGE,True
#3072,13,132,106,"115,115,115,77",77,43.71747970581055,False,PARTIAL_ALPHA_MATERIAL_EDGE,True
#3072,13,74,107,"101,101,105,68",68,33.3896598815918,False,PARTIAL_ALPHA_MATERIAL_EDGE,True
#3072,13,75,107,"133,136,136,84",84,62.14973449707031,False,PARTIAL_ALPHA_MATERIAL_EDGE,True
#3072,13,76,107,"45,50,50,56",56,7.826923370361328,False,PARTIAL_ALPHA_MATERIAL_EDGE,True
#3072,13,78,107,"79,79,79,74",74,19.937793731689453,False,PARTIAL_ALPHA_MATERIAL_EDGE,True
#3072,13,82,107,"105,105,105,87",87,36.02214431762695,False,PARTIAL_ALPHA_MATERIAL_EDGE,True
#3072,13,84,107,"76,76,76,50",50,18.429325103759766,False,PARTIAL_ALPHA_MATERIAL_EDGE,True
#3072,13,90,107,"55,62,62,41",41,11.743448257446289,False,PARTIAL_ALPHA_MATERIAL_EDGE,True
#3072,13,94,107,"117,117,117,61",61,45.36154556274414,False,PARTIAL_ALPHA_MATERIAL_EDGE,True
#3072,13,99,107,"62,62,68,41",41,12.46117877960205,False,PARTIAL_ALPHA_MATERIAL_EDGE,True
#3072,13,101,107,"125,125,125,53",53,52.295074462890625,False,PARTIAL_ALPHA_MATERIAL_EDGE,True
#3072,13,109,107,"32,32,32,39",39,3.683180093765259,False,PARTIAL_ALPHA_MATERIAL_EDGE,True
#3072,13,113,107,"137,137,137,76",76,63.790382385253906,False,PARTIAL_ALPHA_MATERIAL_EDGE,True
#3072,13,114,107,"46,46,46,33",33,6.966827869415283,False,PARTIAL_ALPHA_MATERIAL_EDGE,True
#3072,13,115,107,"44,44,44,40",40,6.4226484298706055,False,PARTIAL_ALPHA_MATERIAL_EDGE,True
#3072,13,116,107,"53,53,53,43",43,9.078333854675293,False,PARTIAL_ALPHA_MATERIAL_EDGE,True
#3072,13,119,107,"0,0,0,36",36,0.0,False,PARTIAL_ALPHA_MATERIAL_EDGE,True
#3072,13,124,107,"139,136,136,84",84,63.430908203125,False,PARTIAL_ALPHA_MATERIAL_EDGE,True
#3072,13,128,107,"38,46,46,33",33,6.536456108093262,False,PARTIAL_ALPHA_MATERIAL_EDGE,True
#3072,13,130,107,"51,51,51,35",35,8.4417142868042,False,PARTIAL_ALPHA_MATERIAL_EDGE,True
#3072,13,137,107,"57,57,57,53",53,10.433375358581543,False,PARTIAL_ALPHA_MATERIAL_EDGE,True
#3072,13,138,107,"104,104,107,76",76,35.45832061767578,False,PARTIAL_ALPHA_MATERIAL_EDGE,True
#3072,13,142,107,"46,46,46,33",33,6.966827869415283,False,PARTIAL_ALPHA_MATERIAL_EDGE,True
#3072,13,147,107,"122,122,122,73",73,49.627540588378906,False,PARTIAL_ALPHA_MATERIAL_EDGE,True
#3072,13,75,108,"105,105,105,85",85,36.02214431762695,False,PARTIAL_ALPHA_MATERIAL_EDGE,True
#3072,13,78,108,"87,83,87,79",79,22.697219848632812,False,PARTIAL_ALPHA_MATERIAL_EDGE,True
#3072,13,82,108,"101,101,104,88",88,33.3375244140625,False,PARTIAL_ALPHA_MATERIAL_EDGE,True
#3072,13,89,108,"131,131,131,33",33,57.87630081176758,False,PARTIAL_ALPHA_MATERIAL_EDGE,True
#3072,13,100,108,"129,129,131,124",124,56.11616134643555,False,PARTIAL_ALPHA_MATERIAL_EDGE,True
#3072,13,101,108,"124,124,124,45",45,51.39683532714844,False,PARTIAL_ALPHA_MATERIAL_EDGE,True
#3072,13,103,108,"123,123,123,91",91,50.50767135620117,False,PARTIAL_ALPHA_MATERIAL_EDGE,True
#3072,13,107,108,"114,114,114,85",85,42.90869903564453,False,PARTIAL_ALPHA_MATERIAL_EDGE,True
#3072,13,114,108,"94,94,94,62",62,28.542768478393555,False,PARTIAL_ALPHA_MATERIAL_EDGE,True
#3072,13,124,108,"90,93,93,85",85,27.52132225036621,False,PARTIAL_ALPHA_MATERIAL_EDGE,True
#3072,13,128,108,"136,136,136,114",114,62.78135681152344,False,PARTIAL_ALPHA_MATERIAL_EDGE,True
#3072,13,138,108,"99,99,103,54",54,32.016788482666016,False,PARTIAL_ALPHA_MATERIAL_EDGE,True
#3072,13,147,108,"105,105,105,68",68,36.02214431762695,False,PARTIAL_ALPHA_MATERIAL_EDGE,True
#3072,13,148,108,"119,119,119,107",107,47.04111862182617,False,PARTIAL_ALPHA_MATERIAL_EDGE,True
#3072,13,78,109,"5,11,11,46",46,0.7542163729667664,False,PARTIAL_ALPHA_MATERIAL_EDGE,True
#3072,13,82,109,"101,101,104,88",88,33.3375244140625,False,PARTIAL_ALPHA_MATERIAL_EDGE,True
#3072,13,91,109,"69,69,69,59",59,15.175366401672363,False,PARTIAL_ALPHA_MATERIAL_EDGE,True
#3072,13,100,109,"0,0,0,33",33,0.0,False,PARTIAL_ALPHA_MATERIAL_EDGE,True
#3072,13,110,109,"123,123,123,68",68,50.50767135620117,False,PARTIAL_ALPHA_MATERIAL_EDGE,True
#3072,13,114,109,"134,134,134,36",36,60.791404724121094,False,PARTIAL_ALPHA_MATERIAL_EDGE,True
#3072,13,131,109,"135,135,135,49",49,61.781700134277344,False,PARTIAL_ALPHA_MATERIAL_EDGE,True
#3072,13,143,109,"99,99,99,54",54,31.816818237304688,False,PARTIAL_ALPHA_MATERIAL_EDGE,True
#3072,13,147,109,"38,38,38,40",40,4.942502498626709,False,PARTIAL_ALPHA_MATERIAL_EDGE,True
#3072,13,71,110,"123,123,123,66",66,50.50767135620117,False,PARTIAL_ALPHA_MATERIAL_EDGE,True
#3072,13,78,110,"0,0,0,44",44,0.0,False,PARTIAL_ALPHA_MATERIAL_EDGE,True
#3072,13,82,110,"101,101,104,88",88,33.3375244140625,False,PARTIAL_ALPHA_MATERIAL_EDGE,True
#3072,13,99,110,"63,63,63,44",44,12.675174713134766,False,PARTIAL_ALPHA_MATERIAL_EDGE,True
#3072,13,107,110,"134,134,134,97",97,60.791404724121094,False,PARTIAL_ALPHA_MATERIAL_EDGE,True
#3072,13,114,110,"119,119,119,49",49,47.04111862182617,False,PARTIAL_ALPHA_MATERIAL_EDGE,True
#3072,13,128,110,"125,125,125,104",104,52.295074462890625,False,PARTIAL_ALPHA_MATERIAL_EDGE,True
#3072,13,139,110,"85,92,92,36",36,26.413652420043945,False,PARTIAL_ALPHA_MATERIAL_EDGE,True
#3072,13,147,110,"62,62,62,57",57,12.283814430236816,False,PARTIAL_ALPHA_MATERIAL_EDGE,True
#3072,13,78,111,"0,5,5,45",45,0.3047213852405548,False,PARTIAL_ALPHA_MATERIAL_EDGE,True
#3072,13,82,111,"101,101,104,88",88,33.3375244140625,False,PARTIAL_ALPHA_MATERIAL_EDGE,True
#3072,13,92,111,"117,117,120,102",102,45.54440689086914,False,PARTIAL_ALPHA_MATERIAL_EDGE,True
#3072,13,96,111,"124,124,124,86",86,51.39683532714844,False,PARTIAL_ALPHA_MATERIAL_EDGE,True
#3072,13,99,111,"52,52,52,49",49,8.756650924682617,False,PARTIAL_ALPHA_MATERIAL_EDGE,True
#3072,13,107,111,"135,135,135,98",98,61.781700134277344,False,PARTIAL_ALPHA_MATERIAL_EDGE,True
#3072,13,114,111,"122,122,122,54",54,49.627540588378906,False,PARTIAL_ALPHA_MATERIAL_EDGE,True
#3072,13,128,111,"127,127,127,106",106,54.11883544921875,False,PARTIAL_ALPHA_MATERIAL_EDGE,True
#3072,13,146,111,"60,60,60,42",42,11.522482872009277,False,PARTIAL_ALPHA_MATERIAL_EDGE,True
#3072,13,78,112,"0,5,5,45",45,0.3047213852405548,False,PARTIAL_ALPHA_MATERIAL_EDGE,True
#3072,13,82,112,"101,101,104,88",88,33.3375244140625,False,PARTIAL_ALPHA_MATERIAL_EDGE,True
#3072,13,98,112,"94,94,94,35",35,28.542768478393555,False,PARTIAL_ALPHA_MATERIAL_EDGE,True
#3072,13,99,112,"46,46,46,38",38,6.966827869415283,False,PARTIAL_ALPHA_MATERIAL_EDGE,True
#3072,13,107,112,"135,135,135,98",98,61.781700134277344,False,PARTIAL_ALPHA_MATERIAL_EDGE,True
#3072,13,114,112,"120,120,120,53",53,47.89429473876953,False,PARTIAL_ALPHA_MATERIAL_EDGE,True
#3072,13,128,112,"127,127,127,106",106,54.11883544921875,False,PARTIAL_ALPHA_MATERIAL_EDGE,True
#3072,13,146,112,"68,68,68,52",52,14.740386009216309,False,PARTIAL_ALPHA_MATERIAL_EDGE,True
#3072,13,78,113,"0,5,5,45",45,0.3047213852405548,False,PARTIAL_ALPHA_MATERIAL_EDGE,True
#3072,13,82,113,"101,101,104,88",88,33.3375244140625,False,PARTIAL_ALPHA_MATERIAL_EDGE,True
#3072,13,97,113,"29,29,34,52",52,3.201355457305908,False,PARTIAL_ALPHA_MATERIAL_EDGE,True
#3072,13,98,113,"69,69,69,33",33,15.175366401672363,False,PARTIAL_ALPHA_MATERIAL_EDGE,True
#3072,13,107,113,"135,135,135,98",98,61.781700134277344,False,PARTIAL_ALPHA_MATERIAL_EDGE,True
#3072,13,114,113,"105,105,105,51",51,36.02214431762695,False,PARTIAL_ALPHA_MATERIAL_EDGE,True
#3072,13,128,113,"127,127,127,106",106,54.11883544921875,False,PARTIAL_ALPHA_MATERIAL_EDGE,True
#3072,13,146,113,"62,62,62,37",37,12.283814430236816,False,PARTIAL_ALPHA_MATERIAL_EDGE,True
#3072,13,78,114,"0,5,5,45",45,0.3047213852405548,False,PARTIAL_ALPHA_MATERIAL_EDGE,True
#3072,13,82,114,"101,101,104,88",88,33.3375244140625,False,PARTIAL_ALPHA_MATERIAL_EDGE,True
#3072,13,93,114,"101,101,101,53",53,33.18480682373047,False,PARTIAL_ALPHA_MATERIAL_EDGE,True
#3072,13,107,114,"135,135,135,98",98,61.781700134277344,False,PARTIAL_ALPHA_MATERIAL_EDGE,True
#3072,13,114,114,"110,110,110,51",51,39.76124954223633,False,PARTIAL_ALPHA_MATERIAL_EDGE,True
#3072,13,128,114,"127,127,127,106",106,54.11883544921875,False,PARTIAL_ALPHA_MATERIAL_EDGE,True
#3072,13,145,114,"116,116,116,96",96,44.53508758544922,False,PARTIAL_ALPHA_MATERIAL_EDGE,True
#3072,13,71,115,"132,135,135,85",85,61.15602493286133,False,PARTIAL_ALPHA_MATERIAL_EDGE,True
#3072,13,78,115,"0,5,5,45",45,0.3047213852405548,False,PARTIAL_ALPHA_MATERIAL_EDGE,True
#3072,13,82,115,"104,104,107,90",90,35.45832061767578,False,PARTIAL_ALPHA_MATERIAL_EDGE,True
#3072,13,107,115,"132,132,132,98",98,58.83871841430664,False,PARTIAL_ALPHA_MATERIAL_EDGE,True
#3072,13,114,115,"125,125,125,55",55,52.295074462890625,False,PARTIAL_ALPHA_MATERIAL_EDGE,True
#3072,13,128,115,"127,127,127,106",106,54.11883544921875,False,PARTIAL_ALPHA_MATERIAL_EDGE,True
#3072,13,78,116,"0,0,0,43",43,0.0,False,PARTIAL_ALPHA_MATERIAL_EDGE,True
#3072,13,82,116,"73,73,77,76",76,17.129314422607422,False,PARTIAL_ALPHA_MATERIAL_EDGE,True
#3072,13,89,116,"131,131,131,33",33,57.87630081176758,False,PARTIAL_ALPHA_MATERIAL_EDGE,True
#3072,13,107,116,"134,134,134,95",95,60.791404724121094,False,PARTIAL_ALPHA_MATERIAL_EDGE,True
#3072,13,114,116,"103,103,103,42",42,34.58650207519531,False,PARTIAL_ALPHA_MATERIAL_EDGE,True
#3072,13,128,116,"116,116,116,101",101,44.53508758544922,False,PARTIAL_ALPHA_MATERIAL_EDGE,True
#3072,13,145,116,"120,120,120,55",55,47.89429473876953,False,PARTIAL_ALPHA_MATERIAL_EDGE,True
#3072,13,75,117,"122,122,122,79",79,49.627540588378906,False,PARTIAL_ALPHA_MATERIAL_EDGE,True
#3072,13,78,117,"18,23,23,55",55,2.048293352127075,False,PARTIAL_ALPHA_MATERIAL_EDGE,True
#3072,13,97,117,"80,80,80,41",41,20.456056594848633,False,PARTIAL_ALPHA_MATERIAL_EDGE,True
#3072,13,117,117,"94,94,94,35",35,28.542768478393555,False,PARTIAL_ALPHA_MATERIAL_EDGE,True
#3072,13,122,117,"115,115,115,53",53,43.71747970581055,False,PARTIAL_ALPHA_MATERIAL_EDGE,True
#3072,13,124,117,"129,129,129,61",61,55.979190826416016,False,PARTIAL_ALPHA_MATERIAL_EDGE,True
#3072,13,75,118,"130,130,130,94",94,56.923133850097656,False,PARTIAL_ALPHA_MATERIAL_EDGE,True
#3072,13,76,118,"35,35,35,43",43,4.285880088806152,False,PARTIAL_ALPHA_MATERIAL_EDGE,True
#3072,13,77,118,"52,52,52,39",39,8.756650924682617,False,PARTIAL_ALPHA_MATERIAL_EDGE,True
#3072,13,83,118,"44,44,44,52",52,6.4226484298706055,False,PARTIAL_ALPHA_MATERIAL_EDGE,True
#3072,13,84,118,"41,41,41,49",49,5.654340744018555,False,PARTIAL_ALPHA_MATERIAL_EDGE,True
#3072,13,89,118,"122,122,122,102",102,49.627540588378906,False,PARTIAL_ALPHA_MATERIAL_EDGE,True
#3072,13,103,118,"129,129,129,110",110,55.979190826416016,False,PARTIAL_ALPHA_MATERIAL_EDGE,True
#3072,13,108,118,"42,42,42,54",54,5.904108047485352,False,PARTIAL_ALPHA_MATERIAL_EDGE,True
#3072,13,109,118,"27,27,27,46",46,2.7948238849639893,False,PARTIAL_ALPHA_MATERIAL_EDGE,True
#3072,13,114,118,"130,130,130,111",111,56.923133850097656,False,PARTIAL_ALPHA_MATERIAL_EDGE,True
#3072,13,115,118,"26,26,26,38",38,2.6341049671173096,False,PARTIAL_ALPHA_MATERIAL_EDGE,True
#3072,13,117,118,"83,83,83,76",76,22.057619094848633,False,PARTIAL_ALPHA_MATERIAL_EDGE,True
#3072,13,122,118,"100,100,100,91",91,32.496612548828125,False,PARTIAL_ALPHA_MATERIAL_EDGE,True
#3072,13,123,118,"28,28,28,36",36,2.9611222743988037,False,PARTIAL_ALPHA_MATERIAL_EDGE,True
#3072,13,124,118,"112,112,112,95",95,41.31749725341797,False,PARTIAL_ALPHA_MATERIAL_EDGE,True
#3072,13,129,118,"52,52,52,63",63,8.756650924682617,False,PARTIAL_ALPHA_MATERIAL_EDGE,True
#3072,13,130,118,"28,28,34,45",45,3.041836977005005,False,PARTIAL_ALPHA_MATERIAL_EDGE,True
#3072,13,136,118,"38,38,38,40",40,4.942502498626709,False,PARTIAL_ALPHA_MATERIAL_EDGE,True
#3072,13,140,119,"90,90,94,65",65,26.250059127807617,False,PARTIAL_ALPHA_MATERIAL_EDGE,True
#3072,13,142,119,"0,0,0,32",32,0.0,False,PARTIAL_ALPHA_MATERIAL_EDGE,True
#3072,13,143,119,"93,93,93,95",95,27.91274070739746,False,PARTIAL_ALPHA_MATERIAL_EDGE,True
#3072,13,144,119,"121,121,121,46",46,48.75642776489258,False,PARTIAL_ALPHA_MATERIAL_EDGE,True
#3072,13,139,120,"106,106,106,48",48,36.75276184082031,False,PARTIAL_ALPHA_MATERIAL_EDGE,True
#3072,13,139,121,"123,126,126,101",101,52.62949752807617,False,PARTIAL_ALPHA_MATERIAL_EDGE,True
#3072,13,143,121,"72,72,76,60",60,16.66234016418457,False,PARTIAL_ALPHA_MATERIAL_EDGE,True
#3072,13,141,123,"91,91,91,39",39,26.67720603942871,False,PARTIAL_ALPHA_MATERIAL_EDGE,True
