case,source_path,source_sha256,component_id,visible_px,solid_px,frozen_dark,frozen_light,frozen_intermediate,frozen_dark_fraction,frozen_light_fraction,topology_interior_px,interior_dark,interior_light,interior_intermediate,interior_dark_fraction,interior_light_fraction,sufficient_interior_evidence,frozen_two_tone,topology_result,achromatic_fraction,dark_interior_px,dark_material_edge_px,dark_partial_alpha_edge_px,dark_full_alpha_edge_px,frozen_dark_alpha_histogram,solid_alpha_histogram,protected_chroma_true_AA_contact,other_guard_context
#14700,picons/80.0e/orion-express/transparent/1_0_1_32D_CE_1_3200000_0_0_0.png,9fa6f6a84bb9e1a98802e638f94d0f693757697648d1167d1b9f3f31fb7724c3,4,814,430,100,176,154,0.23255813953488372,0.40930232558139534,114,0,114,0,0.0,1.0,True,True,not-two-tone,1.0,0,100,100,0,"{""128-191"": 1, ""192-254"": 0, ""255"": 0, ""32-63"": 26, ""64-127"": 73}","{""128-191"": 72, ""192-254"": 137, ""255"": 77, ""32-63"": 28, ""64-127"": 116}","approved specific WHITE, not global rule","approved specific WHITE, not global rule"
#14700,picons/80.0e/orion-express/transparent/1_0_1_32D_CE_1_3200000_0_0_0.png,9fa6f6a84bb9e1a98802e638f94d0f693757697648d1167d1b9f3f31fb7724c3,12,225,128,34,50,44,0.265625,0.390625,34,0,34,0,0.0,1.0,True,True,not-two-tone,1.0,0,34,34,0,"{""128-191"": 0, ""192-254"": 0, ""255"": 0, ""32-63"": 10, ""64-127"": 24}","{""128-191"": 12, ""192-254"": 41, ""255"": 28, ""32-63"": 10, ""64-127"": 37}","approved specific WHITE, not global rule","approved specific WHITE, not global rule"
#14700,picons/80.0e/orion-express/transparent/1_0_1_32D_CE_1_3200000_0_0_0.png,9fa6f6a84bb9e1a98802e638f94d0f693757697648d1167d1b9f3f31fb7724c3,13,826,512,88,203,221,0.171875,0.396484375,159,0,159,0,0.0,1.0,True,True,not-two-tone,1.0,0,88,88,0,"{""128-191"": 0, ""192-254"": 0, ""255"": 0, ""32-63"": 41, ""64-127"": 47}","{""128-191"": 76, ""192-254"": 183, ""255"": 83, ""32-63"": 46, ""64-127"": 124}","approved specific WHITE, not global rule","approved specific WHITE, not global rule"
#3032,picons/19.2e/csat/transparent/1_0_1_24C9_43C_1_C00000_0_0_0.png,a345bddce4062016ea56cad350175d6515885fa0b85ecca38247c8890564a965,3,2347,2002,107,1698,197,0.05344655344655345,0.8481518481518482,1629,0,1625,4,0.0,0.9975445058317987,True,True,not-two-tone,1.0,0,107,107,0,"{""128-191"": 0, ""192-254"": 0, ""255"": 0, ""32-63"": 34, ""64-127"": 73}","{""128-191"": 94, ""192-254"": 1523, ""255"": 221, ""32-63"": 38, ""64-127"": 126}",MANUALLY APPROVED/CLOSED; no visual re-review,MANUALLY APPROVED/CLOSED; no visual re-review
#3032,picons/19.2e/csat/transparent/1_0_1_24C9_43C_1_C00000_0_0_0.png,a345bddce4062016ea56cad350175d6515885fa0b85ecca38247c8890564a965,5,187,133,26,66,41,0.19548872180451127,0.49624060150375937,59,0,56,3,0.0,0.9491525423728814,True,True,not-two-tone,1.0,0,26,26,0,"{""128-191"": 0, ""192-254"": 0, ""255"": 0, ""32-63"": 19, ""64-127"": 7}","{""128-191"": 15, ""192-254"": 51, ""255"": 27, ""32-63"": 21, ""64-127"": 19}",MANUALLY APPROVED/CLOSED; no visual re-review,MANUALLY APPROVED/CLOSED; no visual re-review
#3032,picons/19.2e/csat/transparent/1_0_1_24C9_43C_1_C00000_0_0_0.png,a345bddce4062016ea56cad350175d6515885fa0b85ecca38247c8890564a965,10,433,317,59,152,106,0.1861198738170347,0.4794952681388013,120,0,115,5,0.0,0.9583333333333334,True,True,not-two-tone,1.0,0,59,59,0,"{""128-191"": 0, ""192-254"": 0, ""255"": 0, ""32-63"": 32, ""64-127"": 27}","{""128-191"": 34, ""192-254"": 128, ""255"": 59, ""32-63"": 42, ""64-127"": 54}",MANUALLY APPROVED/CLOSED; no visual re-review,MANUALLY APPROVED/CLOSED; no visual re-review
#3032,picons/19.2e/csat/transparent/1_0_1_24C9_43C_1_C00000_0_0_0.png,a345bddce4062016ea56cad350175d6515885fa0b85ecca38247c8890564a965,12,671,482,83,217,182,0.17219917012448133,0.45020746887966806,194,0,175,19,0.0,0.9020618556701031,True,True,not-two-tone,1.0,0,83,83,0,"{""128-191"": 0, ""192-254"": 0, ""255"": 0, ""32-63"": 36, ""64-127"": 47}","{""128-191"": 57, ""192-254"": 158, ""255"": 117, ""32-63"": 47, ""64-127"": 103}",MANUALLY APPROVED/CLOSED; no visual re-review,MANUALLY APPROVED/CLOSED; no visual re-review
#3072,picons/19.2e/digital/transparent/1_0_1_788B_414_1_C00000_0_0_0.png,c6e353de17a899c1ce21dc891002c3c24af73ba7562042d0119fd6b28a6ab574,2,2862,2458,104,2034,320,0.04231082180634662,0.8275020341741253,1934,0,1929,5,0.0,0.9974146845915202,True,True,not-two-tone,1.0,0,104,104,0,"{""128-191"": 0, ""192-254"": 0, ""255"": 0, ""32-63"": 65, ""64-127"": 39}","{""128-191"": 154, ""192-254"": 1855, ""255"": 251, ""32-63"": 81, ""64-127"": 117}",MANUALLY APPROVED/CLOSED; no visual re-review,MANUALLY APPROVED/CLOSED; no visual re-review
#3072,picons/19.2e/digital/transparent/1_0_1_788B_414_1_C00000_0_0_0.png,c6e353de17a899c1ce21dc891002c3c24af73ba7562042d0119fd6b28a6ab574,13,1023,667,152,279,236,0.22788605697151423,0.41829085457271364,241,0,222,19,0.0,0.921161825726141,True,True,not-two-tone,1.0,0,152,152,0,"{""128-191"": 0, ""192-254"": 0, ""255"": 0, ""32-63"": 83, ""64-127"": 69}","{""128-191"": 85, ""192-254"": 193, ""255"": 127, ""32-63"": 100, ""64-127"": 162}",MANUALLY APPROVED/CLOSED; no visual re-review,MANUALLY APPROVED/CLOSED; no visual re-review
