WARDER_ID,PICON_TECHNICAL_IDENTITY,VARIANT,EXACT_PRODUCTION_PATH,APPROVAL_STATE,APPROVED_SHA256,APPROVAL_PROVENANCE,APPROVAL_CHECKPOINT_SOURCE,HISTORICAL_APPROVAL_ID,HISTORICAL_BATCH,SOURCE_LEDGER_STATUS,CANDIDATE_FILES,CANDIDATE_SHA256S,NOTES
,,,,APPROVED_BUT_ASSET_MISSING,,2026-09-16 user decision,2026-09-16 user decision,37,,APPROVED_KEEP,,,Regression set accepted as OK; exact approved output path/bytes/SHA256 not mapped in authoritative evidence
,,,,APPROVED_BUT_ASSET_MISSING,,2026-09-16 user decision,2026-09-16 user decision,38,,APPROVED_KEEP,,,Regression set accepted as OK; exact approved output path/bytes/SHA256 not mapped in authoritative evidence
,,,,APPROVED_BUT_ASSET_MISSING,,2026-09-16 user decision,2026-09-16 user decision,39,,APPROVED_KEEP,,,Regression set accepted as OK; exact approved output path/bytes/SHA256 not mapped in authoritative evidence
,,,,APPROVED_BUT_ASSET_MISSING,,2026-09-16 user decision,2026-09-16 user decision,40,,APPROVED_KEEP,,,Regression set accepted as OK; exact approved output path/bytes/SHA256 not mapped in authoritative evidence
,,,,APPROVED_BUT_ASSET_MISSING,,2026-09-16 user decision,2026-09-16 user decision,41,,APPROVED_KEEP,,,Regression set accepted as OK; exact approved output path/bytes/SHA256 not mapped in authoritative evidence
,,,,APPROVED_BUT_ASSET_MISSING,,2026-09-16 user decision,2026-09-16 user decision,42,,APPROVED_KEEP,,,Regression set accepted as OK; exact approved output path/bytes/SHA256 not mapped in authoritative evidence
,,,,APPROVED_BUT_ASSET_MISSING,,2026-09-16 user decision,2026-09-16 user decision,43,,APPROVED_KEEP,,,Regression set accepted as OK; exact approved output path/bytes/SHA256 not mapped in authoritative evidence
,,,,APPROVED_BUT_ASSET_MISSING,,2026-09-16 user decision,2026-09-16 user decision,44,,APPROVED_KEEP,,,Regression set accepted as OK; exact approved output path/bytes/SHA256 not mapped in authoritative evidence
,,,,APPROVED_BUT_ASSET_MISSING,,2026-09-16 user decision,2026-09-16 user decision,45,,APPROVED_KEEP,,,Regression set accepted as OK; exact approved output path/bytes/SHA256 not mapped in authoritative evidence
,,,,APPROVED_BUT_ASSET_MISSING,,2026-09-16 user decision,2026-09-16 user decision,46,,APPROVED_KEEP,,,Regression set accepted as OK; exact approved output path/bytes/SHA256 not mapped in authoritative evidence
,,,,APPROVED_BUT_ASSET_MISSING,,2026-09-16 user decision,2026-09-16 user decision,47,,APPROVED_KEEP,,,Regression set accepted as OK; exact approved output path/bytes/SHA256 not mapped in authoritative evidence
,,,,REVIEW_NOT_APPROVED,,2026-09-16 user decision,2026-09-16 user decision,48,,NEEDS_CORRECTION,,,"Only remaining item in regression set; correction was requested/suspected, no final approval recovered"
,,,,REVIEW_NOT_APPROVED,,Recovered conversation search,Recovered conversation search,76,,UNRESOLVED_NO_DIRECT_CONFIRMATION,,,Only assistant summary found; no direct user approval recovered
,,,,APPROVED_SELECTION_AMBIGUOUS,,2026-09-16 user decision,2026-09-16 user decision,79,,APPROVED_KEEP,V10-case-79-KRIMI-FULL-220x132-REGENERATED.png | V10-case-79-KRIMI-FULL-AA-overlap-refined.png | V10-case-79-KRIMI-FULL-no-white-halo.png | V10-case-79-KRIMI-FULL-wordline-refined.png,c4ad15199d7bb8f814ce26a3a77db8286019d21ff04353be911f87a705c87ed7 | b598583d0ba494eba0234b84c62c413835cfe9c036d7c6f1faef62dcbe993e69 | c4ad15199d7bb8f814ce26a3a77db8286019d21ff04353be911f87a705c87ed7 | 721f86191a2efe227701fba7b6ffc2c55e34ab43705c29b9d6426d76124641a8,Corrected KRIMI version accepted; exact PNG variant among saved iterations unresolved; candidate assets survive but exact selected output is not proved
,,,,REVIEW_NOT_APPROVED,,Recovered conversation search,Recovered conversation search,80,,UNRESOLVED_NO_DIRECT_CONFIRMATION,V10-case-80-STAR-RULE-refined.png,68f3fdb3ea87bb9ebb70c0bf7c75f77a7344f164a5bccc53f5bdbbe36313f92b,Only assistant summary found; no direct user approval recovered
,,WHITE,,APPROVED_BUT_ASSET_MISSING,,2026-09-16 user decision,2026-09-16 user decision,85,,APPROVED_KEEP,,,Keep ORIGINAL source rendered to WHITE master; exact approved output path/bytes/SHA256 not mapped in authoritative evidence
,,WHITE,,APPROVED_BUT_ASSET_MISSING,,2026-09-16 user decision,2026-09-16 user decision,86,,APPROVED_KEEP,,,Keep ORIGINAL source rendered to WHITE master; exact approved output path/bytes/SHA256 not mapped in authoritative evidence
,,WHITE,,APPROVED_BUT_ASSET_MISSING,,2026-09-16 user decision,2026-09-16 user decision,87,,APPROVED_KEEP,,,Keep ORIGINAL source rendered to WHITE master; exact approved output path/bytes/SHA256 not mapped in authoritative evidence
,,WHITE,,APPROVED_BUT_ASSET_MISSING,,2026-09-16 user decision,2026-09-16 user decision,88,,APPROVED_KEEP,,,Keep ORIGINAL source rendered to WHITE master; exact approved output path/bytes/SHA256 not mapped in authoritative evidence
,,,,APPROVED_BUT_ASSET_MISSING,,2026-09-16 user decision,2026-09-16 user decision,89,,APPROVED_KEEP,,,User selected V10; exact approved output path/bytes/SHA256 not mapped in authoritative evidence
,,WHITE,,APPROVED_BUT_ASSET_MISSING,,2026-09-16 user decision,2026-09-16 user decision,90,,APPROVED_KEEP,,,Keep ORIGINAL source rendered to WHITE master; exact approved output path/bytes/SHA256 not mapped in authoritative evidence
,,WHITE,,APPROVED_BUT_ASSET_MISSING,,2026-09-16 user decision,2026-09-16 user decision,91,,APPROVED_KEEP,,,Keep ORIGINAL source rendered to WHITE master; exact approved output path/bytes/SHA256 not mapped in authoritative evidence
,,WHITE,,APPROVED_BUT_ASSET_MISSING,,2026-09-16 user decision,2026-09-16 user decision,92,,APPROVED_KEEP,,,Keep ORIGINAL source rendered to WHITE master; exact approved output path/bytes/SHA256 not mapped in authoritative evidence
,,WHITE,,APPROVED_BUT_ASSET_MISSING,,2026-09-16 user decision,2026-09-16 user decision,93,,APPROVED_KEEP,,,Keep ORIGINAL source rendered to WHITE master; exact approved output path/bytes/SHA256 not mapped in authoritative evidence
,,WHITE,,APPROVED_BUT_ASSET_MISSING,,2026-09-16 user decision,2026-09-16 user decision,94,,APPROVED_KEEP,,,Keep ORIGINAL source rendered to WHITE master; exact approved output path/bytes/SHA256 not mapped in authoritative evidence
,,WHITE,,APPROVED_BUT_ASSET_MISSING,,2026-09-16 user decision,2026-09-16 user decision,95,,APPROVED_KEEP,,,Keep ORIGINAL source rendered to WHITE master; exact approved output path/bytes/SHA256 not mapped in authoritative evidence
,,WHITE,,APPROVED_BUT_ASSET_MISSING,,2026-09-16 user decision,2026-09-16 user decision,96,,APPROVED_KEEP,,,Keep ORIGINAL source rendered to WHITE master; exact approved output path/bytes/SHA256 not mapped in authoritative evidence
,,,,APPROVED_SELECTION_AMBIGUOUS,,2026-09-16 user decision,2026-09-16 user decision,116,,APPROVED_KEEP,V10-case-116-EUROSPORT-HD-refined.png | V10-case-116-EUROSPORT-and-HD-BLACK.png,988d18a0367168879fa8e282551be37141b8d7b428c93cf6c0fec809c39a43cd | f7561290ec6434f84ad9824a76146742294db394f27a4d82a73c8a554b214416,Change EUROSPORT and HD lettering only; numerals in red field stay white; exact PNG variant unresolved; candidate assets survive but exact selected output is not proved
,,,,APPROVED_SELECTION_AMBIGUOUS,,2026-09-16 user decision,2026-09-16 user decision,117,,APPROVED_KEEP,V10-case-117-EUROSPORT-HD-refined.png | V10-case-117-EUROSPORT-and-HD-BLACK.png,2ffcf8346d615b573b7d89dc05d264927f8c578dc5b2c1712a4ea3904070fdb6 | 995988cfcf4b30b10ce5a210a98af57a8a7580499f63cdf4536a1a1141d8c93e,Change EUROSPORT and HD lettering only; numerals in red field stay white; exact PNG variant unresolved; candidate assets survive but exact selected output is not proved
,,,,APPROVED_BUT_ASSET_MISSING,,PHASE4-V10-APPROVAL-CHECKPOINT.md,PHASE4-V10-APPROVAL-CHECKPOINT.md,121,,APPROVED_KEEP,,,Review checkpoint marks this case approved; see selected variant note; exact approved output path/bytes/SHA256 not mapped in authoritative evidence
,,,,APPROVED_BUT_ASSET_MISSING,,PHASE4-V10-APPROVAL-CHECKPOINT.md,PHASE4-V10-APPROVAL-CHECKPOINT.md,122,,APPROVED_KEEP,,,Review checkpoint marks this case approved; see selected variant note; exact approved output path/bytes/SHA256 not mapped in authoritative evidence
,,,,APPROVED_BUT_ASSET_MISSING,,PHASE4-V10-APPROVAL-CHECKPOINT.md,PHASE4-V10-APPROVAL-CHECKPOINT.md,123,,APPROVED_KEEP,,,Review checkpoint marks this case approved; see selected variant note; exact approved output path/bytes/SHA256 not mapped in authoritative evidence
,,WHITE,,APPROVED_BUT_ASSET_MISSING,,PHASE4-V10-APPROVAL-CHECKPOINT.md,PHASE4-V10-APPROVAL-CHECKPOINT.md,124,,APPROVED_KEEP,,,Review checkpoint marks this case approved; see selected variant note; exact approved output path/bytes/SHA256 not mapped in authoritative evidence
,,,,APPROVED_SELECTION_AMBIGUOUS,,PHASE4-V10-APPROVAL-CHECKPOINT.md,PHASE4-V10-APPROVAL-CHECKPOINT.md,125,,APPROVED_KEEP,V10-case-125-CN-upper-preserved-lower-text-black.png | V10-case-125-FRESH-ORIGINAL-to-WHITE.png | V10-case-125-FRESH-ORIGINAL-transparent.png | V10-case-125-refined-full-comparison.png,06a16c3904c9302aef2b62e25a0d87236662cc91f7d4fae2444e9fd6588b727a | 7642979e063de8a5ef8bf5e90080d465b67a79234a84a61674464ee496303433 | 946034db432871105f087c3ff1285eda607ba58743ae981b345a4936f28f63a9 | bd259c864470d055583735393d7ef3ce3fb86a94053db0f868e114c2e2c56b78,Review checkpoint marks this case approved; see selected variant note; candidate assets survive but exact selected output is not proved
,,,,APPROVED_BUT_ASSET_MISSING,,PHASE4-V10-APPROVAL-CHECKPOINT.md,PHASE4-V10-APPROVAL-CHECKPOINT.md,126,,APPROVED_KEEP,,,Review checkpoint marks this case approved; see selected variant note; exact approved output path/bytes/SHA256 not mapped in authoritative evidence
,,,,APPROVED_BUT_ASSET_MISSING,,PHASE4-V10-APPROVAL-CHECKPOINT.md,PHASE4-V10-APPROVAL-CHECKPOINT.md,127,,APPROVED_KEEP,,,Review checkpoint marks this case approved; see selected variant note; exact approved output path/bytes/SHA256 not mapped in authoritative evidence
,,,,APPROVED_BUT_ASSET_MISSING,,PHASE4-V10-APPROVAL-CHECKPOINT.md,PHASE4-V10-APPROVAL-CHECKPOINT.md,128,,APPROVED_KEEP,,,Review checkpoint marks this case approved; see selected variant note; exact approved output path/bytes/SHA256 not mapped in authoritative evidence
,,,,APPROVED_BUT_ASSET_MISSING,,PHASE4-V10-APPROVAL-CHECKPOINT.md,PHASE4-V10-APPROVAL-CHECKPOINT.md,129,,APPROVED_KEEP,,,Review checkpoint marks this case approved; see selected variant note; exact approved output path/bytes/SHA256 not mapped in authoritative evidence
,,,,APPROVED_BUT_ASSET_MISSING,,PHASE4-V10-APPROVAL-CHECKPOINT.md,PHASE4-V10-APPROVAL-CHECKPOINT.md,130,,APPROVED_KEEP,,,Review checkpoint marks this case approved; see selected variant note; exact approved output path/bytes/SHA256 not mapped in authoritative evidence
,,WHITE,,APPROVED_BUT_ASSET_MISSING,,PHASE4-V10-APPROVAL-CHECKPOINT.md,PHASE4-V10-APPROVAL-CHECKPOINT.md,131,,APPROVED_KEEP,,,Review checkpoint marks this case approved; see selected variant note; exact approved output path/bytes/SHA256 not mapped in authoritative evidence
,,,,APPROVED_BUT_ASSET_MISSING,,PHASE4-V10-APPROVAL-CHECKPOINT.md,PHASE4-V10-APPROVAL-CHECKPOINT.md,132,,APPROVED_KEEP,,,Review checkpoint marks this case approved; see selected variant note; exact approved output path/bytes/SHA256 not mapped in authoritative evidence
,,,,APPROVED_BUT_ASSET_MISSING,,PHASE4-V10-APPROVAL-CHECKPOINT.md,PHASE4-V10-APPROVAL-CHECKPOINT.md,133,,APPROVED_KEEP,,,Review checkpoint marks this case approved; see selected variant note; exact approved output path/bytes/SHA256 not mapped in authoritative evidence
,,,,APPROVED_BUT_ASSET_MISSING,,PHASE4-V10-APPROVAL-CHECKPOINT.md,PHASE4-V10-APPROVAL-CHECKPOINT.md,134,,APPROVED_KEEP,,,Review checkpoint marks this case approved; see selected variant note; exact approved output path/bytes/SHA256 not mapped in authoritative evidence
,,,,APPROVED_BUT_ASSET_MISSING,,PHASE4-V10-APPROVAL-CHECKPOINT.md,PHASE4-V10-APPROVAL-CHECKPOINT.md,135,,APPROVED_KEEP,,,Review checkpoint marks this case approved; see selected variant note; exact approved output path/bytes/SHA256 not mapped in authoritative evidence
,,,,APPROVED_BUT_ASSET_MISSING,,PHASE4-V10-APPROVAL-CHECKPOINT.md,PHASE4-V10-APPROVAL-CHECKPOINT.md,136,,APPROVED_KEEP,,,Review checkpoint marks this case approved; see selected variant note; exact approved output path/bytes/SHA256 not mapped in authoritative evidence
,,,,APPROVED_BUT_ASSET_MISSING,,PHASE4-V10-APPROVAL-CHECKPOINT.md,PHASE4-V10-APPROVAL-CHECKPOINT.md,137,,APPROVED_KEEP,,,Review checkpoint marks this case approved; see selected variant note; exact approved output path/bytes/SHA256 not mapped in authoritative evidence
,,,,APPROVED_BUT_ASSET_MISSING,,PHASE4-V10-APPROVAL-CHECKPOINT.md,PHASE4-V10-APPROVAL-CHECKPOINT.md,138,,APPROVED_KEEP,,,Review checkpoint marks this case approved; see selected variant note; exact approved output path/bytes/SHA256 not mapped in authoritative evidence
,,,,APPROVED_BUT_ASSET_MISSING,,PHASE4-V10-APPROVAL-CHECKPOINT.md,PHASE4-V10-APPROVAL-CHECKPOINT.md,139,,APPROVED_KEEP,,,Review checkpoint marks this case approved; see selected variant note; exact approved output path/bytes/SHA256 not mapped in authoritative evidence
,,,,APPROVED_BUT_ASSET_MISSING,,PHASE4-V10-APPROVAL-CHECKPOINT.md,PHASE4-V10-APPROVAL-CHECKPOINT.md,140,,APPROVED_KEEP,,,Review checkpoint marks this case approved; see selected variant note; exact approved output path/bytes/SHA256 not mapped in authoritative evidence
,,,,APPROVED_BUT_ASSET_MISSING,,PHASE4-V10-APPROVAL-CHECKPOINT.md,PHASE4-V10-APPROVAL-CHECKPOINT.md,141,,APPROVED_KEEP,,,Review checkpoint marks this case approved; see selected variant note; exact approved output path/bytes/SHA256 not mapped in authoritative evidence
,,,,APPROVED_BUT_ASSET_MISSING,,PHASE4-V10-APPROVAL-CHECKPOINT.md,PHASE4-V10-APPROVAL-CHECKPOINT.md,142,,APPROVED_KEEP,,,Review checkpoint marks this case approved; see selected variant note; exact approved output path/bytes/SHA256 not mapped in authoritative evidence
,,,,APPROVED_BUT_ASSET_MISSING,,PHASE4-V10-APPROVAL-CHECKPOINT.md,PHASE4-V10-APPROVAL-CHECKPOINT.md,143,,APPROVED_KEEP,,,Review checkpoint marks this case approved; see selected variant note; exact approved output path/bytes/SHA256 not mapped in authoritative evidence
,,,,APPROVED_BUT_ASSET_MISSING,,PHASE4-V10-APPROVAL-CHECKPOINT.md,PHASE4-V10-APPROVAL-CHECKPOINT.md,144,,APPROVED_KEEP,,,Review checkpoint marks this case approved; see selected variant note; exact approved output path/bytes/SHA256 not mapped in authoritative evidence
,,,,APPROVED_BUT_ASSET_MISSING,,PHASE4-V10-APPROVAL-CHECKPOINT.md,PHASE4-V10-APPROVAL-CHECKPOINT.md,145,,APPROVED_KEEP,,,Review checkpoint marks this case approved; see selected variant note; exact approved output path/bytes/SHA256 not mapped in authoritative evidence
,,,,APPROVED_BUT_ASSET_MISSING,,PHASE4-V10-APPROVAL-CHECKPOINT.md,PHASE4-V10-APPROVAL-CHECKPOINT.md,146,,APPROVED_KEEP,,,Review checkpoint marks this case approved; see selected variant note; exact approved output path/bytes/SHA256 not mapped in authoritative evidence
,,,,APPROVED_BUT_ASSET_MISSING,,PHASE4-V10-APPROVAL-CHECKPOINT.md,PHASE4-V10-APPROVAL-CHECKPOINT.md,147,,APPROVED_KEEP,,,Review checkpoint marks this case approved; see selected variant note; exact approved output path/bytes/SHA256 not mapped in authoritative evidence
,,,,APPROVED_BUT_ASSET_MISSING,,PHASE4-V10-APPROVAL-CHECKPOINT.md,PHASE4-V10-APPROVAL-CHECKPOINT.md,148,,APPROVED_KEEP,,,Review checkpoint marks this case approved; see selected variant note; exact approved output path/bytes/SHA256 not mapped in authoritative evidence
,,,,APPROVED_BUT_ASSET_MISSING,,PHASE4-V10-APPROVAL-CHECKPOINT.md,PHASE4-V10-APPROVAL-CHECKPOINT.md,149,,APPROVED_KEEP,,,Review checkpoint marks this case approved; see selected variant note; exact approved output path/bytes/SHA256 not mapped in authoritative evidence
,,,,APPROVED_SELECTION_AMBIGUOUS,,PHASE4-V10-APPROVAL-CHECKPOINT.md,PHASE4-V10-APPROVAL-CHECKPOINT.md,150,,APPROVED_KEEP,V10-case-150-FRESH-ORIGINAL-regenerated.png | V10-case-150-FRESH-ORIGINAL-sharp-pixel-detection.png | V10-case-150-MINIMAX-dark-embossed-clean-AA.png | V10-case-150-MINIMAX-dark-embossed-preserved.png | V10-case-150-MINIMAX-darkened-fresh-original.png | V10-case-150-ORIGINAL-V10-no-extra-changes.png | V10-case-150-text-BLACK.png | V10-case-150-wordmark-BLACK-fresh.png,7db5390c353a6e23352227c12637068f979387c67f1b0d9eee0f0fec6cc01392 | d00f57ccea9498e8c36d07e097d8a9643fc9c80893baddb1b0706f31de2caaa6 | 0736fe75a0703112d5ce788cec643b57da256eee45b9a808d4c2a13626628a05 | 51478860790ea3a30a13d7ecc9857a2f42820d6b841f99cd47d123ac77356fb4 | 5e86c24b9ca9904c9f03afe2fd171cd29209e0096b0608ec06fb73bafa2ea90c | 153259ff2e186cdfc20d93ce129b1fbac2ae4164d81e62f84f1c449bb4a600cc | 7db5390c353a6e23352227c12637068f979387c67f1b0d9eee0f0fec6cc01392 | 153259ff2e186cdfc20d93ce129b1fbac2ae4164d81e62f84f1c449bb4a600cc,Review checkpoint marks this case approved; see selected variant note; candidate assets survive but exact selected output is not proved
,,,,APPROVED_BUT_ASSET_MISSING,,PHASE4-V10-APPROVAL-CHECKPOINT.md,PHASE4-V10-APPROVAL-CHECKPOINT.md,151,,APPROVED_KEEP,,,Review checkpoint marks this case approved; see selected variant note; exact approved output path/bytes/SHA256 not mapped in authoritative evidence
,,,,APPROVED_BUT_ASSET_MISSING,,PHASE4-V10-APPROVAL-CHECKPOINT.md,PHASE4-V10-APPROVAL-CHECKPOINT.md,152,,APPROVED_KEEP,,,Review checkpoint marks this case approved; see selected variant note; exact approved output path/bytes/SHA256 not mapped in authoritative evidence
,,,,APPROVED_BUT_ASSET_MISSING,,PHASE4-V10-APPROVAL-CHECKPOINT.md,PHASE4-V10-APPROVAL-CHECKPOINT.md,153,,APPROVED_KEEP,,,Review checkpoint marks this case approved; see selected variant note; exact approved output path/bytes/SHA256 not mapped in authoritative evidence
,,BLACK,,APPROVED_SELECTION_AMBIGUOUS,,PHASE4-V10-APPROVAL-CHECKPOINT.md,PHASE4-V10-APPROVAL-CHECKPOINT.md,154,,APPROVED_KEEP,V10-case-154-FRESH-ORIGINAL-regenerated.png | V10-case-154-Folklorika-WORDMARK-BLACK-corrected.png | V10-case-154-ORIGINAL-V10-no-extra-changes.png | V10-case-154-text-BLACK.png | V10-case-154-text-black-test.png,1c0f109c6def90f2960790fda1f29bc8a6f48d58d299720a570ff0bd2ffc344f | ca454510b7999a75356f6821b90097f9f6d21c806cd39f19e848469cb80464dd | 1c0f109c6def90f2960790fda1f29bc8a6f48d58d299720a570ff0bd2ffc344f | 1c0f109c6def90f2960790fda1f29bc8a6f48d58d299720a570ff0bd2ffc344f | 1c0f109c6def90f2960790fda1f29bc8a6f48d58d299720a570ff0bd2ffc344f,Review checkpoint marks this case approved; see selected variant note; candidate assets survive but exact selected output is not proved
,,,,APPROVED_BUT_ASSET_MISSING,,PHASE4-V10-APPROVAL-CHECKPOINT.md,PHASE4-V10-APPROVAL-CHECKPOINT.md,155,,APPROVED_KEEP,,,Review checkpoint marks this case approved; see selected variant note; exact approved output path/bytes/SHA256 not mapped in authoritative evidence
,,,,APPROVED_BUT_ASSET_MISSING,,PHASE4-V10-APPROVAL-CHECKPOINT.md,PHASE4-V10-APPROVAL-CHECKPOINT.md,156,,APPROVED_KEEP,,,Review checkpoint marks this case approved; see selected variant note; exact approved output path/bytes/SHA256 not mapped in authoritative evidence
,,BLACK,,APPROVED_SELECTION_AMBIGUOUS,,PHASE4-V10-APPROVAL-CHECKPOINT.md,PHASE4-V10-APPROVAL-CHECKPOINT.md,157,,APPROVED_KEEP,V10-case-157-FRESH-ORIGINAL-regenerated.png | V10-case-157-STRIKE-TV-text-BLACK.png,c45be51796d5e18017177b4223706aa731ebd36eb048774e5b2035bb3eb2d4a5 | 62a64753a1def0b2255aa5ad236287a219742197a3daabf7d08681d23f71ce92,Review checkpoint marks this case approved; see selected variant note; candidate assets survive but exact selected output is not proved
,,,,APPROVED_BUT_ASSET_MISSING,,PHASE4-V10-APPROVAL-CHECKPOINT.md,PHASE4-V10-APPROVAL-CHECKPOINT.md,158,,APPROVED_KEEP,,,Review checkpoint marks this case approved; see selected variant note; exact approved output path/bytes/SHA256 not mapped in authoritative evidence
,,,,APPROVED_BUT_ASSET_MISSING,,PHASE4-V10-APPROVAL-CHECKPOINT.md,PHASE4-V10-APPROVAL-CHECKPOINT.md,159,,APPROVED_KEEP,,,Review checkpoint marks this case approved; see selected variant note; exact approved output path/bytes/SHA256 not mapped in authoritative evidence
,,,,APPROVED_BUT_ASSET_MISSING,,PHASE4-V10-APPROVAL-CHECKPOINT.md,PHASE4-V10-APPROVAL-CHECKPOINT.md,160,,APPROVED_KEEP,,,Review checkpoint marks this case approved; see selected variant note; exact approved output path/bytes/SHA256 not mapped in authoritative evidence
,,,,APPROVED_BUT_ASSET_MISSING,,PHASE4-V10-APPROVAL-CHECKPOINT.md,PHASE4-V10-APPROVAL-CHECKPOINT.md,161,,APPROVED_KEEP,,,Review checkpoint marks this case approved; see selected variant note; exact approved output path/bytes/SHA256 not mapped in authoritative evidence
,,,,APPROVED_BUT_ASSET_MISSING,,PHASE4-V10-APPROVAL-CHECKPOINT.md,PHASE4-V10-APPROVAL-CHECKPOINT.md,162,,APPROVED_KEEP,,,Review checkpoint marks this case approved; see selected variant note; exact approved output path/bytes/SHA256 not mapped in authoritative evidence
,,BLACK,,APPROVED_SELECTION_AMBIGUOUS,,PHASE4-V10-APPROVAL-CHECKPOINT.md,PHASE4-V10-APPROVAL-CHECKPOINT.md,163,,APPROVED_KEEP,V10-case-163-ALEPH-NEWS-bottom-text-BLACK.png | V10-case-163-FRESH-ORIGINAL-full.png | V10-case-163-FRESH-ORIGINAL-regenerated.png,cf4e50a0bca8be7cfc3590f87ead3223c13986339be2662b54ea6297d0f72cd6 | 744180214842bea8cefc3ecf7525a6b7a23175d4e1e250ce711c27b372ad4650 | edc666d8abe1a57c2fcd335b7ae0e70f874682aaa163ff63905249ffa9b9c6ee,Review checkpoint marks this case approved; see selected variant note; candidate assets survive but exact selected output is not proved
,,,,APPROVED_BUT_ASSET_MISSING,,PHASE4-V10-APPROVAL-CHECKPOINT.md,PHASE4-V10-APPROVAL-CHECKPOINT.md,164,,APPROVED_KEEP,,,Review checkpoint marks this case approved; see selected variant note; exact approved output path/bytes/SHA256 not mapped in authoritative evidence
,,,,APPROVED_BUT_ASSET_MISSING,,PHASE4-V10-APPROVAL-CHECKPOINT.md,PHASE4-V10-APPROVAL-CHECKPOINT.md,165,,APPROVED_KEEP,,,Review checkpoint marks this case approved; see selected variant note; exact approved output path/bytes/SHA256 not mapped in authoritative evidence
,,,,APPROVED_BUT_ASSET_MISSING,,PHASE4-V10-APPROVAL-CHECKPOINT.md,PHASE4-V10-APPROVAL-CHECKPOINT.md,166,,APPROVED_KEEP,,,Review checkpoint marks this case approved; see selected variant note; exact approved output path/bytes/SHA256 not mapped in authoritative evidence
,,,,APPROVED_BUT_ASSET_MISSING,,PHASE4-V10-APPROVAL-CHECKPOINT.md,PHASE4-V10-APPROVAL-CHECKPOINT.md,167,,APPROVED_KEEP,,,Review checkpoint marks this case approved; see selected variant note; exact approved output path/bytes/SHA256 not mapped in authoritative evidence
,,,,APPROVED_BUT_ASSET_MISSING,,PHASE4-V10-APPROVAL-CHECKPOINT.md,PHASE4-V10-APPROVAL-CHECKPOINT.md,168,,APPROVED_KEEP,,,Review checkpoint marks this case approved; see selected variant note; exact approved output path/bytes/SHA256 not mapped in authoritative evidence
,,,,APPROVED_BUT_ASSET_MISSING,,PHASE4-V10-APPROVAL-CHECKPOINT.md,PHASE4-V10-APPROVAL-CHECKPOINT.md,169,,APPROVED_KEEP,,,Review checkpoint marks this case approved; see selected variant note; exact approved output path/bytes/SHA256 not mapped in authoritative evidence
,,,,APPROVED_BUT_ASSET_MISSING,,PHASE4-V10-APPROVAL-CHECKPOINT.md,PHASE4-V10-APPROVAL-CHECKPOINT.md,170,,APPROVED_KEEP,,,Review checkpoint marks this case approved; see selected variant note; exact approved output path/bytes/SHA256 not mapped in authoritative evidence
,,WHITE,,APPROVED_BUT_ASSET_MISSING,,PHASE4-V10-APPROVAL-CHECKPOINT.md,PHASE4-V10-APPROVAL-CHECKPOINT.md,171,,APPROVED_KEEP,,,Review checkpoint marks this case approved; see selected variant note; exact approved output path/bytes/SHA256 not mapped in authoritative evidence
,,,,APPROVED_BUT_ASSET_MISSING,,PHASE4-V10-APPROVAL-CHECKPOINT.md,PHASE4-V10-APPROVAL-CHECKPOINT.md,172,,APPROVED_KEEP,,,Review checkpoint marks this case approved; see selected variant note; exact approved output path/bytes/SHA256 not mapped in authoritative evidence
,,,,APPROVED_BUT_ASSET_MISSING,,PHASE4-V10-APPROVAL-CHECKPOINT.md,PHASE4-V10-APPROVAL-CHECKPOINT.md,173,,APPROVED_KEEP,,,Review checkpoint marks this case approved; see selected variant note; exact approved output path/bytes/SHA256 not mapped in authoritative evidence
,,,,APPROVED_BUT_ASSET_MISSING,,PHASE4-V10-APPROVAL-CHECKPOINT.md,PHASE4-V10-APPROVAL-CHECKPOINT.md,174,,APPROVED_KEEP,,,Review checkpoint marks this case approved; see selected variant note; exact approved output path/bytes/SHA256 not mapped in authoritative evidence
,,,,APPROVED_BUT_ASSET_MISSING,,PHASE4-V10-APPROVAL-CHECKPOINT.md,PHASE4-V10-APPROVAL-CHECKPOINT.md,175,,APPROVED_KEEP,,,Review checkpoint marks this case approved; see selected variant note; exact approved output path/bytes/SHA256 not mapped in authoritative evidence
,,,,APPROVED_BUT_ASSET_MISSING,,PHASE4-V10-APPROVAL-CHECKPOINT.md,PHASE4-V10-APPROVAL-CHECKPOINT.md,176,,APPROVED_KEEP,,,Review checkpoint marks this case approved; see selected variant note; exact approved output path/bytes/SHA256 not mapped in authoritative evidence
,,,,APPROVED_BUT_ASSET_MISSING,,PHASE4-V10-APPROVAL-CHECKPOINT.md,PHASE4-V10-APPROVAL-CHECKPOINT.md,177,,APPROVED_KEEP,,,Review checkpoint marks this case approved; see selected variant note; exact approved output path/bytes/SHA256 not mapped in authoritative evidence
,,,,APPROVED_BUT_ASSET_MISSING,,PHASE4-V10-APPROVAL-CHECKPOINT.md,PHASE4-V10-APPROVAL-CHECKPOINT.md,178,,APPROVED_KEEP,,,Review checkpoint marks this case approved; see selected variant note; exact approved output path/bytes/SHA256 not mapped in authoritative evidence
,,,,APPROVED_BUT_ASSET_MISSING,,PHASE4-V10-APPROVAL-CHECKPOINT.md,PHASE4-V10-APPROVAL-CHECKPOINT.md,179,,APPROVED_KEEP,,,Review checkpoint marks this case approved; see selected variant note; exact approved output path/bytes/SHA256 not mapped in authoritative evidence
,,,,APPROVED_BUT_ASSET_MISSING,,PHASE4-V10-APPROVAL-CHECKPOINT.md,PHASE4-V10-APPROVAL-CHECKPOINT.md,180,,APPROVED_KEEP,,,Review checkpoint marks this case approved; see selected variant note; exact approved output path/bytes/SHA256 not mapped in authoritative evidence
,,,,APPROVED_BUT_ASSET_MISSING,,2026-09-17 user decision,2026-09-17 user decision,181,,APPROVED_KEEP,,,V10 accepted per recovered user decision; exact approved output path/bytes/SHA256 not mapped in authoritative evidence
,,,,APPROVED_BUT_ASSET_MISSING,,2026-09-17 user decision,2026-09-17 user decision,182,,APPROVED_KEEP,,,V10 accepted per recovered user decision; exact approved output path/bytes/SHA256 not mapped in authoritative evidence
,,,,APPROVED_BUT_ASSET_MISSING,,2026-09-17 user decision,2026-09-17 user decision,183,,APPROVED_KEEP,,,V10 accepted per recovered user decision; exact approved output path/bytes/SHA256 not mapped in authoritative evidence
,,,,APPROVED_BUT_ASSET_MISSING,,2026-09-17 user decision,2026-09-17 user decision,184,,APPROVED_KEEP,,,V10 accepted per recovered user decision; exact approved output path/bytes/SHA256 not mapped in authoritative evidence
,,,,APPROVED_BUT_ASSET_MISSING,,2026-09-17 user decision,2026-09-17 user decision,185,,APPROVED_KEEP,,,V10 accepted per recovered user decision; exact approved output path/bytes/SHA256 not mapped in authoritative evidence
,,BLACK,,REVIEW_NOT_APPROVED,,2026-09-17 user decision,2026-09-17 user decision,186,,REQUESTED_CHANGE_NOT_CONFIRMED,V10-case-186-FRESH-ORIGINAL-to-WHITE.png | V10-case-186-PRO-ARENA-text-BLACK-from-ORIGINAL.png,dad59844fe0650262a0b1d172ce32b977cf5b2d4414395e7fe6f1511a5c6174f | 917726c7722cb989cd45326cf4852682331ace5f06e1d1ff347ef1f180096c4a,Black text requested; no final approval recovered
,,,,APPROVED_BUT_ASSET_MISSING,,2026-09-17 user decision,2026-09-17 user decision,187,,APPROVED_KEEP,,,V10 accepted per recovered user decision; exact approved output path/bytes/SHA256 not mapped in authoritative evidence
,,,,APPROVED_BUT_ASSET_MISSING,,2026-09-17 user decision,2026-09-17 user decision,188,,APPROVED_KEEP,,,V10 accepted per recovered user decision; exact approved output path/bytes/SHA256 not mapped in authoritative evidence
,,,,APPROVED_BUT_ASSET_MISSING,,2026-09-17 user decision,2026-09-17 user decision,189,,APPROVED_KEEP,,,V10 accepted per recovered user decision; exact approved output path/bytes/SHA256 not mapped in authoritative evidence
,,,,APPROVED_BUT_ASSET_MISSING,,2026-09-17 user decision,2026-09-17 user decision,190,,APPROVED_KEEP,,,V10 accepted per recovered user decision; exact approved output path/bytes/SHA256 not mapped in authoritative evidence
,,,,APPROVED_BUT_ASSET_MISSING,,2026-09-17 user decision,2026-09-17 user decision,191,,APPROVED_KEEP,,,ORIGINAL retained per recovered user decision; exact approved output path/bytes/SHA256 not mapped in authoritative evidence
,,,,APPROVED_BUT_ASSET_MISSING,,2026-09-17 user decision,2026-09-17 user decision,192,,APPROVED_KEEP,,,ORIGINAL retained per recovered user decision; exact approved output path/bytes/SHA256 not mapped in authoritative evidence
,,BLACK,,REVIEW_NOT_APPROVED,,Recovered request asset; user decision not found,Recovered request asset; user decision not found,196,,REQUESTED_CHANGE_NOT_CONFIRMED,V10-cases-196-198-199-201-202-204-requested-black-text.png,8f71bda77be3b6ca7702506a85d5d15c40dcf06de828b7cee8326265273b37bc,Black-text change requested; no individual final approval recovered
,,BLACK,,REVIEW_NOT_APPROVED,,Recovered request asset; user decision not found,Recovered request asset; user decision not found,198,,REQUESTED_CHANGE_NOT_CONFIRMED,V10-cases-196-198-199-201-202-204-requested-black-text.png,8f71bda77be3b6ca7702506a85d5d15c40dcf06de828b7cee8326265273b37bc,Black-text change requested; no individual final approval recovered
,,BLACK,,REVIEW_NOT_APPROVED,,Recovered request asset; user decision not found,Recovered request asset; user decision not found,199,,REQUESTED_CHANGE_NOT_CONFIRMED,V10-cases-196-198-199-201-202-204-requested-black-text.png,8f71bda77be3b6ca7702506a85d5d15c40dcf06de828b7cee8326265273b37bc,Black-text change requested; no individual final approval recovered
,,BLACK,,REVIEW_NOT_APPROVED,,Recovered request asset; user decision not found,Recovered request asset; user decision not found,201,,REQUESTED_CHANGE_NOT_CONFIRMED,V10-cases-196-198-199-201-202-204-requested-black-text.png,8f71bda77be3b6ca7702506a85d5d15c40dcf06de828b7cee8326265273b37bc,Black-text change requested; no individual final approval recovered
,,BLACK,,REVIEW_NOT_APPROVED,,Recovered request asset; user decision not found,Recovered request asset; user decision not found,202,,REQUESTED_CHANGE_NOT_CONFIRMED,V10-cases-196-198-199-201-202-204-requested-black-text.png,8f71bda77be3b6ca7702506a85d5d15c40dcf06de828b7cee8326265273b37bc,Black-text change requested; no individual final approval recovered
,,BLACK,,REVIEW_NOT_APPROVED,,Recovered request asset; user decision not found,Recovered request asset; user decision not found,204,,REQUESTED_CHANGE_NOT_CONFIRMED,V10-cases-196-198-199-201-202-204-requested-black-text.png,8f71bda77be3b6ca7702506a85d5d15c40dcf06de828b7cee8326265273b37bc,Black-text change requested; no individual final approval recovered
A250,0.8w/freesat/1_0_16_7A48_2CB_600_E080000_0_0_0,WHITE,picons/0.8w/freesat/white/1_0_16_7A48_2CB_600_E080000_0_0_0.png,EXACT_RECOVERED,031ab28196abdf16781ebff8f2584ecd6048e3271297ad1bc7c9751bf244756c,Recovered explicit user decision,reports/warder-master-production/phase4-v10-experiment-20260925/CASE-407-MANUAL-APPROVAL.csv,407,,APPROVED_KEEP,,,"Approved as separate destination; candidate bytes match #1009; exact bytes retrieved from approved Phase 4 Git output, Git blob and SHA256 verified"
B082,1.9e/neosat/1_0_2_255_19_3_130000_0_0_0,WHITE,picons/1.9e/neosat/white/1_0_2_255_19_3_130000_0_0_0.png,EXACT_RECOVERED,2e2d1a02f31601d795854cbccfe3c8472c927a2d45d99a458a8ab315788ba8f5,2026-09-17 checkpoint + five Pass 9 contact sheets + pass2-manifest.csv,pass2-manifest.csv,992,,APPROVED_KEEP,,,"V10-to-WHITE displayed; checkpoint says Pass 9 52/52 approved and closed; exact bytes retrieved from approved Phase 4 Git output, Git blob and SHA256 verified"
A469,0.8w/m7-group/1_0_16_7A48_2CB_600_E080000_0_0_0,WHITE,picons/0.8w/m7-group/white/1_0_16_7A48_2CB_600_E080000_0_0_0.png,EXACT_RECOVERED,031ab28196abdf16781ebff8f2584ecd6048e3271297ad1bc7c9751bf244756c,Recovered explicit user decision,reports/warder-master-production/phase4-v10-experiment-20260925/CASE-1009-MANUAL-APPROVAL.csv,1009,,APPROVED_KEEP,,,"Approved as separate destination; candidate bytes match #407; exact bytes retrieved from approved Phase 4 Git output, Git blob and SHA256 verified"
A665,0.8w/paramount/1_0_1_1F6_1B_2C0_E080000_0_0_0,WHITE,picons/0.8w/paramount/white/1_0_1_1F6_1B_2C0_E080000_0_0_0.png,EXACT_RECOVERED,c91beb0a4a443272f51821b3c560119d78c35f4ca2314f4d59126419945d292a,Recovered explicit user decision,reports/warder-master-production/phase4-v10-experiment-20260925/CASE-1120-MANUAL-APPROVAL.md,1120,,APPROVED_KEEP,,,"Current V9 image approved unchanged; Git audit confirms approved candidate bytes equal current WHITE output; exact bytes retrieved from approved Phase 4 Git output, Git blob and SHA256 verified"
,,,,APPROVED_SELECTION_AMBIGUOUS,,Recovered explicit user decision,reports/warder-master-production/phase4-v10-experiment-20260925/,1125,,APPROVED_KEEP,case-1125-repair-v4-FRESH-ORIGINAL-HD-only-black-on-white.png,dfaaaffb971135bf84afa5e35e582ac5cb3a66791ae3eb565233651afb12bb9e,V9 approved; separated HD lettering only; logo untouched; candidate assets survive but exact selected output is not proved
,,,,APPROVED_BUT_ASSET_MISSING,,Recovered explicit user decision,reports/warder-master-production/phase4-v10-experiment-20260925/,1146,,APPROVED_KEEP,,,HD-component-only change approved; exact approved output path/bytes/SHA256 not mapped in authoritative evidence
,,,,APPROVED_BUT_ASSET_MISSING,,Recovered explicit user decision,reports/warder-master-production/phase4-v10-experiment-20260925/,1202,,APPROVED_KEEP,,,Current image accepted unchanged; exact approved output path/bytes/SHA256 not mapped in authoritative evidence
,,,,APPROVED_BUT_ASSET_MISSING,,Recovered explicit user decision,reports/warder-master-production/phase4-v10-experiment-20260925/,1206,,APPROVED_KEEP,,,Approved; exact approved output path/bytes/SHA256 not mapped in authoritative evidence
B452,13.0e/cyfrowy-polsat/1_0_1_3E26_2EE0_13E_820000_0_0_0,WHITE,picons/13.0e/cyfrowy-polsat/white/1_0_1_3E26_2EE0_13E_820000_0_0_0.png,EXACT_RECOVERED,56b037847fc06d6f1b2dfed2e7ac339d6d4d7411839dbe2cf1aaabca7f233113,2026-09-17 checkpoint + five Pass 9 contact sheets + pass2-manifest.csv,pass2-manifest.csv,1277,,APPROVED_KEEP,,,"V10-to-WHITE displayed; checkpoint says Pass 9 52/52 approved and closed; exact bytes retrieved from approved Phase 4 Git output, Git blob and SHA256 verified"
,,,,APPROVED_BUT_ASSET_MISSING,,Recovered explicit user decision,reports/warder-master-production/phase4-v10-experiment-20260925/,1311,,APPROVED_KEEP,,,V9 accepted despite minor imperfection; exact approved output path/bytes/SHA256 not mapped in authoritative evidence
,,BLACK,,APPROVED_BUT_ASSET_MISSING,,Recovered explicit user decision,reports/warder-master-production/phase4-v10-experiment-20260925/,1352,,APPROVED_KEEP,,,Black text approved; red square untouched; exact approved output path/bytes/SHA256 not mapped in authoritative evidence
,,,,APPROVED_BUT_ASSET_MISSING,,Recovered explicit user decision,reports/warder-master-production/phase4-v10-experiment-20260925/,1598,,APPROVED_KEEP,,,v4 accepted; left logo untouched; exact approved output path/bytes/SHA256 not mapped in authoritative evidence
B100,10.0e/bfbs/1_0_2_1F5C_1_10_640000_0_0_0,WHITE,picons/10.0e/bfbs/white/1_0_2_1F5C_1_10_640000_0_0_0.png,EXACT_RECOVERED,8b2912c4c3afbd7c5a632e76019c0d5937f3aee999deb4aacc68a354a9f16c0e,Recovered explicit user decision,reports/warder-master-production/phase4-v10-experiment-20260925/CASE-13015-1856-MANUAL-DECISIONS.csv,1856,,APPROVED_KEEP,,,"Middle/current version retained; exact bytes retrieved from approved Phase 4 Git output, Git blob and SHA256 verified"
C408,13.0e/vivacom/1_0_2_1E_2580_D5_820000_0_0_0,WHITE,picons/13.0e/vivacom/white/1_0_2_1E_2580_D5_820000_0_0_0.png,EXACT_RECOVERED,c071c81ddfee7d54c1dea7af630516b04ac27126f5e5625385b20930c2e260d2,2026-09-17 checkpoint + five Pass 9 contact sheets + pass2-manifest.csv,pass2-manifest.csv,2157,,APPROVED_KEEP,,,"V10-to-WHITE displayed; checkpoint says Pass 9 52/52 approved and closed; exact bytes retrieved from approved Phase 4 Git output, Git blob and SHA256 verified"
C856,16.0e/t-ht/1_0_2_CA_2_40_A00000_0_0_0,WHITE,picons/16.0e/t-ht/white/1_0_2_CA_2_40_A00000_0_0_0.png,EXACT_RECOVERED,7a6497add252f0370ae9daf11463c64588a78c61a5aeedc3c70b8e8650f2cce2,2026-09-17 checkpoint + five Pass 9 contact sheets + pass2-manifest.csv,pass2-manifest.csv,2575,,APPROVED_KEEP,,,"V10-to-WHITE displayed; checkpoint says Pass 9 52/52 approved and closed; exact bytes retrieved from approved Phase 4 Git output, Git blob and SHA256 verified"
C859,16.0e/t-ht/1_0_2_D4_2_40_A00000_0_0_0,WHITE,picons/16.0e/t-ht/white/1_0_2_D4_2_40_A00000_0_0_0.png,EXACT_RECOVERED,41e7c7808885523be7277d7143f0d5abf153b0efb9ec22eda63c8a9cb82490a4,2026-09-17 checkpoint + five Pass 9 contact sheets + pass2-manifest.csv,pass2-manifest.csv,2578,,APPROVED_KEEP,,,"V10-to-WHITE displayed; checkpoint says Pass 9 52/52 approved and closed; exact bytes retrieved from approved Phase 4 Git output, Git blob and SHA256 verified"
C861,16.0e/t-ht/1_0_2_DB_2_40_A00000_0_0_0,WHITE,picons/16.0e/t-ht/white/1_0_2_DB_2_40_A00000_0_0_0.png,EXACT_RECOVERED,a0247727352aafa6d51e52a8aea3372f1bbb1a14b26e922ed04b9bc7a6e989de,2026-09-17 checkpoint + five Pass 9 contact sheets + pass2-manifest.csv,pass2-manifest.csv,2580,,APPROVED_KEEP,,,"V10-to-WHITE displayed; checkpoint says Pass 9 52/52 approved and closed; exact bytes retrieved from approved Phase 4 Git output, Git blob and SHA256 verified"
C870,16.0e/telekom-srbija/1_0_1_1131_9CA4_16E_A00000_0_0_0,WHITE,picons/16.0e/telekom-srbija/white/1_0_1_1131_9CA4_16E_A00000_0_0_0.png,EXACT_RECOVERED,084a1ed4b3baad6a0dc7c5e9e43c04f0fc2b99c81ed68559057b9c68d6babd17,2026-09-17 checkpoint + five Pass 9 contact sheets + pass2-manifest.csv,pass2-manifest.csv,2589,,APPROVED_KEEP,,,"V10-to-WHITE displayed; checkpoint says Pass 9 52/52 approved and closed; exact bytes retrieved from approved Phase 4 Git output, Git blob and SHA256 verified"
C872,16.0e/telekom-srbija/1_0_1_1133_9CA4_16E_A00000_0_0_0,WHITE,picons/16.0e/telekom-srbija/white/1_0_1_1133_9CA4_16E_A00000_0_0_0.png,EXACT_RECOVERED,9b4a9f5d5302af15d7f20f2f7e62f68263652c4f02039639b98de9edd75c34e2,2026-09-17 checkpoint + five Pass 9 contact sheets + pass2-manifest.csv,pass2-manifest.csv,2591,,APPROVED_KEEP,,,"V10-to-WHITE displayed; checkpoint says Pass 9 52/52 approved and closed; exact bytes retrieved from approved Phase 4 Git output, Git blob and SHA256 verified"
C874,16.0e/telekom-srbija/1_0_1_1135_9CA4_16E_A00000_0_0_0,WHITE,picons/16.0e/telekom-srbija/white/1_0_1_1135_9CA4_16E_A00000_0_0_0.png,EXACT_RECOVERED,4895de754fdc62bd1c83e36602228ce4a92b2bc53cc48a32ac7f6411bbbcb6ea,2026-09-17 checkpoint + five Pass 9 contact sheets + pass2-manifest.csv,pass2-manifest.csv,2593,,APPROVED_KEEP,,,"V10-to-WHITE displayed; checkpoint says Pass 9 52/52 approved and closed; exact bytes retrieved from approved Phase 4 Git output, Git blob and SHA256 verified"
C895,16.0e/telekom-srbija/1_0_1_11A8_A028_16E_A00000_0_0_0,WHITE,picons/16.0e/telekom-srbija/white/1_0_1_11A8_A028_16E_A00000_0_0_0.png,EXACT_RECOVERED,372ad96a7cf3e347a6a4dd1b99c9d8ee35ea5a54c704a606cd887b73b0623701,2026-09-17 checkpoint + five Pass 9 contact sheets + pass2-manifest.csv,pass2-manifest.csv,2612,,APPROVED_KEEP,,,"V10-to-WHITE displayed; checkpoint says Pass 9 52/52 approved and closed; exact bytes retrieved from approved Phase 4 Git output, Git blob and SHA256 verified"
C906,16.0e/telekom-srbija/1_0_1_5E4_4E84_16E_A00000_0_0_0,WHITE,picons/16.0e/telekom-srbija/white/1_0_1_5E4_4E84_16E_A00000_0_0_0.png,EXACT_RECOVERED,a9a5da9cdb88b4e2be2242258b24929318af22c38307233c7594ac22a86a2c16,2026-09-17 checkpoint + five Pass 9 contact sheets + pass2-manifest.csv,pass2-manifest.csv,2623,,APPROVED_KEEP,,,"V10-to-WHITE displayed; checkpoint says Pass 9 52/52 approved and closed; exact bytes retrieved from approved Phase 4 Git output, Git blob and SHA256 verified"
C916,16.0e/telekom-srbija/1_0_1_5EE_4E84_16E_A00000_0_0_0,WHITE,picons/16.0e/telekom-srbija/white/1_0_1_5EE_4E84_16E_A00000_0_0_0.png,EXACT_RECOVERED,fde41c1eae5928c2916acc0f0afe711e5f6b2364062f898a4dab3767841a5e7f,2026-09-17 checkpoint + five Pass 9 contact sheets + pass2-manifest.csv,pass2-manifest.csv,2632,,APPROVED_KEEP,,,"V10-to-WHITE displayed; checkpoint says Pass 9 52/52 approved and closed; exact bytes retrieved from approved Phase 4 Git output, Git blob and SHA256 verified"
C921,16.0e/telekom-srbija/1_0_1_5F3_4E84_16E_A00000_0_0_0,WHITE,picons/16.0e/telekom-srbija/white/1_0_1_5F3_4E84_16E_A00000_0_0_0.png,EXACT_RECOVERED,de565d1be3f02d7e548b43ce29430dadf8d130359697cde8cb82645197df3fdf,2026-09-17 checkpoint + five Pass 9 contact sheets + pass2-manifest.csv,pass2-manifest.csv,2637,,APPROVED_KEEP,,,"V10-to-WHITE displayed; checkpoint says Pass 9 52/52 approved and closed; exact bytes retrieved from approved Phase 4 Git output, Git blob and SHA256 verified"
C924,16.0e/telekom-srbija/1_0_1_5F6_4E84_16E_A00000_0_0_0,WHITE,picons/16.0e/telekom-srbija/white/1_0_1_5F6_4E84_16E_A00000_0_0_0.png,EXACT_RECOVERED,986d8951e1d7abcf1dae955f6f6557f2138ecac6e7080943971ab70bd966004d,2026-09-17 checkpoint + five Pass 9 contact sheets + pass2-manifest.csv,pass2-manifest.csv,2640,,APPROVED_KEEP,,,"V10-to-WHITE displayed; checkpoint says Pass 9 52/52 approved and closed; exact bytes retrieved from approved Phase 4 Git output, Git blob and SHA256 verified"
C947,16.0e/telekom-srbija/1_0_1_7B_9F60_16E_A00000_0_0_0,WHITE,picons/16.0e/telekom-srbija/white/1_0_1_7B_9F60_16E_A00000_0_0_0.png,EXACT_RECOVERED,9b40b74dd2fa941a9e1debe8d0bd36c84a3ef987c5bfc665e84d564fb5adc799,2026-09-17 checkpoint + five Pass 9 contact sheets + pass2-manifest.csv,pass2-manifest.csv,2662,,APPROVED_KEEP,,,"V10-to-WHITE displayed; checkpoint says Pass 9 52/52 approved and closed; exact bytes retrieved from approved Phase 4 Git output, Git blob and SHA256 verified"
D038,16.0e/total-tv/1_0_1_674_9FC4_16E_A00000_0_0_0,WHITE,picons/16.0e/total-tv/white/1_0_1_674_9FC4_16E_A00000_0_0_0.png,EXACT_RECOVERED,a6264c3d826858041a8312310b5d6ab0e36ed3c49df0abcdfeb151dd83fedd96,2026-09-17 checkpoint + five Pass 9 contact sheets + pass2-manifest.csv,pass2-manifest.csv,2746,,APPROVED_KEEP,,,"V10-to-WHITE displayed; checkpoint says Pass 9 52/52 approved and closed; exact bytes retrieved from approved Phase 4 Git output, Git blob and SHA256 verified"
D056,16.0e/total-tv/1_0_1_6D7_C544_16E_A00000_0_0_0,WHITE,picons/16.0e/total-tv/white/1_0_1_6D7_C544_16E_A00000_0_0_0.png,EXACT_RECOVERED,b885f08319419c9b25f3c87d67f99a05c60289c0163d49ec883bc1b4c355a219,2026-09-17 checkpoint + five Pass 9 contact sheets + pass2-manifest.csv,pass2-manifest.csv,2763,,APPROVED_KEEP,,,"V10-to-WHITE displayed; checkpoint says Pass 9 52/52 approved and closed; exact bytes retrieved from approved Phase 4 Git output, Git blob and SHA256 verified"
,,,,APPROVED_BUT_ASSET_MISSING,,PHASE4-V10-END-OF-DAY-2026-09-17.md,PHASE4-V10-END-OF-DAY-2026-09-17.md,2784,,APPROVED_REPAIRED,,,Case closed as repaired in Batch 12 checkpoint; exact approved output path/bytes/SHA256 absent in authoritative index and checked repository
,,,,APPROVED_BUT_ASSET_MISSING,,PHASE4-V10-END-OF-DAY-2026-09-17.md,PHASE4-V10-END-OF-DAY-2026-09-17.md,2799,,APPROVED_REPAIRED,,,Case closed as repaired in Batch 12 checkpoint; exact approved output path/bytes/SHA256 absent in authoritative index and checked repository
,,,,APPROVED_BUT_ASSET_MISSING,,PHASE4-V10-END-OF-DAY-2026-09-17.md,PHASE4-V10-END-OF-DAY-2026-09-17.md,2838,,APPROVED_REPAIRED,,,Case closed as repaired in Batch 12 checkpoint; exact approved output path/bytes/SHA256 absent in authoritative index and checked repository
,,,,APPROVED_BUT_ASSET_MISSING,,PHASE4-V10-END-OF-DAY-2026-09-17.md,PHASE4-V10-END-OF-DAY-2026-09-17.md,2843,,APPROVED_KEEP,,,Case closed unchanged in Batch 12 checkpoint; exact approved output path/bytes/SHA256 not mapped in authoritative evidence
,,,,APPROVED_BUT_ASSET_MISSING,,PHASE4-V10-END-OF-DAY-2026-09-17.md,PHASE4-V10-END-OF-DAY-2026-09-17.md,2844,,APPROVED_KEEP,,,Case closed unchanged in Batch 12 checkpoint; exact approved output path/bytes/SHA256 not mapped in authoritative evidence
D179,19.2e/ard-ndr/1_0_A_28DB_40F_1_C00000_0_0_0,WHITE,picons/19.2e/ard-ndr/white/1_0_A_28DB_40F_1_C00000_0_0_0.png,EXACT_RECOVERED,45f98d59b75c12469ec7a99c4601685eebe47c4af9f0b2e3bb0df159da341ae9,2026-09-17 checkpoint + five Pass 9 contact sheets + pass2-manifest.csv,pass2-manifest.csv,2875,,APPROVED_KEEP,,,"V10-to-WHITE displayed; checkpoint says Pass 9 52/52 approved and closed; exact bytes retrieved from approved Phase 4 Git output, Git blob and SHA256 verified"
,,,,APPROVED_BUT_ASSET_MISSING,,PHASE4-V10-END-OF-DAY-2026-09-17.md,PHASE4-V10-END-OF-DAY-2026-09-17.md,2912,,APPROVED_REPAIRED,,,Case closed as repaired in Batch 12 checkpoint; exact approved output path/bytes/SHA256 absent in authoritative index and checked repository
,,,,APPROVED_BUT_ASSET_MISSING,,PHASE4-V10-END-OF-DAY-2026-09-17.md,PHASE4-V10-END-OF-DAY-2026-09-17.md,2929,,APPROVED_REPAIRED,,,Case closed as repaired in Batch 12 checkpoint; exact approved output path/bytes/SHA256 absent in authoritative index and checked repository
,,,,APPROVED_BUT_ASSET_MISSING,,PHASE4-V10-END-OF-DAY-2026-09-17.md,PHASE4-V10-END-OF-DAY-2026-09-17.md,2932,,APPROVED_KEEP,,,Case closed unchanged in Batch 12 checkpoint; exact approved output path/bytes/SHA256 not mapped in authoritative evidence
,,,,APPROVED_BUT_ASSET_MISSING,,PHASE4-V10-END-OF-DAY-2026-09-17.md,PHASE4-V10-END-OF-DAY-2026-09-17.md,2933,,APPROVED_REPAIRED,,,Case closed as repaired in Batch 12 checkpoint; exact approved output path/bytes/SHA256 absent in authoritative index and checked repository
,,,,APPROVED_BUT_ASSET_MISSING,,PHASE4-V10-END-OF-DAY-2026-09-17.md,PHASE4-V10-END-OF-DAY-2026-09-17.md,2943,,APPROVED_REPAIRED,,,Case closed as repaired in Batch 12 checkpoint; exact approved output path/bytes/SHA256 absent in authoritative index and checked repository
,,,,APPROVED_BUT_ASSET_MISSING,,PHASE4-V10-END-OF-DAY-2026-09-17.md,PHASE4-V10-END-OF-DAY-2026-09-17.md,2974,,APPROVED_KEEP,,,Case closed unchanged in Batch 12 checkpoint; exact approved output path/bytes/SHA256 not mapped in authoritative evidence
,,,,APPROVED_BUT_ASSET_MISSING,,PHASE4-V10-END-OF-DAY-2026-09-17.md,PHASE4-V10-END-OF-DAY-2026-09-17.md,2975,,APPROVED_KEEP,,,Case closed unchanged in Batch 12 checkpoint; exact approved output path/bytes/SHA256 not mapped in authoritative evidence
,,,,APPROVED_BUT_ASSET_MISSING,,PHASE4-V10-APPROVAL-CHECKPOINT-2026-09-25.md,reports/warder-master-production/phase4-v10-approved-batch13/APPROVAL-AUDIT.csv,3009,,APPROVED_KEEP,,,Displayed current image explicitly approved unchanged; exact approved output path/bytes/SHA256 not mapped in authoritative evidence
,,,,APPROVED_BUT_ASSET_MISSING,,PHASE4-V10-APPROVAL-CHECKPOINT-2026-09-25.md,reports/warder-master-production/phase4-v10-approved-batch13/APPROVAL-AUDIT.csv,3010,,APPROVED_KEEP,,,Displayed current image explicitly approved unchanged; exact approved output path/bytes/SHA256 not mapped in authoritative evidence
,,,,APPROVED_BUT_ASSET_MISSING,,PHASE4-V10-APPROVAL-CHECKPOINT-2026-09-25.md,reports/warder-master-production/phase4-v10-approved-batch13/APPROVAL-AUDIT.csv,3011,,APPROVED_KEEP,,,Displayed current image explicitly approved unchanged; exact approved output path/bytes/SHA256 not mapped in authoritative evidence
D340,19.2e/csat/1_0_19_2719_44C_1_C00000_0_0_0,WHITE,picons/19.2e/csat/white/1_0_19_2719_44C_1_C00000_0_0_0.png,EXACT_RECOVERED,bc7c748e82f3647266d5a9503a9c30db76ee31f36ee4b8c6813d0c02327d8a4c,PHASE4-V10-APPROVAL-CHECKPOINT-2026-09-25.md,reports/warder-master-production/phase4-v10-approved-batch13/APPROVAL-AUDIT.csv,3021,,APPROVED_REPAIRED,,,"Corrected WHITE output explicitly approved; present in isolated branch audit; exact bytes retrieved from approved Phase 4 Git output, Git blob and SHA256 verified"
,,,,APPROVED_BUT_ASSET_MISSING,,PHASE4-V10-APPROVAL-CHECKPOINT-2026-09-25.md,reports/warder-master-production/phase4-v10-approved-batch13/APPROVAL-AUDIT.csv,3027,,APPROVED_KEEP,,,Displayed current image explicitly approved unchanged; exact approved output path/bytes/SHA256 not mapped in authoritative evidence
,,,,APPROVED_BUT_ASSET_MISSING,,PHASE4-V10-APPROVAL-CHECKPOINT-2026-09-25.md,reports/warder-master-production/phase4-v10-approved-batch13/APPROVAL-AUDIT.csv,3028,,APPROVED_KEEP,,,Displayed current image explicitly approved unchanged; exact approved output path/bytes/SHA256 not mapped in authoritative evidence
,,,,APPROVED_BUT_ASSET_MISSING,,PHASE4-V10-APPROVAL-CHECKPOINT-2026-09-25.md,reports/warder-master-production/phase4-v10-approved-batch13/APPROVAL-AUDIT.csv,3029,,APPROVED_KEEP,,,Displayed current image explicitly approved unchanged; exact approved output path/bytes/SHA256 not mapped in authoritative evidence
,,,,APPROVED_BUT_ASSET_MISSING,,PHASE4-V10-APPROVAL-CHECKPOINT-2026-09-25.md,reports/warder-master-production/phase4-v10-approved-batch13/APPROVAL-AUDIT.csv,3030,,APPROVED_KEEP,,,Displayed current image explicitly approved unchanged; exact approved output path/bytes/SHA256 not mapped in authoritative evidence
,,,,APPROVED_BUT_ASSET_MISSING,,PHASE4-V10-APPROVAL-CHECKPOINT-2026-09-25.md,reports/warder-master-production/phase4-v10-approved-batch13/APPROVAL-AUDIT.csv,3031,,APPROVED_KEEP,,,Displayed current image explicitly approved unchanged; exact approved output path/bytes/SHA256 not mapped in authoritative evidence
D370,19.2e/csat/1_0_1_24C9_43C_1_C00000_0_0_0,WHITE,picons/19.2e/csat/white/1_0_1_24C9_43C_1_C00000_0_0_0.png,EXACT_RECOVERED,e773849404809cec90fdec50825bfc02ea2eeb20187537a38bdcdcb8c2d123bf,PHASE4-V10-APPROVAL-CHECKPOINT-2026-09-25.md,reports/warder-master-production/phase4-v10-approved-batch13/APPROVAL-AUDIT.csv,3032,,APPROVED_REPAIRED,,,"Corrected WHITE output explicitly approved; present in isolated branch audit; exact bytes retrieved from approved Phase 4 Git output, Git blob and SHA256 verified"
D423,19.2e/digital/1_0_1_788B_414_1_C00000_0_0_0,WHITE,picons/19.2e/digital/white/1_0_1_788B_414_1_C00000_0_0_0.png,EXACT_RECOVERED,e3427b452a70b52a062e64f01b28623553b884b294208ef44eba52ababd4a3da,PHASE4-V10-APPROVAL-CHECKPOINT-2026-09-25.md,reports/warder-master-production/phase4-v10-approved-batch13/APPROVAL-AUDIT.csv,3072,,APPROVED_REPAIRED,,,"Corrected WHITE output explicitly approved; present in isolated branch audit; exact bytes retrieved from approved Phase 4 Git output, Git blob and SHA256 verified"
D436,19.2e/easytools/1_0_1_1645_42C_1_C00000_0_0_0,WHITE,picons/19.2e/easytools/white/1_0_1_1645_42C_1_C00000_0_0_0.png,EXACT_RECOVERED,e54ec27a0c07f3df35e9c71671febdeaa6cf0810911195963bf612ce0ce3e3ff,PHASE4-V10-APPROVAL-CHECKPOINT-2026-09-25.md,reports/warder-master-production/phase4-v10-approved-batch13/APPROVAL-AUDIT.csv,3096,,APPROVED_REPAIRED,,,"Corrected WHITE output explicitly approved; present in isolated branch audit; exact bytes retrieved from approved Phase 4 Git output, Git blob and SHA256 verified"
D460,19.2e/mit-xperts-gmbh/1_0_16_332F_45B_1_C00000_0_0_0,WHITE,picons/19.2e/mit-xperts-gmbh/white/1_0_16_332F_45B_1_C00000_0_0_0.png,EXACT_RECOVERED,79936dae689303125b3aa7acfb9faf5f0ebc4c366616c7475d745f1cf0bcb114,2026-09-17 checkpoint + five Pass 9 contact sheets + pass2-manifest.csv,pass2-manifest.csv,3117,,APPROVED_KEEP,,,"V10-to-WHITE displayed; checkpoint says Pass 9 52/52 approved and closed; exact bytes retrieved from approved Phase 4 Git output, Git blob and SHA256 verified"
D551,19.2e/movistar/1_0_1_7588_412_1_C00000_0_0_0,WHITE,picons/19.2e/movistar/white/1_0_1_7588_412_1_C00000_0_0_0.png,EXACT_RECOVERED,1d68a9a604a699c0c72237075de459b3cc3ddfb926ff2bedd2c96cf757a4356a,2026-09-17 checkpoint + five Pass 9 contact sheets + pass2-manifest.csv,pass2-manifest.csv,3131,,APPROVED_KEEP,,,"V10-to-WHITE displayed; checkpoint says Pass 9 52/52 approved and closed; exact bytes retrieved from approved Phase 4 Git output, Git blob and SHA256 verified"
,,,,APPROVED_BUT_ASSET_MISSING,,Recovered explicit user decision,reports/warder-master-production/phase4-v10-experiment-20260925/,3133,,APPROVED_KEEP,,,Middle/current image retained unchanged; exact approved output path/bytes/SHA256 not mapped in authoritative evidence
,,,,APPROVED_BUT_ASSET_MISSING,,Recovered explicit user decision,reports/warder-master-production/phase4-v10-experiment-20260925/,3163,,APPROVED_KEEP,,,Middle/current image retained unchanged; exact approved output path/bytes/SHA256 not mapped in authoritative evidence
E090,23.5e/m7-group/1_0_2_52DC_C96_3_EB0000_0_0_0,WHITE,picons/23.5e/m7-group/white/1_0_2_52DC_C96_3_EB0000_0_0_0.png,EXACT_RECOVERED,3075f7065302d73990e0de4fecb02104dbd93fb024f2549743b5b709b9ce582c,2026-09-17 checkpoint + five Pass 9 contact sheets + pass2-manifest.csv; Recovered explicit user decision,pass2-manifest.csv,3678,,APPROVED_KEEP,V10-case-3678-FROM-ORIGINAL-ONLY-repair-v2.png,3075f7065302d73990e0de4fecb02104dbd93fb024f2549743b5b709b9ce582c,Explicit user acceptance of fresh-original V2 repair; exact Library asset verified against indexed SHA256 and preserved in repository at reports/warder-master-production/approved-corrections/V10-case-3678-FROM-ORIGINAL-ONLY-repair-v2.png
E356,23.5e/telekom-srbija/1_0_19_4E21_C8B_3_EB0000_0_0_0,WHITE,picons/23.5e/telekom-srbija/white/1_0_19_4E21_C8B_3_EB0000_0_0_0.png,EXACT_RECOVERED,82fa4ee238b063d7a0134592c581b9a1a740143b7f08c31e078d06a834ffcfa6,2026-09-17 checkpoint + five Pass 9 contact sheets + pass2-manifest.csv,pass2-manifest.csv,3919,,APPROVED_KEEP,,,"V10-to-WHITE displayed; checkpoint says Pass 9 52/52 approved and closed; exact bytes retrieved from approved Phase 4 Git output, Git blob and SHA256 verified"
E357,23.5e/telekom-srbija/1_0_19_4E22_C8B_3_EB0000_0_0_0,WHITE,picons/23.5e/telekom-srbija/white/1_0_19_4E22_C8B_3_EB0000_0_0_0.png,EXACT_RECOVERED,7882920d8fead984ef48185e262a839394b260c8f7e0c3c5d1c33a7f37b46b45,2026-09-17 checkpoint + five Pass 9 contact sheets + pass2-manifest.csv,pass2-manifest.csv,3920,,APPROVED_KEEP,,,"V10-to-WHITE displayed; checkpoint says Pass 9 52/52 approved and closed; exact bytes retrieved from approved Phase 4 Git output, Git blob and SHA256 verified"
E433,23.5e/telekom-srbija/1_0_1_4E7C_C8B_3_EB0000_0_0_0,WHITE,picons/23.5e/telekom-srbija/white/1_0_1_4E7C_C8B_3_EB0000_0_0_0.png,EXACT_RECOVERED,b40bdaf52eebd43dab47f76018908c42b810517bbccf9eb781231b03593dead8,2026-09-17 checkpoint + five Pass 9 contact sheets + pass2-manifest.csv,pass2-manifest.csv,3991,,APPROVED_KEEP,,,"V10-to-WHITE displayed; checkpoint says Pass 9 52/52 approved and closed; exact bytes retrieved from approved Phase 4 Git output, Git blob and SHA256 verified"
E439,23.5e/telekom-srbija/1_0_1_4E82_C8B_3_EB0000_0_0_0,WHITE,picons/23.5e/telekom-srbija/white/1_0_1_4E82_C8B_3_EB0000_0_0_0.png,EXACT_RECOVERED,63559c0d9397b93e2b0ae58475535d97c7f4a1704bdf6c4c156384e9d5e320ac,2026-09-17 checkpoint + five Pass 9 contact sheets + pass2-manifest.csv,pass2-manifest.csv,3996,,APPROVED_KEEP,,,"V10-to-WHITE displayed; checkpoint says Pass 9 52/52 approved and closed; exact bytes retrieved from approved Phase 4 Git output, Git blob and SHA256 verified"
E479,23.5e/telekom-srbija/1_0_1_4EB1_CA4_3_EB0000_0_0_0,WHITE,picons/23.5e/telekom-srbija/white/1_0_1_4EB1_CA4_3_EB0000_0_0_0.png,EXACT_RECOVERED,0807c3986ea28cc505e8c725d7ec9e442e0cd5815ffa96d6a9ab5a3f38c2ddd1,2026-09-17 checkpoint + five Pass 9 contact sheets + pass2-manifest.csv,pass2-manifest.csv,4033,,APPROVED_KEEP,,,"V10-to-WHITE displayed; checkpoint says Pass 9 52/52 approved and closed; exact bytes retrieved from approved Phase 4 Git output, Git blob and SHA256 verified"
E938,26.0e/mbc/1_0_2_35_1BC0_2BE_1040000_0_0_0,WHITE,picons/26.0e/mbc/white/1_0_2_35_1BC0_2BE_1040000_0_0_0.png,EXACT_RECOVERED,0efb9fb445171ffe8ad70f1bd94f05e1a5e95029afb84c9255160fccffbb9044,2026-09-17 checkpoint + five Pass 9 contact sheets + pass2-manifest.csv,pass2-manifest.csv,4464,,APPROVED_KEEP,,,"V10-to-WHITE displayed; checkpoint says Pass 9 52/52 approved and closed; exact bytes retrieved from approved Phase 4 Git output, Git blob and SHA256 verified"
F308,28.2e/bskyb/1_0_1_2082_808_2_11A0000_0_0_0,WHITE,picons/28.2e/bskyb/white/1_0_1_2082_808_2_11A0000_0_0_0.png,EXACT_RECOVERED,3f5798d9431566b706a3baf93890da88a0719dc0117d37e5024987a2e6933403,2026-09-17 checkpoint + five Pass 9 contact sheets + pass2-manifest.csv,pass2-manifest.csv,4813,,APPROVED_KEEP,,,"V10-to-WHITE displayed; checkpoint says Pass 9 52/52 approved and closed; exact bytes retrieved from approved Phase 4 Git output, Git blob and SHA256 verified"
D015,16.0e/total-tv/1_0_1_557_75FB_16E_A00000_0_0_0,WHITE,picons/16.0e/total-tv/white/1_0_1_557_75FB_16E_A00000_0_0_0.png,EXACT_RECOVERED,d4db70d1df947b5f76c56cf1c66b70e2b941ca8b390c1f38a19002a4c92844d8,Recovered explicit user decision,reports/warder-master-production/phase4-v10-experiment-20260925/CASE-15551-MANUAL-APPROVAL.csv,4860,,APPROVED_KEEP,,,"Uses same approved PNG bytes as #15551; exact bytes retrieved from approved Phase 4 Git output, Git blob and SHA256 verified"
F412,28.2e/bskyb/1_0_1_CCBF_7E1_2_11A0000_0_0_0,WHITE,picons/28.2e/bskyb/white/1_0_1_CCBF_7E1_2_11A0000_0_0_0.png,EXACT_RECOVERED,3303630d8e236596ffba3e6b1aa9338ed52aad413e6c970917ec809c001bab65,2026-09-17 checkpoint + five Pass 9 contact sheets + pass2-manifest.csv,pass2-manifest.csv,4916,,APPROVED_KEEP,,,"V10-to-WHITE displayed; checkpoint says Pass 9 52/52 approved and closed; exact bytes retrieved from approved Phase 4 Git output, Git blob and SHA256 verified"
D055,16.0e/total-tv/1_0_1_68B_9FC4_16E_A00000_0_0_0,WHITE,picons/16.0e/total-tv/white/1_0_1_68B_9FC4_16E_A00000_0_0_0.png,EXACT_RECOVERED,36a2e9553aaffa9e27b10b20d49691b993733808073c612921ea45b04dfc9b62,Recovered explicit user decision,reports/warder-master-production/phase4-v10-experiment-20260925/CASE-10943-4926-MANUAL-DECISIONS.csv,4926,,APPROVED_KEEP,,,"Requested manual correction accepted; exact bytes retrieved from approved Phase 4 Git output, Git blob and SHA256 verified"
F497,28.2e/bskyb/1_0_1_D742_82F_2_11A0000_0_0_0,WHITE,picons/28.2e/bskyb/white/1_0_1_D742_82F_2_11A0000_0_0_0.png,EXACT_RECOVERED,c8e23e81498f8235cfa44ab662de0d1bf7c6995e990ca4ed9a4a9fbda0bb96ca,2026-09-17 checkpoint + five Pass 9 contact sheets + pass2-manifest.csv,pass2-manifest.csv,4995,,APPROVED_KEEP,,,"V10-to-WHITE displayed; checkpoint says Pass 9 52/52 approved and closed; exact bytes retrieved from approved Phase 4 Git output, Git blob and SHA256 verified"
F555,28.2e/bskyb/1_0_2_18C4_7FD_2_11A0000_0_0_0,WHITE,picons/28.2e/bskyb/white/1_0_2_18C4_7FD_2_11A0000_0_0_0.png,EXACT_RECOVERED,df59205985a8366d6c600d90fcbea8813445cb8d2778277d9f4b74b4f76af689,2026-09-17 checkpoint + five Pass 9 contact sheets + pass2-manifest.csv,pass2-manifest.csv,5050,,APPROVED_KEEP,,,"V10-to-WHITE displayed; checkpoint says Pass 9 52/52 approved and closed; exact bytes retrieved from approved Phase 4 Git output, Git blob and SHA256 verified"
F557,28.2e/bskyb/1_0_2_18F5_7FD_2_11A0000_0_0_0,WHITE,picons/28.2e/bskyb/white/1_0_2_18F5_7FD_2_11A0000_0_0_0.png,EXACT_RECOVERED,fc845440a55d0ea1164d8b705697781aec662df80fac3c9eb8c878b7f3cf17ab,2026-09-17 checkpoint + five Pass 9 contact sheets + pass2-manifest.csv,pass2-manifest.csv,5052,,APPROVED_KEEP,,,"V10-to-WHITE displayed; checkpoint says Pass 9 52/52 approved and closed; exact bytes retrieved from approved Phase 4 Git output, Git blob and SHA256 verified"
F562,28.2e/bskyb/1_0_2_2301_80D_2_11A0000_0_0_0,WHITE,picons/28.2e/bskyb/white/1_0_2_2301_80D_2_11A0000_0_0_0.png,EXACT_RECOVERED,35da89bf7854c796d9c6618a5dee3e6e778ac925751eaabc27fee9afcc04c6bb,2026-09-17 checkpoint + five Pass 9 contact sheets + pass2-manifest.csv,pass2-manifest.csv,5057,,APPROVED_KEEP,,,"V10-to-WHITE displayed; checkpoint says Pass 9 52/52 approved and closed; exact bytes retrieved from approved Phase 4 Git output, Git blob and SHA256 verified"
G006,39.0e/a1-bg/1_0_1F_6C_B1_39E_1860000_0_0_0,WHITE,picons/39.0e/a1-bg/white/1_0_1F_6C_B1_39E_1860000_0_0_0.png,EXACT_RECOVERED,bd1c3e377e11c34fb5f1796c723f40305477a3bc5795816e45d9ae4387a6132c,2026-09-17 checkpoint + five Pass 9 contact sheets + pass2-manifest.csv,pass2-manifest.csv,5472,,APPROVED_KEEP,,,"V10-to-WHITE displayed; checkpoint says Pass 9 52/52 approved and closed; exact bytes retrieved from approved Phase 4 Git output, Git blob and SHA256 verified"
G062,39.0e/bulsatcom/1_0_2_37_2_1_1860000_0_0_0,WHITE,picons/39.0e/bulsatcom/white/1_0_2_37_2_1_1860000_0_0_0.png,EXACT_RECOVERED,0b98dc9302b533cc787c150a4c8c2e0d179c08533c87fe3aa56ff7bffcc5045e,2026-09-17 checkpoint + five Pass 9 contact sheets + pass2-manifest.csv,pass2-manifest.csv,5526,,APPROVED_KEEP,,,"V10-to-WHITE displayed; checkpoint says Pass 9 52/52 approved and closed; exact bytes retrieved from approved Phase 4 Git output, Git blob and SHA256 verified"
G142,39.0e/hellassat/1_0_1_B_1_20C4_1860000_0_0_0,WHITE,picons/39.0e/hellassat/white/1_0_1_B_1_20C4_1860000_0_0_0.png,EXACT_RECOVERED,0a2bba3bb13277afb14a78c4d2f9d91b0daf294055e0981af668a2ed94402e5e,2026-09-17 checkpoint + five Pass 9 contact sheets + pass2-manifest.csv,pass2-manifest.csv,5601,,APPROVED_KEEP,,,"V10-to-WHITE displayed; checkpoint says Pass 9 52/52 approved and closed; exact bytes retrieved from approved Phase 4 Git output, Git blob and SHA256 verified"
G529,42.0e/digital-platform/1_0_2_421D_A929_2A_1A40000_0_0_0,WHITE,picons/42.0e/digital-platform/white/1_0_2_421D_A929_2A_1A40000_0_0_0.png,EXACT_RECOVERED,be5a480ae2180ec151abe02f211fc9fa28b523ef7ad4ed90f9c193cee6dae45f,2026-09-17 checkpoint + five Pass 9 contact sheets + pass2-manifest.csv,pass2-manifest.csv,5968,,APPROVED_KEEP,,,"V10-to-WHITE displayed; checkpoint says Pass 9 52/52 approved and closed; exact bytes retrieved from approved Phase 4 Git output, Git blob and SHA256 verified"
D719,19.2e/ses/1_0_1F_109D_3EE_1_C00000_0_0_0,WHITE,picons/19.2e/ses/white/1_0_1F_109D_3EE_1_C00000_0_0_0.png,EXACT_RECOVERED,dab34e7c9f837bee6cbf3a981bc9189d6ff53cfba450a24e8064ea9e98445a3b,Recovered explicit user decision,reports/warder-master-production/phase4-v10-experiment-20260925/CASE-10085-6019-MANUAL-APPROVAL.csv,6019,,APPROVED_KEEP,,,"Middle candidate accepted; white output recorded in Git; exact bytes retrieved from approved Phase 4 Git output, Git blob and SHA256 verified"
D681,19.2e/ses-astra/1_0_1F_183D_40B_1_C00000_0_0_0,WHITE,picons/19.2e/ses-astra/white/1_0_1F_183D_40B_1_C00000_0_0_0.png,EXACT_RECOVERED,37ba4c88b4bdb7115bac11e4744df4a5c4beb101126eb3a2368b9b749cb8761b,Recovered explicit user decision,reports/warder-master-production/phase4-v10-experiment-20260925/CASE-6099-7191-MANUAL-APPROVAL.csv,6099,,APPROVED_KEEP,,,"Right-hand candidate approved and applied; exact bytes retrieved from approved Phase 4 Git output, Git blob and SHA256 verified"
D819,19.2e/tsa/1_0_2_18F6_3F4_1_C00000_0_0_0,WHITE,picons/19.2e/tsa/white/1_0_2_18F6_3F4_1_C00000_0_0_0.png,EXACT_RECOVERED,1428dd0e3da0f968837a30cc05876b11d84c1d24d4feffe5b3b4eb16ff82766c,Recovered explicit user decision,reports/warder-master-production/phase4-v10-experiment-20260925/CASE-6216-14408-MANUAL-VISUAL-DECISIONS.csv,6216,,APPROVED_KEEP,,,"Right-hand candidate approved and applied; exact bytes retrieved from approved Phase 4 Git output, Git blob and SHA256 verified"
G871,5.0w/eutelsat/1_0_16_1AB_4FB0_55F_DDE0000_0_0_0,WHITE,picons/5.0w/eutelsat/white/1_0_16_1AB_4FB0_55F_DDE0000_0_0_0.png,EXACT_RECOVERED,1621f9871729c6f964f3fa6b554156a643a84554a22d6ad38a0d77d546786dbb,2026-09-17 checkpoint + five Pass 9 contact sheets + pass2-manifest.csv,pass2-manifest.csv,6302,,APPROVED_KEEP,,,"V10-to-WHITE displayed; checkpoint says Pass 9 52/52 approved and closed; exact bytes retrieved from approved Phase 4 Git output, Git blob and SHA256 verified"
G961,5.0w/eutelsat/1_0_2_BFD_4E84_55F_DDE0000_0_0_0,WHITE,picons/5.0w/eutelsat/white/1_0_2_BFD_4E84_55F_DDE0000_0_0_0.png,EXACT_RECOVERED,341dcaadeaecb72ae4c50dc9944ce9b8262cfc63c39b914d7291c78189a8a079,2026-09-17 checkpoint + five Pass 9 contact sheets + pass2-manifest.csv,pass2-manifest.csv,6380,,APPROVED_KEEP,,,"V10-to-WHITE displayed; checkpoint says Pass 9 52/52 approved and closed; exact bytes retrieved from approved Phase 4 Git output, Git blob and SHA256 verified"
G970,5.0w/eutelsat/1_0_2_C08_4E84_55F_DDE0000_0_0_0,WHITE,picons/5.0w/eutelsat/white/1_0_2_C08_4E84_55F_DDE0000_0_0_0.png,EXACT_RECOVERED,4e26d6caf7dcacf2bfacfb8cbcf71972644a8760985cd19e64f91a1bf54350e3,2026-09-17 checkpoint + five Pass 9 contact sheets + pass2-manifest.csv,pass2-manifest.csv,6389,,APPROVED_KEEP,,,"V10-to-WHITE displayed; checkpoint says Pass 9 52/52 approved and closed; exact bytes retrieved from approved Phase 4 Git output, Git blob and SHA256 verified"
H214,52.0e/aref/1_0_1_25D_20A_73_2080000_0_0_0,WHITE,picons/52.0e/aref/white/1_0_1_25D_20A_73_2080000_0_0_0.png,EXACT_RECOVERED,68b6cc0dbeaa812418d45d8fb867511e723ae44973856219a8f8cc3e3e204767,2026-09-17 checkpoint + five Pass 9 contact sheets + pass2-manifest.csv,pass2-manifest.csv,6619,,APPROVED_KEEP,,,"V10-to-WHITE displayed; checkpoint says Pass 9 52/52 approved and closed; exact bytes retrieved from approved Phase 4 Git output, Git blob and SHA256 verified"
H215,52.0e/aref/1_0_1_25E_20A_73_2080000_0_0_0,WHITE,picons/52.0e/aref/white/1_0_1_25E_20A_73_2080000_0_0_0.png,EXACT_RECOVERED,ed10c0b24aff13b46005308792edf92195e5954a172ab84ac781154b6fc6cbbb,2026-09-17 checkpoint + five Pass 9 contact sheets + pass2-manifest.csv,pass2-manifest.csv,6620,,APPROVED_KEEP,,,"V10-to-WHITE displayed; checkpoint says Pass 9 52/52 approved and closed; exact bytes retrieved from approved Phase 4 Git output, Git blob and SHA256 verified"
H216,52.0e/aref/1_0_1_25F_20A_73_2080000_0_0_0,WHITE,picons/52.0e/aref/white/1_0_1_25F_20A_73_2080000_0_0_0.png,EXACT_RECOVERED,e22bc8df68072bf3ad46d5365ce052cff19b839f6df1187325fb9ec91949d40c,2026-09-17 checkpoint + five Pass 9 contact sheets + pass2-manifest.csv,pass2-manifest.csv,6621,,APPROVED_KEEP,,,"V10-to-WHITE displayed; checkpoint says Pass 9 52/52 approved and closed; exact bytes retrieved from approved Phase 4 Git output, Git blob and SHA256 verified"
H286,52.0e/irib/1_0_1_8C_68_E26_2080000_0_0_0,WHITE,picons/52.0e/irib/white/1_0_1_8C_68_E26_2080000_0_0_0.png,EXACT_RECOVERED,f4b7cdbffadced7fcadfcf63e184877b7796ea2378912f0416efc698f125a8f3,2026-09-17 checkpoint + five Pass 9 contact sheets + pass2-manifest.csv,pass2-manifest.csv,6691,,APPROVED_KEEP,,,"V10-to-WHITE displayed; checkpoint says Pass 9 52/52 approved and closed; exact bytes retrieved from approved Phase 4 Git output, Git blob and SHA256 verified"
H792,7.0w/muxip/1_0_1_1FB_9E34_77E_DCA0000_0_0_0,WHITE,picons/7.0w/muxip/white/1_0_1_1FB_9E34_77E_DCA0000_0_0_0.png,EXACT_RECOVERED,65fc80163975cb6b886ab81ff2f9407fdbd1aa5c83c1c163ad17bdd801f783db,2026-09-17 checkpoint + five Pass 9 contact sheets + pass2-manifest.csv,pass2-manifest.csv,7178,,APPROVED_KEEP,,,"V10-to-WHITE displayed; checkpoint says Pass 9 52/52 approved and closed; exact bytes retrieved from approved Phase 4 Git output, Git blob and SHA256 verified"
E393,23.5e/telekom-srbija/1_0_1_4E4D_CA5_3_EB0000_0_0_0,WHITE,picons/23.5e/telekom-srbija/white/1_0_1_4E4D_CA5_3_EB0000_0_0_0.png,EXACT_RECOVERED,1420bd9a0c62ae6f087c6024f4cc9ad2a8e77216cff1879be99dc3c4740f2359,Explicit user selection of right-hand candidate; exact applied output and SHA256 verified against approval commit,reports/warder-master-production/phase4-v10-experiment-20260925/CASE-6099-7191-MANUAL-APPROVAL.csv; .md; commit 38af36f6e8ae3957fb4baf11a581a775b9ce99ae,7191,,APPROVED_KEEP,reports/warder-master-production/approved-corrections/V10-case-7191-APPROVED-RIGHT-CANDIDATE.png,1420bd9a0c62ae6f087c6024f4cc9ad2a8e77216cff1879be99dc3c4740f2359,Resolved from exact manual approval record and same-commit Git output: approved_output_sha256=1420bd9a0c62ae6f087c6024f4cc9ad2a8e77216cff1879be99dc3c4740f2359; Git blob=04a9c274fdaed1a7e03d924f8827b8798459439d. The master ledger/approval index contains a one-character conflicting SHA ending 4f2359; it is superseded by the detailed audit CSV/MD and bytes in approval commit 38af36f6e8ae3957fb4baf11a581a775b9ce99ae. Current production branch remains at its prior baseline; exact approved bytes preserved here as a recovery override.
I392,80.0e/orion-express/1_0_1_202_CB_1_3200000_0_0_0,WHITE,picons/80.0e/orion-express/white/1_0_1_202_CB_1_3200000_0_0_0.png,EXACT_RECOVERED,d6eb52085579f8fb8f812ca8e29870cbc076194fa35e329de7cba2c5af7492d4,2026-09-17 checkpoint + five Pass 9 contact sheets + pass2-manifest.csv,pass2-manifest.csv,7759,,APPROVED_KEEP,,,"V10-to-WHITE displayed; checkpoint says Pass 9 52/52 approved and closed; exact bytes retrieved from approved Phase 4 Git output, Git blob and SHA256 verified"
I411,80.0e/orion-express/1_0_1_25D_CC_1_3200000_0_0_0,WHITE,picons/80.0e/orion-express/white/1_0_1_25D_CC_1_3200000_0_0_0.png,EXACT_RECOVERED,3fc64a2bdd0d7719e6632682d69973738ea963f9fe33b7c604320aacff544437,2026-09-17 checkpoint + five Pass 9 contact sheets + pass2-manifest.csv,pass2-manifest.csv,7778,,APPROVED_KEEP,,,"V10-to-WHITE displayed; checkpoint says Pass 9 52/52 approved and closed; exact bytes retrieved from approved Phase 4 Git output, Git blob and SHA256 verified"
I447,80.0e/orion-express/1_0_1_2CD_CD_1_3200000_0_0_0,WHITE,picons/80.0e/orion-express/white/1_0_1_2CD_CD_1_3200000_0_0_0.png,EXACT_RECOVERED,45a071291395e259051c1fbfd65af2596d0f38ce6492eef128ad0a5680984df0,2026-09-17 checkpoint + five Pass 9 contact sheets + pass2-manifest.csv,pass2-manifest.csv,7813,,APPROVED_KEEP,,,"V10-to-WHITE displayed; checkpoint says Pass 9 52/52 approved and closed; exact bytes retrieved from approved Phase 4 Git output, Git blob and SHA256 verified"
I485,80.0e/orion-express/1_0_1_327_CE_1_3200000_0_0_0,WHITE,picons/80.0e/orion-express/white/1_0_1_327_CE_1_3200000_0_0_0.png,EXACT_RECOVERED,821378127cc5dc8cbf04a4b9e58376553dc8438ae81dc25503d95766dde06c21,2026-09-17 checkpoint + five Pass 9 contact sheets + pass2-manifest.csv,pass2-manifest.csv,7851,,APPROVED_KEEP,,,"V10-to-WHITE displayed; checkpoint says Pass 9 52/52 approved and closed; exact bytes retrieved from approved Phase 4 Git output, Git blob and SHA256 verified"
I760,9.0e/global/1_0_1_138C_50E1_217C_5A0000_0_0_0,WHITE,picons/9.0e/global/white/1_0_1_138C_50E1_217C_5A0000_0_0_0.png,EXACT_RECOVERED,d85a6b8cc514e1a3c09e79a7109636e97b117d6d7aed2bf41e18314a770df5fe,2026-09-17 checkpoint + five Pass 9 contact sheets + pass2-manifest.csv,pass2-manifest.csv,8119,,APPROVED_KEEP,,,"V10-to-WHITE displayed; checkpoint says Pass 9 52/52 approved and closed; exact bytes retrieved from approved Phase 4 Git output, Git blob and SHA256 verified"
I967,9.0e/persidera/1_0_2_A_7918_217C_5A0000_0_0_0,WHITE,picons/9.0e/persidera/white/1_0_2_A_7918_217C_5A0000_0_0_0.png,EXACT_RECOVERED,64709611089da37ce9c1bcbc9467a5c9368f68358aafc597f7584461d1f2bb2f,2026-09-17 checkpoint + five Pass 9 contact sheets + pass2-manifest.csv,pass2-manifest.csv,8315,,APPROVED_KEEP,,,"V10-to-WHITE displayed; checkpoint says Pass 9 52/52 approved and closed; exact bytes retrieved from approved Phase 4 Git output, Git blob and SHA256 verified"
I968,9.0e/persidera/1_0_2_B_7918_217C_5A0000_0_0_0,WHITE,picons/9.0e/persidera/white/1_0_2_B_7918_217C_5A0000_0_0_0.png,EXACT_RECOVERED,59b82823338850f7b0b82bfe3b02dd1cf9da0d3eeaeb1cdde796531f3bb2dd41,2026-09-17 checkpoint + five Pass 9 contact sheets + pass2-manifest.csv,pass2-manifest.csv,8316,,APPROVED_KEEP,,,"V10-to-WHITE displayed; checkpoint says Pass 9 52/52 approved and closed; exact bytes retrieved from approved Phase 4 Git output, Git blob and SHA256 verified"
F986,36.0e/tv-provider/1_0_1_101_1_1_1682D43_0_0_0,WHITE,picons/36.0e/tv-provider/white/1_0_1_101_1_1_1682D43_0_0_0.png,EXACT_RECOVERED,7d69912ca6d30af83ef49aee2b0780f3214fb4192b9acc30ccc9718da804ca36,Recovered explicit user decision,reports/warder-master-production/phase4-v10-experiment-20260925/CASE-10085-6019-MANUAL-APPROVAL.csv,10085,,APPROVED_KEEP,,,"Middle candidate accepted; white output recorded in Git; exact bytes retrieved from approved Phase 4 Git output, Git blob and SHA256 verified"
G463,42.0e/demiroren-medya/1_0_2_2B93_1_42_1A40000_0_0_0,WHITE,picons/42.0e/demiroren-medya/white/1_0_2_2B93_1_42_1A40000_0_0_0.png,EXACT_RECOVERED,1f410dc5330e8fdfa043a1af341ae2019f34639af84b44ece540e4cde32d6392,Recovered explicit user decision,reports/warder-master-production/phase4-v10-experiment-20260925/CASE-10943-4926-MANUAL-DECISIONS.csv,10943,,APPROVED_KEEP,,,"Requested manual correction accepted after fixing O/W edge; no residual black speck; exact bytes retrieved from approved Phase 4 Git output, Git blob and SHA256 verified"
H589,68.5e/sentech/1_0_2_141_2_49_2AD0000_0_0_0,WHITE,picons/68.5e/sentech/white/1_0_2_141_2_49_2AD0000_0_0_0.png,EXACT_RECOVERED,38a7c762af0645529fbf9e61c5cfff3648950e28d8431ad03958aa792baf0f27,Recovered explicit user decision,reports/warder-master-production/phase4-v10-experiment-20260925/CASE-13015-1856-MANUAL-DECISIONS.csv,13015,,APPROVED_KEEP,,,"Corrected candidate accepted; exact bytes retrieved from approved Phase 4 Git output, Git blob and SHA256 verified"
I334,80.0e/harmonic/1_0_1_22_14_1113_3200000_0_0_0,WHITE,picons/80.0e/harmonic/white/1_0_1_22_14_1113_3200000_0_0_0.png,EXACT_RECOVERED,5934af2ceb6e44be81aa49cb2d084e5ad2fa0970a932ec2d72f70ca131f57172,Recovered explicit user decision,reports/warder-master-production/phase4-v10-experiment-20260925/CASE-6216-14408-MANUAL-VISUAL-DECISIONS.csv,14408,,APPROVED_KEEP,,,"Middle/current version retained; exact bytes retrieved from approved Phase 4 Git output, Git blob and SHA256 verified"
I438,80.0e/orion-express/1_0_1_2C4_CD_1_3200000_0_0_0,WHITE,picons/80.0e/orion-express/white/1_0_1_2C4_CD_1_3200000_0_0_0.png,EXACT_RECOVERED,23d3fcc477141c824fb10d72d2098f69d8f0caa0552a7c147581df94c8f35256,Recovered explicit user decision,reports/warder-master-production/phase4-v10-experiment-20260925/CASE-14599-MANUAL-APPROVAL.csv,14599,,APPROVED_KEEP,,,"Right-hand candidate confirmed and synced to isolated branch; exact bytes retrieved from approved Phase 4 Git output, Git blob and SHA256 verified"
,,,,APPROVED_BUT_ASSET_MISSING,,Recovered explicit user decision,reports/warder-master-production/phase4-v10-experiment-20260925/,14716,,APPROVED_KEEP,,,Middle/current image retained unchanged; exact approved output path/bytes/SHA256 not mapped in authoritative evidence
I953,9.0e/ote/1_0_1_46E_8_AA_5A0000_0_0_0,WHITE,picons/9.0e/ote/white/1_0_1_46E_8_AA_5A0000_0_0_0.png,EXACT_RECOVERED,d4db70d1df947b5f76c56cf1c66b70e2b941ca8b390c1f38a19002a4c92844d8,Recovered explicit user decision,reports/warder-master-production/phase4-v10-experiment-20260925/CASE-15551-MANUAL-APPROVAL.csv,15551,,APPROVED_KEEP,,,"Far-right candidate approved; duplicate #4860 uses same PNG bytes; exact bytes retrieved from approved Phase 4 Git output, Git blob and SHA256 verified"
,,BLACK,,APPROVED_BUT_ASSET_MISSING,,2026-09-16 explicit user acceptance,2026-09-16 explicit user acceptance,Virgin Radio,,APPROVED_KEEP,,,Black RADIO lettering; original red star and natural star edge retained; exact approved output path/bytes/SHA256 not mapped in authoritative evidence
I435,80.0e/orion-express/1_0_1_2C1_CD_1_3200000_0_0_0,WHITE,picons/80.0e/orion-express/white/1_0_1_2C1_CD_1_3200000_0_0_0.png,APPROVED_REPAIRED,a669257611e49357b003735f78c705d3772769d1471ffcb1fe83587df3c2d430,Explicit human visual approval by Štefan on 2026-09-29 for the exact candidate reports/human-resolution/candidates/I435-WHITE-corrected-candidate.png; SHA256=a669257611e49357b003735f78c705d3772769d1471ffcb1fe83587df3c2d430. Byte-identical authoritative correction asset: reports/warder-master-production/approved-corrections/I435-WHITE-corrected-candidate.png. Production WHITE output remains unchanged pending a separately authorized clean rebuild.,reports/human-resolution/authoritative-human-resolution-manifest.csv; reports/human-resolution/warder-id-review-sheet.png; docs/PROJECT-CHECKPOINT.md; explicit human approval by Štefan on 2026-09-29,14593,,REVIEW,reports/warder-master-production/approved-corrections/I435-WHITE-corrected-candidate.png,a669257611e49357b003735f78c705d3772769d1471ffcb1fe83587df3c2d430,Štefan explicitly approved this exact WHITE candidate for Warder ID I435 / historical approval #14593. Candidate SHA256=a669257611e49357b003735f78c705d3772769d1471ffcb1fe83587df3c2d430; byte-identical authoritative correction asset is reports/warder-master-production/approved-corrections/I435-WHITE-corrected-candidate.png. BLACK remains APPROVED / OK. The known-bad previous FINAL SHA256 remains exclusion-only. Current production WHITE output is unchanged; no rebuild has been run.
