record_type,commit_or_ref,path_or_artifact,evidence,contract_effect
V9_RULE_COMMIT,5de71aaf9a7b3f9ce2f66a6663aec328006922be,docs/PICON-MASTER-QUALITY-PLAN.md,"Text-aware full logical wordmark adaptation; no alpha-floor rule.","Logical-element intent only."
V9_RULE_COMMIT,ecc876abaec441430413766582e0541a09cb81b8,docs/PICON-MASTER-QUALITY-PLAN.md,"Text in colored badge/background is protected with the colored element and its AA/transition pixels.","Protects colored brand AA; not all achromatic low-alpha AA."
V9_RULE_COMMIT,c93714ad1c1ed570a4e95b770d4425664a0cdf1d,docs/PICON-MASTER-QUALITY-PLAN.md,"Exact component-mask rule; overlap with protected colored component including edges/AA means REVIEW.","Complete safe separation; no alpha<32 classifier."
PHASE3_IMPLEMENTATION,e9b503d76eae3c3c7d7763df4909039a55d3edb8,tools/rebuild_master_catalog.py,"OPAQUE_ALPHA=32 sample floor; visible alpha>0 components; full component edit/protect.","Whole component operation includes connected alpha 1–31 members."
PHASE3_CONFIGURATION,e9b503d76eae3c3c7d7763df4909039a55d3edb8,reports/warder-master-production/phase3-clean-rebuild/summary.json,"opaque_alpha: 32 is logged as run configuration.","No normative semantics added."
PHASE3_DOCUMENTATION,e9b503d76eae3c3c7d7763df4909039a55d3edb8,docs/PICON-MASTER-QUALITY-PLAN.md; docs/PROJECT-CHECKPOINT.md,"Full logical-component separation and REVIEW for ambiguous masks; no alpha 32 ownership clause.","No separate low-alpha class documented."
FIRST_EXPLICIT_OWNERSHIP_GATE,6b336f74a6d717a39ac04084b2f4399f92842ccb,tools/phase4_14700_final_candidate_gate.py,"Visible alpha<32 perimeter contact makes low_alpha_perimeter_ownership and edit_mask_complete REVIEW.","First explicit separate ownership-proof blocker located in #14700 lineage."
GATE_RESULT_REPORT,e57b44a4aaf3baf92bfb470eec28e82edc2df6b2,reports/warder-master-production/phase4-v16-14700-final-safety-gate-20260927/REPORT.md,"Reports 300 contacts, ownership unproven, candidate none.","Records later gate outcome."
OWNERSHIP_CLASSIFIER_FOLLOWUP,34dbb53a8291419c1061f602710dc36d263cef19,tools/phase4_14700_low_alpha_ownership.py,"Follow-up one-hop attribution: 40 safe, 259 ambiguous, 1 protected/other.","Later diagnostic; no V9 change."
FRINGE_TEST,ca65da2c70d2818b54e28d13023091c28aab2ba9,tools/phase4_14700_safe_mask_fringe_test.py,"Consumes frozen ownership classes and states ownership classifier is not changed.","Uses rather than introduces proof requirement."
