RGB_Linf_max,RGB_Linf_mean,RGB_Linf_median,RGB_Linf_p90,RGB_Linf_p95,alpha_unchanged,case,changed_visible_perimeter_pixels,class,confirmed_mask_pixels,current_white_path,current_white_sha256,difference_components,estimated_boundary_support_pixels,fringe_metric,frozen_blockers,full_AA_sha256,group_complete,largest_difference_component,largest_structural_component,largest_structural_over_perimeter,longest_structural_over_perimeter_proxy,longest_structural_segment,lowalpha_perimeter_pixels,luma_delta_max,luma_delta_mean,production_writes,protected_intersections,source_path,source_sha256,status,structural_fraction_perimeter,structural_fringe_components,structural_fringe_pixels,truncated_safe_sha256,two_tone_blocker
29.0,11.972027972027972,11.0,27.0,28.0,True,P-AB1,715,P,9779,,c61fe19cf8609ee48704a629616f8f72ee6b586d1ccad82a7bdf6f54f9e3c4a2,253,704,,,c61fe19cf8609ee48704a629616f8f72ee6b586d1ccad82a7bdf6f54f9e3c4a2,True,74,74,0.1034965034965035,0.1020979020979021,73,715,49.341012945424666,19.369196748652655,0,"{""chroma_core"":0,""true_AA"":0,""ambiguous_boundary"":715}",picons/13.0e/ab-sat/transparent/1_0_1_5AC_170C_13F_820000_0_0_0.png,dfb1c2a18121cb3ec226168538baded0ffc775daaa02724071e9960a75da5818,,0.7244755244755244,245,518,9c9d0b32a83740e5336344f8927f1802efa58401a412b65a60b4f255710b628b,False
26.0,3.6048387096774195,2.0,9.100000000000023,17.049999999999955,True,P-MEGA,587,P,3624,,a70be5b7a5176b61b3e20a1d3d21de5be6e7c7412203867006c6d10ef1a1e653,43,227,,,a70be5b7a5176b61b3e20a1d3d21de5be6e7c7412203867006c6d10ef1a1e653,True,115,15,0.024193548387096774,0.024193548387096774,15,620,41.9874115986639,5.690939017716504,0,"{""chroma_core"":0,""true_AA"":0,""ambiguous_boundary"":620}",picons/19.2e/ses/transparent/1_0_1F_2BC5_40C_1_C00000_0_0_0.png,182767bbdb35417df81f5da68cb3153f15088a2a6410a4da6be896b7bfb13b0c,,0.18387096774193548,61,114,b03914828e64e1dbca656a5cdd24a8df9f4d4a91d862d1e0680c06945d697b85,False
30.0,5.233606557377049,3.0,17.0,24.0,True,P-CNBC,976,P,6031,,809f81635582537e82418fe7aa9a151cd2393cf606f9c5f5491ca8419f4c80fe,79,386,,,809f81635582537e82418fe7aa9a151cd2393cf606f9c5f5491ca8419f4c80fe,True,110,16,0.01639344262295082,0.01639344262295082,16,976,57.83567714053069,8.441711684161316,0,"{""chroma_core"":0,""true_AA"":0,""ambiguous_boundary"":976}",picons/0.8w/freesat/transparent/1_0_1_7AAE_2CC_600_E080000_0_0_0.png,c6ebf546fde312097cd50b88672a42392be7f9bf7357492b91b909a637dae4fe,,0.2930327868852459,150,286,59dd59e994e4d5df0f6c2f1ecc3dc9ffbe05888f092ab92d148344c06dee647c,False
30.0,11.125,9.0,24.0,26.0,True,P-MTA3,328,P,6972,,aea283eb81c82aecd162d327e505fd7165d846a3266090cfbc05108bab0eb3c4,180,322,,,aea283eb81c82aecd162d327e505fd7165d846a3266090cfbc05108bab0eb3c4,True,11,8,0.024390243902439025,0.021341463414634148,7,328,53.549177117157626,17.814290119958752,0,"{""chroma_core"":0,""true_AA"":0,""ambiguous_boundary"":328}",picons/13.0e/telespazio/transparent/1_0_1_315_1B58_13E_820000_0_0_0.png,a7cf95b8f5a20bb8a814aff29ac40300f4c6a9decc72781cd931ba7e09675e05,,0.8140243902439024,178,267,cfbf3f795b755d6915c3f7bbcb50b2313e4b6dd1f375cc71ae8e2354e8c683d2,False
30.0,12.517307692307693,12.0,25.0,26.0,True,P-NTV,520,P,4598,,2df2895e2bb988a2c9f358e3a912e4754ebab8ba738f3002f379bf466221d189,210,501,,,2df2895e2bb988a2c9f358e3a912e4754ebab8ba738f3002f379bf466221d189,True,19,19,0.03653846153846154,0.03653846153846154,19,520,57.57131656193778,20.476967606509273,0,"{""chroma_core"":0,""true_AA"":0,""ambiguous_boundary"":520}",picons/13.0e/vivacom/transparent/1_0_16_13B2_2710_D5_820000_0_0_0.png,ea44900d5c1470ccd37912dadfbcbdedb5c3d24306722fc4385822e952395d0b,,0.8711538461538462,213,453,53434223d9f17e6463aad4fe163deb6c8134e22ef6b407feaf8fd230ec4307ab,False
8,1.8566666667,1,4,5,True,#14700-M0-query,269,14700,1224,,e2b1eaf5cdad1acf3b251c7d5173a7bf0066ca3ea1a6eff9a60bd8aa02c76916,64,not recalculated; use frozen perimeter count proxy,,,44ae10da6f8f4efae98e652aadd46c69ed5da8d028ea601755c1d6d57e8dd929,True,27,3,0.01,0.01,3,300,12.008915027,2.4693094332,0,frozen from prior report,picons/80.0e/orion-express/transparent/1_0_1_32D_CE_1_3200000_0_0_0.png,9fa6f6a84bb9e1a98802e638f94d0f693757697648d1167d1b9f3f31fb7724c3,,0.16,36,48,581206f0088f40ace49afad5fdfd46377216fb06143588da926f0aa270311242,False
,,,,,True,#14607,0,N,0,picons/80.0e/orion-express/white/1_0_1_2C8_CD_1_3200000_0_0_0.png,06f73c2c4e1fb1e42aab61f23909fd4a9b43d8b86722f938102164a7c1928089,,,NOT EVALUATED — no complete confirmed edit mask; no unsafe simulation,protected chromatic/AA/ambiguous boundary; incomplete wordmark grouping; six low-alpha pixels all protected; safe ownership=0,,False,,,,,,0,,,0,not recalculated; no unsafe mask,picons/80.0e/orion-express/transparent/1_0_1_2C8_CD_1_3200000_0_0_0.png,edec07adb8a121d7c856271543549717aff4d253f0302fd2d83a909481b2d24c,REVIEW,,,,,frozen blocker retained
,,,,,True,#14611,0,N,0,picons/80.0e/orion-express/white/1_0_1_2CA_CD_1_3200000_0_0_0.png,06f73c2c4e1fb1e42aab61f23909fd4a9b43d8b86722f938102164a7c1928089,,,NOT EVALUATED — duplicate of blocked #14607,same as #14607; duplicate regression only,,False,,,,,,0,,,0,not recalculated; no unsafe mask,picons/80.0e/orion-express/transparent/1_0_1_2CA_CD_1_3200000_0_0_0.png,edec07adb8a121d7c856271543549717aff4d253f0302fd2d83a909481b2d24c,REVIEW,,,,,frozen blocker retained
,,,,,True,#14593,0,N,0,picons/80.0e/orion-express/white/1_0_1_2C1_CD_1_3200000_0_0_0.png,039c0210324e01d341546b9d5b37ff9b542168bc87dd2178343b83731f160b29,,,NOT EVALUATED — incomplete/protected group; no unsafe simulation,incomplete group; 14 blocked links; chromatic/true-AA/ambiguous contacts; group-level frozen two-tone,,False,,,,,,0,,,0,not recalculated; no unsafe mask,picons/80.0e/orion-express/transparent/1_0_1_2C1_CD_1_3200000_0_0_0.png,209f5c2f8982690d35a068536ccedb82d50d801b93a6c59c8551defee3d96974,REVIEW,,,,,frozen blocker retained
,,,,,True,#14597,0,N,0,picons/80.0e/orion-express/white/1_0_1_2C3_CD_1_3200000_0_0_0.png,8d4e24eb6528ebd0b06f1cd0b5ba615c28e01106f380a062ce8ba761f5669686,,,NOT EVALUATED — no safe complete mask,gold/brand probe; no editable target; protected/badge ownership unresolved,,False,,,,,,0,,,0,not recalculated; no unsafe mask,picons/80.0e/orion-express/transparent/1_0_1_2C3_CD_1_3200000_0_0_0.png,053eeaf35c4c573014813df3ba0fd119710eb2847a82e2e5b3f53ce0d282453f,CAUTIOUS REVIEW,,,,,frozen blocker retained
,,,,,True,#10954,0,N,0,picons/42.0e/demiroren-medya/white/1_0_2_2C57_3_42_1A40000_0_0_0.png,5eae1fd980c99ce5af5a232cf5f90d7d10db45ed2509385fc1c1bf545febdd8b,,,NOT EVALUATED — no accepted edit mask,all three contrast cores rejected at protected chromatic boundary,,False,,,,,,0,,,0,not recalculated; no unsafe mask,picons/42.0e/demiroren-medya/transparent/1_0_2_2C57_3_42_1A40000_0_0_0.png,1d8fcd1d99617b36556f4ee311f161199d1dc4fe18e2186585f14e8c943c8eb8,REVIEW,,,,,frozen blocker retained
,,,,,True,#5136,0,N,0,picons/19.2e/ard-ndr/white/1_0_A_28D6_40F_1_C00000_0_0_0.png,338566fb068198d417b62dedab8364ffe70b3e594f753228ac58694f2cf467a2,,,NOT EVALUATED — incomplete safety proof; no unsafe simulation,one of two main achromatic cores rejected at protected boundary; previous partial candidate did not establish a new visible repair,,False,,,,,,0,,,0,not recalculated; no unsafe mask,picons/19.2e/ard-ndr/transparent/1_0_A_28D6_40F_1_C00000_0_0_0.png,1916a46febdc0d19776e5541282ddbfcb3f178225653a98def2f3844612a71fb,REVIEW,,,,,frozen blocker retained
,,,,,True,T-1-NEOSAT,0,T,4352,,b836d855f5018c266c97f9d5cbbfaa7804f657811a3eb0238dba449c4ae30ed4,,,,,,positive control component,,,,,,,,,0,"{""chromatic_core"":0,""true_chromatic_AA"":0,""ambiguous_boundary"":0}",picons/1.9e/neosat/transparent/1_0_1_156_8_3_130000_0_0_0.png,1523971ed39d47a0a855e03ae49afdad22d30114ee3ac8b1bb7a5fe6dc0b326e,two-tone=true; candidate=none,,,,,two-tone
,,,,,True,T-2-DEMIRÖREN,0,T,10681,,fac5717269c588f15b6b6f6a13ddda27e1300e9cfaace56cb36bcd7ff141ac61,,,,,,positive control component,,,,,,,,,0,"{""chromatic_core"":0,""true_chromatic_AA"":0,""ambiguous_boundary"":0}",picons/42.0e/demiroren-medya/transparent/1_0_19_77C_9_42_1A40000_0_0_0.png,d7cf7fc812e195e1fa39282a05aad8ad78e19f0011386ac0dbdec2a28ea3aa38,two-tone=true; candidate=none,,,,,two-tone
0,0,0,0,0,True,Digi Slovakia,0,PASS,0,,ef9f0d92c37e223216806fa8a5f2ab9e0316a11c70b91eb0263a383a6923f195,0,0,,,,no target,0,0,0,0,0,0,,,0,no target,picons/0.8w/digislovakia/transparent/1_0_16_3F6_AF1_BB_E080000_0_0_0.png,9511e45fbb54d433bac178437d0f4abb11248b68f675fa449f9c058ba2a3224b,PASS; zero changed pixels,0,0,0,,False
