ambiguous_contact,blocking_links,exterior_group,group_complete,group_count,phase3_white_reason,protected_chroma_contact,screen_evidence,screened,selected_class_P,selection_decision,selection_rank,source_path,source_sha256,target_component_count,true_AA_contact,two_tone_group,white_changed_pixels
not persisted in compact prior screen,1,not persisted in compact prior screen,False,1,recoloured 7 safely isolated achromatic component(s),not persisted in compact prior screen,previous deterministic grouping screen; rank/path/source hash verified,True,False,GROUPING-SUCCESS-EDIT-NOT-PROVEN-SAFE,0,picons/19.2e/ses/transparent/1_0_1F_2C8F_41A_1_C00000_0_0_0.png,aec5bfe22d5d13c73a84ffc007c9924b8ef9523dee5a14e2dc06446bb375800d,2,not persisted in compact prior screen,False,9585
not persisted in compact prior screen,14,not persisted in compact prior screen,False,1,recoloured 17 safely isolated achromatic component(s),not persisted in compact prior screen,previous deterministic grouping screen; rank/path/source hash verified,True,False,GROUPING-SUCCESS-EDIT-NOT-PROVEN-SAFE,1,picons/0.8w/telenor/transparent/1_0_16_1CDF_E_46_E080000_0_0_0.png,b96d5cb32b2618697d8f305801896f6dafdb422d42fcb10e9142a0ab20e53cc6,10,not persisted in compact prior screen,False,3906
not persisted in compact prior screen,26,not persisted in compact prior screen,False,1,recoloured 9 safely isolated achromatic component(s),not persisted in compact prior screen,previous deterministic grouping screen; rank/path/source hash verified,True,False,GROUPING-SUCCESS-EDIT-NOT-PROVEN-SAFE,2,picons/13.0e/sky-italia/transparent/1_0_19_DEE_15E0_FBFF_820000_0_0_0.png,55c011fee5a7964a4f660307b418760f64cab325722a2319e3ecd447b0829425,9,not persisted in compact prior screen,False,8934
not persisted in compact prior screen,21,not persisted in compact prior screen,False,1,recoloured 37 safely isolated achromatic component(s),not persisted in compact prior screen,previous deterministic grouping screen; rank/path/source hash verified,True,False,GROUPING-SUCCESS-EDIT-NOT-PROVEN-SAFE,3,picons/39.0e/digea/transparent/1_0_1_D48_69_212C_1860000_0_0_0.png,8a5d4ba2fbfdca395ede720c6402663652cd3c0abe3ab0e218730b06d61f6982,12,not persisted in compact prior screen,False,5050
not persisted in compact prior screen,0,not persisted in compact prior screen,True,1,recoloured 6 safely isolated achromatic component(s),not persisted in compact prior screen,previous deterministic grouping screen; rank/path/source hash verified,True,False,AUTO-FIX-CANDIDATE,4,picons/8.0w/hitwest/transparent/1_0_2_7D0_1_1_DC0B14D_0_0_0.png,a5e44d9ba275114b7888d23d80e18ec93b600bd9344e92c794d8282c56eff476,1,not persisted in compact prior screen,False,6016
not persisted in compact prior screen,1,not persisted in compact prior screen,False,1,recoloured 17 safely isolated achromatic component(s),not persisted in compact prior screen,previous deterministic grouping screen; rank/path/source hash verified,True,False,GROUPING-PARTIAL-REVIEW,5,picons/13.0e/du/transparent/1_0_19_2529_13EF_13E_820000_0_0_0.png,a4957b93f576b11ba3cabace34f63f56cc8a12b31ec8b00fd224f8e6efd5571f,17,not persisted in compact prior screen,False,5796
not persisted in compact prior screen,27,not persisted in compact prior screen,False,1,recoloured 29 safely isolated achromatic component(s),not persisted in compact prior screen,previous deterministic grouping screen; rank/path/source hash verified,True,False,GROUPING-PARTIAL-REVIEW,6,picons/19.2e/tsa/transparent/1_0_1_18F7_3F4_1_C00000_0_0_0.png,38f55cd27e18619cbb9cde904715ab823b8251229fc5f64495ee624d328035be,12,not persisted in compact prior screen,False,7306
not persisted in compact prior screen,9,not persisted in compact prior screen,False,1,recoloured 22 safely isolated achromatic component(s),not persisted in compact prior screen,previous deterministic grouping screen; rank/path/source hash verified,True,False,GROUPING-SUCCESS-EDIT-NOT-PROVEN-SAFE,7,picons/0.8w/telenor/transparent/1_0_19_1B99_44_46_E080000_0_0_0.png,436198201299e1112eba3a5aaf5089940c24a3079f3b917d0772a9128c4ee71c,7,not persisted in compact prior screen,False,5455
not persisted in compact prior screen,24,not persisted in compact prior screen,False,1,recoloured 25 safely isolated achromatic component(s),not persisted in compact prior screen,previous deterministic grouping screen; rank/path/source hash verified,True,False,GROUPING-SUCCESS-EDIT-NOT-PROVEN-SAFE,8,picons/19.2e/movistar-plus/transparent/1_0_19_74A2_41C_1_C00000_0_0_0.png,20e9b6abac2fda2abee5ccf527395ff1374460cdb8135e9298ab4d83cc096014,10,not persisted in compact prior screen,False,4361
not persisted in compact prior screen,14,not persisted in compact prior screen,False,1,recoloured 25 safely isolated achromatic component(s),not persisted in compact prior screen,previous deterministic grouping screen; rank/path/source hash verified,True,False,GROUPING-PARTIAL-REVIEW,9,picons/23.5e/m7-group/transparent/1_0_19_3CF7_C95_3_EB0000_0_0_0.png,179bfd3b858c6fa328742f3258304147c375999b5eb2bf3c2a84c285b752f83e,16,not persisted in compact prior screen,False,4376
not persisted in compact prior screen,4,not persisted in compact prior screen,False,1,recoloured 7 safely isolated achromatic component(s),not persisted in compact prior screen,previous deterministic grouping screen; rank/path/source hash verified,True,False,GROUPING-PARTIAL-REVIEW,10,picons/19.2e/cazpes/transparent/1_0_1_772B_416_1_C00000_0_0_0.png,ca0d06ba439654abbb1065aafee5b4f710b9016d692fc6195513f239f432ab30,5,not persisted in compact prior screen,False,5244
not persisted in compact prior screen,4,not persisted in compact prior screen,False,1,recoloured 27 safely isolated achromatic component(s),not persisted in compact prior screen,previous deterministic grouping screen; rank/path/source hash verified,True,False,GROUPING-PARTIAL-REVIEW,11,picons/19.2e/ard-ndr/transparent/1_0_A_28BD_40F_1_C00000_0_0_0.png,a6cf4df921c3ec4a72ecc9f213934011b7dddf5837879bcc57d12c8248bfb568,11,not persisted in compact prior screen,False,6015
not persisted in compact prior screen,8,not persisted in compact prior screen,False,1,recoloured 5 safely isolated achromatic component(s),not persisted in compact prior screen,previous deterministic grouping screen; rank/path/source hash verified,True,False,GROUPING-SUCCESS-EDIT-NOT-PROVEN-SAFE,12,picons/13.0e/ab-sat/transparent/1_0_1_5B0_170C_13F_820000_0_0_0.png,cc1e8cbd5b35884dd4437fd76450d07b683d2b58987d072a561af905e9a738f5,6,not persisted in compact prior screen,False,5190
not persisted in compact prior screen,40,not persisted in compact prior screen,False,1,recoloured 9 safely isolated achromatic component(s),not persisted in compact prior screen,previous deterministic grouping screen; rank/path/source hash verified,True,False,GROUPING-SUCCESS-EDIT-NOT-PROVEN-SAFE,13,picons/13.0e/vivacom/transparent/1_0_16_23_2580_D5_820000_0_0_0.png,3d7f4f73df3d3a66918ec580ed44b0f1578d44ec3885c51abce66b5ffd6f8002,15,not persisted in compact prior screen,False,4764
not persisted in compact prior screen,4,not persisted in compact prior screen,False,1,recoloured 40 safely isolated achromatic component(s),not persisted in compact prior screen,previous deterministic grouping screen; rank/path/source hash verified,True,False,GROUPING-PARTIAL-REVIEW,14,picons/0.8w/freesat/transparent/1_0_1_7A46_2CB_600_E080000_0_0_0.png,234b5c88eb04631b766136dcf1996c84377bb300e671b69c1c0b798083283f2a,15,not persisted in compact prior screen,False,8063
not persisted in compact prior screen,1,not persisted in compact prior screen,False,1,recoloured 19 safely isolated achromatic component(s),not persisted in compact prior screen,previous deterministic grouping screen; rank/path/source hash verified,True,False,GROUPING-PARTIAL-REVIEW,15,picons/30.0w/canal-nos/transparent/1_0_1_13B1_27_36_CE40000_0_0_0.png,6684be922a50e164b872bd6a431201d1907dbfcd6ccc984796df1d3081e02c5d,6,not persisted in compact prior screen,False,14912
not persisted in compact prior screen,12,not persisted in compact prior screen,False,1,recoloured 28 safely isolated achromatic component(s),not persisted in compact prior screen,previous deterministic grouping screen; rank/path/source hash verified,True,False,GROUPING-PARTIAL-REVIEW,16,picons/0.8w/telenor/transparent/1_0_19_1D43_48_46_E080000_0_0_0.png,27377458acb2484948ceb5f10a4b7b3f8c13103a362d0d91802413e3b6753c0b,10,not persisted in compact prior screen,False,4361
not persisted in compact prior screen,0,not persisted in compact prior screen,False,1,recoloured 15 safely isolated achromatic component(s),not persisted in compact prior screen,previous deterministic grouping screen; rank/path/source hash verified,True,False,REVIEW-GROUPING-NOT-PROVEN,17,picons/0.8w/telenor/transparent/1_0_19_1E6C_22_46_E080000_0_0_0.png,83c21a741943b5dc1c8d77dc9a4134e4d7253dc7de4a04b476e1f4bd1a4547b9,15,not persisted in compact prior screen,False,7493
not persisted in compact prior screen,21,not persisted in compact prior screen,False,1,recoloured 8 safely isolated achromatic component(s),not persisted in compact prior screen,previous deterministic grouping screen; rank/path/source hash verified,True,False,GROUPING-PARTIAL-REVIEW,18,picons/16.0e/telekom-srbija/transparent/1_0_1_11A3_A028_16E_A00000_0_0_0.png,b8d4eec2215652fc6be73e6ab3570e52cf6e83349c74ec99320585154882b82d,8,not persisted in compact prior screen,False,9378
not persisted in compact prior screen,0,not persisted in compact prior screen,False,1,recoloured 22 safely isolated achromatic component(s),not persisted in compact prior screen,previous deterministic grouping screen; rank/path/source hash verified,True,False,REVIEW-GROUPING-NOT-PROVEN,19,picons/19.2e/movistar-plus/transparent/1_0_1_7582_412_1_C00000_0_0_0.png,bc08f4e4733263eb64076e802a9a9d587fc9ecef1a29a8e4807f8768d4a23c9c,9,not persisted in compact prior screen,False,11258
not persisted in compact prior screen,16,not persisted in compact prior screen,False,1,recoloured 9 safely isolated achromatic component(s),not persisted in compact prior screen,previous deterministic grouping screen; rank/path/source hash verified,True,False,GROUPING-SUCCESS-EDIT-NOT-PROVEN-SAFE,20,picons/13.0e/ab-sat/transparent/1_0_1_58D_170C_13F_820000_0_0_0.png,2daeb9b6dcf06736739a843e390205b56facf4f3f01676232af467a0e415036f,9,not persisted in compact prior screen,False,4702
not persisted in compact prior screen,28,not persisted in compact prior screen,False,1,recoloured 6 safely isolated achromatic component(s),not persisted in compact prior screen,previous deterministic grouping screen; rank/path/source hash verified,True,False,GROUPING-PARTIAL-REVIEW,21,picons/13.0e/tv2000/transparent/1_0_2_5C_1770_BE_820000_0_0_0.png,fbf8e47486a8b52d8a812e0343547f00dd4b8ba21b1cd0c8fa6cde6c99e6108d,10,not persisted in compact prior screen,False,1982
not persisted in compact prior screen,14,not persisted in compact prior screen,False,1,recoloured 25 safely isolated achromatic component(s),not persisted in compact prior screen,previous deterministic grouping screen; rank/path/source hash verified,True,False,GROUPING-SUCCESS-EDIT-NOT-PROVEN-SAFE,22,picons/30.0w/onetoro-tv/transparent/1_0_1_EE4_26_36_CE40000_0_0_0.png,edd4171bfdb2f0229a94ba1a94d48ceb12ff69114905ee2579c330d9db4b1529,10,not persisted in compact prior screen,False,4294
False,0,True,True,1,recoloured 4 safely isolated achromatic component(s),False,grouping helper rerun in this script,True,True,selected_first_distinct_visual_wordmark_with_complete_frozen_group_guard,23,picons/13.0e/ab-sat/transparent/1_0_1_5AC_170C_13F_820000_0_0_0.png,dfb1c2a18121cb3ec226168538baded0ffc775daaa02724071e9960a75da5818,4,False,False,10494
not persisted in compact prior screen,6,not persisted in compact prior screen,False,1,recoloured 6 safely isolated achromatic component(s),not persisted in compact prior screen,previous deterministic grouping screen; rank/path/source hash verified,True,False,GROUPING-SUCCESS-EDIT-NOT-PROVEN-SAFE,24,picons/13.0e/m7-group/transparent/1_0_1_422B_2F44_13E_820000_0_0_0.png,31682e7b38d5d274d1f34c73b09425d1fb56e5bd6b7a39467c52077a4fee7f63,6,not persisted in compact prior screen,False,2344
not persisted in compact prior screen,25,not persisted in compact prior screen,False,1,recoloured 11 safely isolated achromatic component(s),not persisted in compact prior screen,previous deterministic grouping screen; rank/path/source hash verified,True,False,GROUPING-SUCCESS-EDIT-NOT-PROVEN-SAFE,25,picons/0.8w/freesat/transparent/1_0_16_7AAF_2CC_600_E080000_0_0_0.png,663b78cfa5252aa4f114a1335c6bc3c1e50cde3d5b1b312be88de0659e3c5d55,10,not persisted in compact prior screen,False,9364
not persisted in compact prior screen,43,not persisted in compact prior screen,False,1,recoloured 50 safely isolated achromatic component(s),not persisted in compact prior screen,previous deterministic grouping screen; rank/path/source hash verified,True,False,GROUPING-SUCCESS-EDIT-NOT-PROVEN-SAFE,26,picons/7.0w/eutelsat/transparent/1_0_1_24_14_6E_DCA0000_0_0_0.png,05717e29d8488978e6fac2bbcb157b1cd7e77dc62d68a863354aceb7b18efc0c,17,not persisted in compact prior screen,False,6647
not persisted in compact prior screen,20,not persisted in compact prior screen,False,1,recoloured 12 safely isolated achromatic component(s),not persisted in compact prior screen,previous deterministic grouping screen; rank/path/source hash verified,True,False,GROUPING-PARTIAL-REVIEW,27,picons/13.0e/canal-plus/transparent/1_0_1_1133_2AF8_13E_820000_0_0_0.png,741b768737bb6f6b7d5af7e8a97289c7765ca545175c2a8824ba333825963850,12,not persisted in compact prior screen,False,9231
not persisted in compact prior screen,1,not persisted in compact prior screen,False,1,recoloured 6 safely isolated achromatic component(s),not persisted in compact prior screen,previous deterministic grouping screen; rank/path/source hash verified,True,False,GROUPING-SUCCESS-EDIT-NOT-PROVEN-SAFE,28,picons/0.8w/telenor/transparent/1_0_19_115E_45_46_E080000_0_0_0.png,61324c6d4c7a03bdd7a19e1d2828fda43d6119673052e7607a2c7f6bda14ba28,2,not persisted in compact prior screen,False,5524
not persisted in compact prior screen,12,not persisted in compact prior screen,False,1,recoloured 16 safely isolated achromatic component(s),not persisted in compact prior screen,previous deterministic grouping screen; rank/path/source hash verified,True,False,GROUPING-SUCCESS-EDIT-NOT-PROVEN-SAFE,29,picons/7.0w/tda/transparent/1_0_1_7E7_11_6E_DCA0000_0_0_0.png,9aac7fd50d11a3d802ff708b8631876d4eba77243146d734e8e98484f83ef97d,6,not persisted in compact prior screen,False,3450
not persisted in compact prior screen,0,not persisted in compact prior screen,False,1,recoloured 12 safely isolated achromatic component(s),not persisted in compact prior screen,previous deterministic grouping screen; rank/path/source hash verified,True,False,REVIEW-GROUPING-NOT-PROVEN,30,picons/19.2e/betadigital/transparent/1_0_19_527E_41D_1_C00000_0_0_0.png,884fc7beed2a1667d48fbe265844411eccac5db8a966da478d8cc212f751a3d1,3,not persisted in compact prior screen,False,11243
not persisted in compact prior screen,5,not persisted in compact prior screen,False,2,recoloured 10 safely isolated achromatic component(s),not persisted in compact prior screen,previous deterministic grouping screen; rank/path/source hash verified,True,False,GROUPING-PARTIAL-REVIEW,31,picons/16.0e/a1-broadcasting/transparent/1_0_16_259_C418_16E_A00000_0_0_0.png,6617b9427b0127852439b5f0c38b206d02b666119e813c569a1f9565e592adef,5,not persisted in compact prior screen,False,4212
not persisted in compact prior screen,12,not persisted in compact prior screen,False,3,recoloured 12 safely isolated achromatic component(s),not persisted in compact prior screen,previous deterministic grouping screen; rank/path/source hash verified,True,False,GROUPING-PARTIAL-REVIEW,32,picons/13.0e/kabelio-ch/transparent/1_0_19_E7_2C24_13E_820000_0_0_0.png,2b0c8f8e00425e97c246ed25e995e349c36555c81a2a3bff97a899a427ab827d,12,not persisted in compact prior screen,False,2642
not persisted in compact prior screen,6,not persisted in compact prior screen,False,1,recoloured 25 safely isolated achromatic component(s),not persisted in compact prior screen,previous deterministic grouping screen; rank/path/source hash verified,True,False,GROUPING-SUCCESS-EDIT-NOT-PROVEN-SAFE,33,picons/0.8w/telenor/transparent/1_0_19_427E_E_46_E080000_0_0_0.png,654f12e915adffc515e8490ac5372ed84c7956639cb6d4082923f30829f5d33c,5,not persisted in compact prior screen,False,7067
not persisted in compact prior screen,8,not persisted in compact prior screen,False,1,recoloured 5 safely isolated achromatic component(s),not persisted in compact prior screen,previous deterministic grouping screen; rank/path/source hash verified,True,False,GROUPING-PARTIAL-REVIEW,34,picons/13.0e/telespazio/transparent/1_0_1_1384_33F4_13E_820000_0_0_0.png,f10ebdbbb8214710088915a300385e71eca64a1695f0c0d2101ca8d2f03f37d4,10,not persisted in compact prior screen,False,9743
False,0,True,True,1,recoloured 1 safely isolated achromatic component(s),False,grouping helper rerun in this script,True,True,selected_first_distinct_visual_wordmark_with_complete_frozen_group_guard,35,picons/19.2e/ses/transparent/1_0_1F_2BC5_40C_1_C00000_0_0_0.png,182767bbdb35417df81f5da68cb3153f15088a2a6410a4da6be896b7bfb13b0c,1,False,False,4244
not persisted in compact prior screen,7,not persisted in compact prior screen,False,1,recoloured 32 safely isolated achromatic component(s),not persisted in compact prior screen,previous deterministic grouping screen; rank/path/source hash verified,True,False,GROUPING-SUCCESS-EDIT-NOT-PROVEN-SAFE,36,picons/30.0w/canal-nos/transparent/1_0_1_5D62_27_36_CE40000_0_0_0.png,b4bd080be56cd53237c96dec4b6a3e1dc09c0eedd7854fcc379be87902abc68d,8,not persisted in compact prior screen,False,3443
not persisted in compact prior screen,9,not persisted in compact prior screen,False,1,recoloured 4 safely isolated achromatic component(s),not persisted in compact prior screen,previous deterministic grouping screen; rank/path/source hash verified,True,False,GROUPING-SUCCESS-EDIT-NOT-PROVEN-SAFE,37,picons/13.0e/sky-italia/transparent/1_0_19_250F_2260_FBFF_820000_0_0_0.png,678c4e8632daecbcd12d77678e9cf7b29cecc4be97061c29e9032d713d7cc75f,5,not persisted in compact prior screen,False,8476
not persisted in compact prior screen,37,not persisted in compact prior screen,False,1,recoloured 31 safely isolated achromatic component(s),not persisted in compact prior screen,previous deterministic grouping screen; rank/path/source hash verified,True,False,GROUPING-SUCCESS-EDIT-NOT-PROVEN-SAFE,38,picons/39.0e/a1-bg/transparent/1_0_1F_461_B11_39E_1860000_0_0_0.png,1d24fe2785264c014189a05d492255d00f4c103532ae630aad90c5ed05843369,15,not persisted in compact prior screen,False,6258
False,0,True,True,1,recoloured 15 safely isolated achromatic component(s),False,grouping helper rerun in this script,True,True,selected_first_distinct_visual_wordmark_with_complete_frozen_group_guard,39,picons/0.8w/freesat/transparent/1_0_1_7AAE_2CC_600_E080000_0_0_0.png,c6ebf546fde312097cd50b88672a42392be7f9bf7357492b91b909a637dae4fe,3,False,False,7007
not persisted in compact prior screen,12,not persisted in compact prior screen,False,1,recoloured 29 safely isolated achromatic component(s),not persisted in compact prior screen,previous deterministic grouping screen; rank/path/source hash verified,True,False,GROUPING-SUCCESS-EDIT-NOT-PROVEN-SAFE,40,picons/0.8w/telenor/transparent/1_0_19_1BEC_44_46_E080000_0_0_0.png,c9caeff1d0ad86c93f83183b5af242c4c89fa3524ebcc15db9c8a8a0a45654b4,10,not persisted in compact prior screen,False,3069
not persisted in compact prior screen,62,not persisted in compact prior screen,False,1,recoloured 34 safely isolated achromatic component(s),not persisted in compact prior screen,previous deterministic grouping screen; rank/path/source hash verified,True,False,GROUPING-SUCCESS-EDIT-NOT-PROVEN-SAFE,41,picons/0.8w/freesat/transparent/1_0_1_3F4_2_1_E080000_0_0_0.png,f386d4abb9530fe7239a11a91506b73829cb53495d821da5439a2dea05b4ca8d,28,not persisted in compact prior screen,False,6405
not persisted in compact prior screen,6,not persisted in compact prior screen,False,1,recoloured 5 safely isolated achromatic component(s),not persisted in compact prior screen,previous deterministic grouping screen; rank/path/source hash verified,True,False,GROUPING-SUCCESS-EDIT-NOT-PROVEN-SAFE,42,picons/13.0e/iko-media-group/transparent/1_0_19_8A2_1F4_FC_820000_0_0_0.png,643fda86bb0546c1550b4bd3c0e45245c9e711eefb2e6ee23fd6e5f6fb656d2e,5,not persisted in compact prior screen,False,3943
not persisted in compact prior screen,25,not persisted in compact prior screen,False,1,recoloured 9 safely isolated achromatic component(s),not persisted in compact prior screen,previous deterministic grouping screen; rank/path/source hash verified,True,False,GROUPING-SUCCESS-EDIT-NOT-PROVEN-SAFE,43,picons/13.0e/mediaset/transparent/1_0_19_7C_4B0_110_820000_0_0_0.png,f25cb4a89d704f11d50da8bcdaa5e161052162260b2e4f86aab655f2e11d3203,12,not persisted in compact prior screen,False,4756
not persisted in compact prior screen,0,not persisted in compact prior screen,False,1,recoloured 24 safely isolated achromatic component(s),not persisted in compact prior screen,previous deterministic grouping screen; rank/path/source hash verified,True,False,REVIEW-GROUPING-NOT-PROVEN,44,picons/42.0e/demiroren-medya/transparent/1_0_1_7B2_9_42_1A40000_0_0_0.png,4864b1475e64afdcd4cd3a84e560c103fd78d9047a880fd9db08365e6b7893d3,12,not persisted in compact prior screen,False,6040
not persisted in compact prior screen,21,not persisted in compact prior screen,False,1,recoloured 7 safely isolated achromatic component(s),not persisted in compact prior screen,previous deterministic grouping screen; rank/path/source hash verified,True,False,GROUPING-PARTIAL-REVIEW,45,picons/13.0e/vivacom/transparent/1_0_2_3C_2580_D5_820000_0_0_0.png,c5c5dbcd8d1abd5b99e172f1683f6dc48cf9345b1e6616be678ac8571bec2670,11,not persisted in compact prior screen,False,3533
not persisted in compact prior screen,3,not persisted in compact prior screen,False,1,recoloured 3 safely isolated achromatic component(s),not persisted in compact prior screen,previous deterministic grouping screen; rank/path/source hash verified,True,False,GROUPING-PARTIAL-REVIEW,46,picons/16.0e/digitalb/transparent/1_0_16_4B0_4F4C_16E_A00000_0_0_0.png,327979d45762de728537ed6436d0cf2c2ae4ef3dde3b87fe1c5d765ec7693ffc,8,not persisted in compact prior screen,False,5988
not persisted in compact prior screen,0,not persisted in compact prior screen,False,1,recoloured 12 safely isolated achromatic component(s),not persisted in compact prior screen,previous deterministic grouping screen; rank/path/source hash verified,True,False,REVIEW-GROUPING-NOT-PROVEN,47,picons/19.2e/movistar-plus/transparent/1_0_19_78B8_3EC_1_C00000_0_0_0.png,89ca001a23b6b33364cce9b3869948f0c629981b70433b7b1b06ce4ca6aafe34,11,not persisted in compact prior screen,False,14280
not persisted in compact prior screen,25,not persisted in compact prior screen,False,1,recoloured 38 safely isolated achromatic component(s),not persisted in compact prior screen,previous deterministic grouping screen; rank/path/source hash verified,True,False,GROUPING-PARTIAL-REVIEW,48,picons/16.0e/total-tv/transparent/1_0_1_5B3_75FC_16E_A00000_0_0_0.png,bb9c49e2b8f902060ca6e57a82048f934239e002339afbeb214e2223f2fbab05,16,not persisted in compact prior screen,False,8006
not persisted in compact prior screen,19,not persisted in compact prior screen,False,1,recoloured 2 safely isolated achromatic component(s),not persisted in compact prior screen,previous deterministic grouping screen; rank/path/source hash verified,True,False,GROUPING-PARTIAL-REVIEW,49,picons/13.0e/arqiva/transparent/1_0_1_1C86_332C_13E_820000_0_0_0.png,e0c05e99eade14059a806d4abbcbc279b6efdecc3db728b41fbfabd28ec3bac2,12,not persisted in compact prior screen,False,7342
not persisted in compact prior screen,13,not persisted in compact prior screen,False,1,recoloured 5 safely isolated achromatic component(s),not persisted in compact prior screen,previous deterministic grouping screen; rank/path/source hash verified,True,False,GROUPING-SUCCESS-EDIT-NOT-PROVEN-SAFE,50,picons/39.0e/a1-bg/transparent/1_0_1F_74_B1_39E_1860000_0_0_0.png,cda19103ea51f484f50a694eb8e358d6882ac5e2b3aac188ad41b47ba0971083,10,not persisted in compact prior screen,False,2275
not persisted in compact prior screen,9,not persisted in compact prior screen,False,1,recoloured 32 safely isolated achromatic component(s),not persisted in compact prior screen,previous deterministic grouping screen; rank/path/source hash verified,True,False,GROUPING-PARTIAL-REVIEW,51,picons/1.9e/neosat/transparent/1_0_1_253_19_3_130000_0_0_0.png,b80a28dabd202bcf280e322c97dec6bc9df0fdeb707f82038becd5dd50fc0e12,12,not persisted in compact prior screen,False,9544
not persisted in compact prior screen,54,not persisted in compact prior screen,False,1,recoloured 5 safely isolated achromatic component(s),not persisted in compact prior screen,previous deterministic grouping screen; rank/path/source hash verified,True,False,GROUPING-SUCCESS-EDIT-NOT-PROVEN-SAFE,52,picons/13.0e/tvn-wbd/transparent/1_0_19_10E1_3E8_13E_820000_0_0_0.png,c0437ef33fe81f98977469897a09b81ba504ff3f4b449e19006daafd58386318,19,not persisted in compact prior screen,False,7019
not persisted in compact prior screen,7,not persisted in compact prior screen,False,1,recoloured 9 safely isolated achromatic component(s),not persisted in compact prior screen,previous deterministic grouping screen; rank/path/source hash verified,True,False,GROUPING-SUCCESS-EDIT-NOT-PROVEN-SAFE,53,picons/19.2e/movistar-plus/transparent/1_0_1_7569_412_1_C00000_0_0_0.png,4236126292cc21485da5257b8cacab350e96d4ea3e150d3c40fdf7f6a7fbdff7,5,not persisted in compact prior screen,False,4457
not persisted in compact prior screen,20,not persisted in compact prior screen,False,1,recoloured 16 safely isolated achromatic component(s),not persisted in compact prior screen,previous deterministic grouping screen; rank/path/source hash verified,True,False,GROUPING-PARTIAL-REVIEW,54,picons/30.0w/rtp-1-hd/transparent/1_0_1_6E_65_53_CE40000_0_0_0.png,6f051c522bef4acbfe8077d90601a2ca3eab9a0c644bb353ef87b07fafdbe380,10,not persisted in compact prior screen,False,7117
not persisted in compact prior screen,4,not persisted in compact prior screen,False,1,recoloured 8 safely isolated achromatic component(s),not persisted in compact prior screen,previous deterministic grouping screen; rank/path/source hash verified,True,False,GROUPING-PARTIAL-REVIEW,55,picons/19.2e/movistar-plus/transparent/1_0_1_769A_41E_1_C00000_0_0_0.png,2ac361cfff65202f50c769342ba9de380d759ab85aed95d402ebf700c3cc4b1f,5,not persisted in compact prior screen,False,5248
not persisted in compact prior screen,20,not persisted in compact prior screen,False,2,recoloured 14 safely isolated achromatic component(s),not persisted in compact prior screen,previous deterministic grouping screen; rank/path/source hash verified,True,False,GROUPING-PARTIAL-REVIEW,56,picons/13.0e/nova/transparent/1_0_1_166_1C84_13E_820000_0_0_0.png,b427542339f1390edc6d71de2832fa60915205a0317781f62f520c46b87b760a,14,not persisted in compact prior screen,False,2166
not persisted in compact prior screen,15,not persisted in compact prior screen,False,1,recoloured 29 safely isolated achromatic component(s),not persisted in compact prior screen,previous deterministic grouping screen; rank/path/source hash verified,True,False,GROUPING-PARTIAL-REVIEW,57,picons/5.0w/rai-way/transparent/1_0_1_4F_8800_217C_DDE0000_0_0_0.png,ec7cc26cf9f785bba6ee89b63a2921a4ed1efe6cb4b535e665f9effbce2a56fd,8,not persisted in compact prior screen,False,10270
not persisted in compact prior screen,7,not persisted in compact prior screen,False,1,recoloured 31 safely isolated achromatic component(s),not persisted in compact prior screen,previous deterministic grouping screen; rank/path/source hash verified,True,False,GROUPING-PARTIAL-REVIEW,58,picons/19.2e/ab-sat/transparent/1_0_2_23C1_446_1_C00000_0_0_0.png,c0be1914cf4469a7f388838345f472224a2a7e76fa4f6b34727055eb3a9e344e,7,not persisted in compact prior screen,False,8119
not persisted in compact prior screen,21,not persisted in compact prior screen,False,1,recoloured 7 safely isolated achromatic component(s),not persisted in compact prior screen,previous deterministic grouping screen; rank/path/source hash verified,True,False,GROUPING-PARTIAL-REVIEW,59,picons/13.0e/mediaset/transparent/1_0_19_78_4B0_110_820000_0_0_0.png,91ce9b0196e8cc7f0ad7d43f0e55c9f0faa223d067e00224fed0906b59b57924,14,not persisted in compact prior screen,False,5743
not persisted in compact prior screen,6,not persisted in compact prior screen,False,1,recoloured 6 safely isolated achromatic component(s),not persisted in compact prior screen,previous deterministic grouping screen; rank/path/source hash verified,True,False,GROUPING-SUCCESS-EDIT-NOT-PROVEN-SAFE,60,picons/42.0e/trt/transparent/1_0_19_290A_9D6D_42E_1A40000_0_0_0.png,f1202ba19dcb3b7eff3aafd93849d874a3c68df5ea473d28df4f2ec52720a553,5,not persisted in compact prior screen,False,7634
not persisted in compact prior screen,0,not persisted in compact prior screen,False,1,recoloured 34 safely isolated achromatic component(s),not persisted in compact prior screen,previous deterministic grouping screen; rank/path/source hash verified,True,False,REVIEW-GROUPING-NOT-PROVEN,61,picons/19.2e/digital-plus/transparent/1_0_1_746A_3F0_1_C00000_0_0_0.png,cc31b5e489d967c09536e3da785a6d12aaccd056fa6a2813d1012c6bd3799092,12,not persisted in compact prior screen,False,4476
not persisted in compact prior screen,10,not persisted in compact prior screen,False,1,recoloured 42 safely isolated achromatic component(s),not persisted in compact prior screen,previous deterministic grouping screen; rank/path/source hash verified,True,False,GROUPING-PARTIAL-REVIEW,62,picons/5.0w/rts/transparent/1_0_1_26B8_A801_217C_DDE0000_0_0_0.png,6ed0cae27b5cbafc30b6b7a3b4fd187f1bc974e0e6c28bf2e14cc70a9a35977d,22,not persisted in compact prior screen,False,12001
not persisted in compact prior screen,0,not persisted in compact prior screen,False,1,recoloured 8 safely isolated achromatic component(s),not persisted in compact prior screen,previous deterministic grouping screen; rank/path/source hash verified,True,False,REVIEW-GROUPING-NOT-PROVEN,63,picons/19.2e/m7-group/transparent/1_0_16_1013_451_35_C00000_0_0_0.png,7e6deb8279f8872f5dd59e47b7927e6bb6794729dc44e40ca5e10a8117961573,10,not persisted in compact prior screen,False,6001
not persisted in compact prior screen,13,not persisted in compact prior screen,False,1,recoloured 9 safely isolated achromatic component(s),not persisted in compact prior screen,previous deterministic grouping screen; rank/path/source hash verified,True,False,GROUPING-PARTIAL-REVIEW,64,picons/13.0e/vivacom/transparent/1_0_16_DF_25E4_D5_820000_0_0_0.png,4c1c056b6746938dc7a9241170ffb9fb8c8484f8b832c67059f1438cea9ba1c4,12,not persisted in compact prior screen,False,2083
not persisted in compact prior screen,3,not persisted in compact prior screen,False,1,recoloured 5 safely isolated achromatic component(s),not persisted in compact prior screen,previous deterministic grouping screen; rank/path/source hash verified,True,False,GROUPING-PARTIAL-REVIEW,65,picons/13.0e/nova/transparent/1_0_1_3C98_1BBC_13E_820000_0_0_0.png,99e831b30c509a1a2e4ac558bf3903df8641e12d42aa9f7dda2e42ddc6320ef4,5,not persisted in compact prior screen,False,3257
not persisted in compact prior screen,8,not persisted in compact prior screen,False,1,recoloured 16 safely isolated achromatic component(s),not persisted in compact prior screen,previous deterministic grouping screen; rank/path/source hash verified,True,False,GROUPING-SUCCESS-EDIT-NOT-PROVEN-SAFE,66,picons/28.2e/bskyb/transparent/1_0_19_D754_82F_2_11A0000_0_0_0.png,4bc57097e4984e4b3c84f526b9c4910b35e6d0bcbf6ba7f9781ed58565092b4f,8,not persisted in compact prior screen,False,2048
not persisted in compact prior screen,16,not persisted in compact prior screen,False,1,recoloured 15 safely isolated achromatic component(s),not persisted in compact prior screen,previous deterministic grouping screen; rank/path/source hash verified,True,False,GROUPING-PARTIAL-REVIEW,67,picons/0.8w/freesat/transparent/1_0_1_1004_5_1_E080000_0_0_0.png,7250757457457d56beb1288f0d9354d67109271dabcc282d2008c417ebba6233,10,not persisted in compact prior screen,False,4741
not persisted in compact prior screen,0,not persisted in compact prior screen,True,1,recoloured 1 safely isolated achromatic component(s),not persisted in compact prior screen,previous deterministic grouping screen; rank/path/source hash verified,True,False,AUTO-FIX-CANDIDATE,68,picons/13.0e/eutelsat/transparent/1_0_1_517_2E7C_13F_820000_0_0_0.png,c8b5034d5e18def6f3f588e2fbe86092a2507b8711327e8d4a5f0e015e455577,1,not persisted in compact prior screen,False,3980
not persisted in compact prior screen,6,not persisted in compact prior screen,False,1,recoloured 7 safely isolated achromatic component(s),not persisted in compact prior screen,previous deterministic grouping screen; rank/path/source hash verified,True,False,GROUPING-PARTIAL-REVIEW,69,picons/19.2e/sky/transparent/1_0_19_7F_D_85_C00000_0_0_0.png,11da8f7ba3b97ecca3bf8b7c3f27507cbec0182d3965f57b592b852e645f5000,9,not persisted in compact prior screen,False,5366
not persisted in compact prior screen,10,not persisted in compact prior screen,False,1,recoloured 35 safely isolated achromatic component(s),not persisted in compact prior screen,previous deterministic grouping screen; rank/path/source hash verified,True,False,GROUPING-PARTIAL-REVIEW,70,picons/23.5e/m7-group/transparent/1_0_19_1BFD_C88_3_EB0000_0_0_0.png,9aee00de452c344b85ec6e20c96013900f995d0f5ce571e078e92245c1decf2a,14,not persisted in compact prior screen,False,4565
not persisted in compact prior screen,8,not persisted in compact prior screen,False,1,recoloured 30 safely isolated achromatic component(s),not persisted in compact prior screen,previous deterministic grouping screen; rank/path/source hash verified,True,False,GROUPING-SUCCESS-EDIT-NOT-PROVEN-SAFE,71,picons/0.8w/freesat/transparent/1_0_1_78C2_2C5_600_E080000_0_0_0.png,f776b47a422f969f53eb151392f8baeca2f2526ad553b17c2a66689a9e518c37,5,not persisted in compact prior screen,False,6108
False,0,True,True,1,recoloured 2 safely isolated achromatic component(s),False,grouping helper rerun in this script,True,True,selected_first_distinct_visual_wordmark_with_complete_frozen_group_guard,72,picons/13.0e/telespazio/transparent/1_0_1_315_1B58_13E_820000_0_0_0.png,a7cf95b8f5a20bb8a814aff29ac40300f4c6a9decc72781cd931ba7e09675e05,2,False,False,7300
not persisted in compact prior screen,4,not persisted in compact prior screen,False,1,recoloured 7 safely isolated achromatic component(s),not persisted in compact prior screen,previous deterministic grouping screen; rank/path/source hash verified,True,False,GROUPING-PARTIAL-REVIEW,73,picons/19.2e/movistar-plus/transparent/1_0_1_7821_428_1_C00000_0_0_0.png,01dd18b9a12b7b58e185cba0309a9b9f85588f895c10211f7719b2d95eb60799,5,not persisted in compact prior screen,False,5244
not persisted in compact prior screen,0,not persisted in compact prior screen,True,1,recoloured 1 safely isolated achromatic component(s),not persisted in compact prior screen,previous deterministic grouping screen; rank/path/source hash verified,True,False,AUTO-FIX-CANDIDATE,74,picons/13.0e/m-three-satcom/transparent/1_0_2_E3D_1C20_13E_820000_0_0_0.png,fdff65c0c55f68f7ac0e1ac4db52f0378896f4748d8b0a6f63f68a1e67388903,1,not persisted in compact prior screen,False,5394
not persisted in compact prior screen,10,not persisted in compact prior screen,False,1,recoloured 18 safely isolated achromatic component(s),not persisted in compact prior screen,previous deterministic grouping screen; rank/path/source hash verified,True,False,GROUPING-PARTIAL-REVIEW,75,picons/0.8w/telenor/transparent/1_0_19_1BA1_44_46_E080000_0_0_0.png,cab64d0afe696bdadc913c92275128e12f76291b448e65853da7453fbb54364a,9,not persisted in compact prior screen,False,4738
not persisted in compact prior screen,15,not persisted in compact prior screen,False,1,recoloured 6 safely isolated achromatic component(s),not persisted in compact prior screen,previous deterministic grouping screen; rank/path/source hash verified,True,False,GROUPING-PARTIAL-REVIEW,76,picons/13.0e/telespazio/transparent/1_0_1_421A_3DB8_13E_820000_0_0_0.png,ea4af699d13172cd1f1598e9e9bdb8b925a31af84596f407de8a7fb047a2a8f5,8,not persisted in compact prior screen,False,7182
not persisted in compact prior screen,4,not persisted in compact prior screen,False,1,recoloured 5 safely isolated achromatic component(s),not persisted in compact prior screen,previous deterministic grouping screen; rank/path/source hash verified,True,False,GROUPING-PARTIAL-REVIEW,77,picons/19.2e/movistar/transparent/1_0_1_76C5_40E_1_C00000_0_0_0.png,abe85dd8a5b98963b8dd4add3a71d99da8be1f3388f821dee9400b2e92dd9ba9,5,not persisted in compact prior screen,False,5247
not persisted in compact prior screen,0,not persisted in compact prior screen,False,1,recoloured 11 safely isolated achromatic component(s),not persisted in compact prior screen,previous deterministic grouping screen; rank/path/source hash verified,True,False,REVIEW-GROUPING-NOT-PROVEN,78,picons/19.2e/movistar-plus/transparent/1_0_19_749D_41C_1_C00000_0_0_0.png,5c700b7d3637d4fea3e694de5a72295a3273da4acebd1ca8da8e5c2112b1a6f8,5,not persisted in compact prior screen,False,11590
not persisted in compact prior screen,7,not persisted in compact prior screen,False,1,recoloured 24 safely isolated achromatic component(s),not persisted in compact prior screen,previous deterministic grouping screen; rank/path/source hash verified,True,False,GROUPING-PARTIAL-REVIEW,79,picons/13.0e/cyfrowy-polsat/transparent/1_0_1_290A_1EDC_71_820000_0_0_0.png,e16a64d8d3e39623efecacbe8c8f7b87a389a4d47b76d3feeed29ecf95b557f8,25,not persisted in compact prior screen,False,6083
not persisted in compact prior screen,10,not persisted in compact prior screen,False,1,recoloured 2 safely isolated achromatic component(s),not persisted in compact prior screen,previous deterministic grouping screen; rank/path/source hash verified,True,False,GROUPING-PARTIAL-REVIEW,80,picons/13.0e/vivacom/transparent/1_0_16_1398_2710_D5_820000_0_0_0.png,c51b0559978d321092055f3ee44b7e6b587e73df3d127b3ed0a39f045e267983,10,not persisted in compact prior screen,False,1750
not persisted in compact prior screen,5,not persisted in compact prior screen,False,1,recoloured 8 safely isolated achromatic component(s),not persisted in compact prior screen,previous deterministic grouping screen; rank/path/source hash verified,True,False,GROUPING-SUCCESS-EDIT-NOT-PROVEN-SAFE,81,picons/19.2e/ab-sat/transparent/1_0_19_427D_446_1_C00000_0_0_0.png,a885984953028f70c7d07449e792a05cb17273e764ec341e927eb83f084d106f,4,not persisted in compact prior screen,False,13631
not persisted in compact prior screen,50,not persisted in compact prior screen,False,1,recoloured 25 safely isolated achromatic component(s),not persisted in compact prior screen,previous deterministic grouping screen; rank/path/source hash verified,True,False,GROUPING-PARTIAL-REVIEW,82,picons/42.0e/demiroren-medya/transparent/1_0_19_774_9_42_1A40000_0_0_0.png,fffaeecc1087089b30242097260624f2fbe64ac68f173eb1e243068e53d1ec1d,19,not persisted in compact prior screen,False,3944
not persisted in compact prior screen,4,not persisted in compact prior screen,False,1,recoloured 3 safely isolated achromatic component(s),not persisted in compact prior screen,previous deterministic grouping screen; rank/path/source hash verified,True,False,GROUPING-SUCCESS-EDIT-NOT-PROVEN-SAFE,83,picons/19.2e/prosiebensat-1/transparent/1_0_1_4461_453_1_C00000_0_0_0.png,40153583ad672b46bf3f35106e59e5092256fc4e1459a983e7bf03e65e98c053,4,not persisted in compact prior screen,False,7157
not persisted in compact prior screen,9,not persisted in compact prior screen,False,1,recoloured 7 safely isolated achromatic component(s),not persisted in compact prior screen,previous deterministic grouping screen; rank/path/source hash verified,True,False,GROUPING-PARTIAL-REVIEW,84,picons/13.0e/cyfrowy-polsat/transparent/1_0_1_3E28_2EE0_13E_820000_0_0_0.png,5c8e2f0ffea6e52b38b8451322621de49331d02c0e5cc488ba11d2e4101b7d04,10,not persisted in compact prior screen,False,3335
not persisted in compact prior screen,11,not persisted in compact prior screen,False,1,recoloured 6 safely isolated achromatic component(s),not persisted in compact prior screen,previous deterministic grouping screen; rank/path/source hash verified,True,False,GROUPING-PARTIAL-REVIEW,85,picons/16.0e/digitalb/transparent/1_0_19_3EF_51A4_16E_A00000_0_0_0.png,d88975a2ffa79be2846491a5b6feb6d53c86e3b458fcaec65e9b11ac7ca6caab,8,not persisted in compact prior screen,False,2535
not persisted in compact prior screen,6,not persisted in compact prior screen,False,1,recoloured 4 safely isolated achromatic component(s),not persisted in compact prior screen,previous deterministic grouping screen; rank/path/source hash verified,True,False,GROUPING-SUCCESS-EDIT-NOT-PROVEN-SAFE,86,picons/13.0e/dcm-sta2-61p-fr-sta/transparent/1_0_2_39D2_1FA4_13E_820000_0_0_0.png,d50c169b931c38c60892cb6a259549ae64ebd4d6a8041dcb9327e05883472201,5,not persisted in compact prior screen,False,2683
not persisted in compact prior screen,25,not persisted in compact prior screen,False,1,recoloured 10 safely isolated achromatic component(s),not persisted in compact prior screen,previous deterministic grouping screen; rank/path/source hash verified,True,False,GROUPING-SUCCESS-EDIT-NOT-PROVEN-SAFE,87,picons/13.0e/kabelio-ch/transparent/1_0_19_D5_2C24_13E_820000_0_0_0.png,8a6b51705fe1342d77ff737ccc7a6f9916a43d66dd4c69617011c9911c6af4c9,10,not persisted in compact prior screen,False,5404
not persisted in compact prior screen,0,not persisted in compact prior screen,True,1,recoloured 5 safely isolated achromatic component(s),not persisted in compact prior screen,previous deterministic grouping screen; rank/path/source hash verified,True,False,AUTO-FIX-CANDIDATE,88,picons/9.0e/canale-10/transparent/1_0_1_1A91_68E1_217C_5A0000_0_0_0.png,6542cb4ad12ef29a1ede1328d55e8eefddd6deb6ca147aa6fd8f333a6999256c,1,not persisted in compact prior screen,False,8471
not persisted in compact prior screen,12,not persisted in compact prior screen,False,1,recoloured 10 safely isolated achromatic component(s),not persisted in compact prior screen,previous deterministic grouping screen; rank/path/source hash verified,True,False,GROUPING-SUCCESS-EDIT-NOT-PROVEN-SAFE,89,picons/16.0e/telekom-srbija/transparent/1_0_1_79_9F60_16E_A00000_0_0_0.png,c36c0d758c205662a0118e46b81b699d3f8e424d7e3bf740473790eec358c447,8,not persisted in compact prior screen,False,5952
not persisted in compact prior screen,11,not persisted in compact prior screen,False,1,recoloured 6 safely isolated achromatic component(s),not persisted in compact prior screen,previous deterministic grouping screen; rank/path/source hash verified,True,False,GROUPING-PARTIAL-REVIEW,90,picons/13.0e/iko-media-group/transparent/1_0_1_4206_2F44_13E_820000_0_0_0.png,b233ad9f6281f0ff26a7fa7f4304b0effdef60fc8311d24f57726756d71045d9,8,not persisted in compact prior screen,False,2108
not persisted in compact prior screen,0,not persisted in compact prior screen,False,1,recoloured 19 safely isolated achromatic component(s),not persisted in compact prior screen,previous deterministic grouping screen; rank/path/source hash verified,True,False,REVIEW-GROUPING-NOT-PROVEN,91,picons/30.0w/sid-caca-e-pesca/transparent/1_0_1_32F_2F_36_CE40000_0_0_0.png,f2c7ea6611b176288337cdf5e8678424111de0989f4b4d5161df30e87f7cda5a,11,not persisted in compact prior screen,False,14378
not persisted in compact prior screen,7,not persisted in compact prior screen,False,1,recoloured 19 safely isolated achromatic component(s),not persisted in compact prior screen,previous deterministic grouping screen; rank/path/source hash verified,True,False,GROUPING-SUCCESS-EDIT-NOT-PROVEN-SAFE,92,picons/19.2e/ard-mdr/transparent/1_0_A_28E6_425_1_C00000_0_0_0.png,7768f1dfe6f850871f15474774840015ba6a1fd201babeacdcdc31a631e99b84,6,not persisted in compact prior screen,False,5353
not persisted in compact prior screen,48,not persisted in compact prior screen,False,1,recoloured 42 safely isolated achromatic component(s),not persisted in compact prior screen,previous deterministic grouping screen; rank/path/source hash verified,True,False,GROUPING-SUCCESS-EDIT-NOT-PROVEN-SAFE,93,picons/19.2e/tsa/transparent/1_0_1_7A4C_410_1_C00000_0_0_0.png,2b127b082f08520ed40cd6d001ed9e3315a6bb50fb87339fc9aca8b989c83313,18,not persisted in compact prior screen,False,4634
not persisted in compact prior screen,7,not persisted in compact prior screen,False,1,recoloured 19 safely isolated achromatic component(s),not persisted in compact prior screen,previous deterministic grouping screen; rank/path/source hash verified,True,False,GROUPING-PARTIAL-REVIEW,94,picons/9.0e/mediaset/transparent/1_0_19_69_385_110_5A0000_0_0_0.png,bf67303bbe63b5d62ab21af94785e4236ce408e0defa0c30e6876108a7bf710a,11,not persisted in compact prior screen,False,7080
not persisted in compact prior screen,16,not persisted in compact prior screen,False,1,recoloured 32 safely isolated achromatic component(s),not persisted in compact prior screen,previous deterministic grouping screen; rank/path/source hash verified,True,False,GROUPING-PARTIAL-REVIEW,95,picons/16.0e/telekom-srbija/transparent/1_0_1_5E6_4E84_16E_A00000_0_0_0.png,b78324c1f5ed1f3fc65bd128d0d47ce40c010ff1deed7cddd503b81980c40220,15,not persisted in compact prior screen,False,3836
not persisted in compact prior screen,3,not persisted in compact prior screen,False,1,recoloured 4 safely isolated achromatic component(s),not persisted in compact prior screen,previous deterministic grouping screen; rank/path/source hash verified,True,False,GROUPING-PARTIAL-REVIEW,96,picons/13.0e/vivacom/transparent/1_0_16_E5_251C_D5_820000_0_0_0.png,16024c41d6a30f163a810fca34a6092b76a1d1aa3ab71ce51158cb9f72575f06,4,not persisted in compact prior screen,False,12117
not persisted in compact prior screen,1,not persisted in compact prior screen,False,1,recoloured 6 safely isolated achromatic component(s),not persisted in compact prior screen,previous deterministic grouping screen; rank/path/source hash verified,True,False,GROUPING-PARTIAL-REVIEW,97,picons/13.0e/sky-italia/transparent/1_0_19_DCF_1A90_FBFF_820000_0_0_0.png,85d0e088cdc5a682e0c3a24a7549ee7fea1121f2decafbd735b0788ab90dda20,6,not persisted in compact prior screen,False,11675
not persisted in compact prior screen,27,not persisted in compact prior screen,False,1,recoloured 28 safely isolated achromatic component(s),not persisted in compact prior screen,previous deterministic grouping screen; rank/path/source hash verified,True,False,GROUPING-PARTIAL-REVIEW,98,picons/23.5e/m7-group/transparent/1_0_2_3746_C8E_3_EB0000_0_0_0.png,63648c5c56a65b24c0348df790e65652dd64693b632bdb2ff668eab3e5aee921,14,not persisted in compact prior screen,False,8374
not persisted in compact prior screen,6,not persisted in compact prior screen,False,1,recoloured 17 safely isolated achromatic component(s),not persisted in compact prior screen,previous deterministic grouping screen; rank/path/source hash verified,True,False,GROUPING-SUCCESS-EDIT-NOT-PROVEN-SAFE,99,picons/19.2e/ses/transparent/1_0_1F_2BC6_40C_1_C00000_0_0_0.png,716ef04c3cb72f271ce0ed6e8d2419b0d2874b282f9e066cf45d7e93a8818f59,4,not persisted in compact prior screen,False,4225
not persisted in compact prior screen,6,not persisted in compact prior screen,False,1,recoloured 4 safely isolated achromatic component(s),not persisted in compact prior screen,previous deterministic grouping screen; rank/path/source hash verified,True,False,GROUPING-SUCCESS-EDIT-NOT-PROVEN-SAFE,100,picons/13.0e/nova/transparent/1_0_1_3C97_1BBC_13E_820000_0_0_0.png,bd9dbd2fff68a4787773ef3081961b26840e806287ffbc63380d2f1096d466a6,4,not persisted in compact prior screen,False,4205
not persisted in compact prior screen,21,not persisted in compact prior screen,False,1,recoloured 34 safely isolated achromatic component(s),not persisted in compact prior screen,previous deterministic grouping screen; rank/path/source hash verified,True,False,GROUPING-PARTIAL-REVIEW,101,picons/9.0e/mediaset/transparent/1_0_19_99_385_110_5A0000_0_0_0.png,30da1b14219519d0780fa2e4ffe468b3ff85791a390eaf2a63d6afeae9dc5e00,14,not persisted in compact prior screen,False,5834
not persisted in compact prior screen,0,not persisted in compact prior screen,False,1,recoloured 1 safely isolated achromatic component(s),not persisted in compact prior screen,previous deterministic grouping screen; rank/path/source hash verified,True,False,REVIEW-GROUPING-NOT-PROVEN,102,picons/16.0e/a1-broadcasting/transparent/1_0_16_AA0_9DD0_16E_A00000_0_0_0.png,b475b944877e66f47ccf72d8adf7f621ea195d7bdb4d8c2ce2074e4a6eb751a2,6,not persisted in compact prior screen,False,10430
not persisted in compact prior screen,1,not persisted in compact prior screen,True,1,recoloured 2 safely isolated achromatic component(s),not persisted in compact prior screen,previous deterministic grouping screen; rank/path/source hash verified,True,False,AUTO-FIX-CANDIDATE,103,picons/13.0e/telespazio/transparent/1_0_1_314_1B58_13E_820000_0_0_0.png,030011e59c09ed2af7a37bf6ea39fb6ddd9699f6600dcba5b1918d5260fcd63c,2,not persisted in compact prior screen,False,7303
not persisted in compact prior screen,0,not persisted in compact prior screen,False,1,recoloured 30 safely isolated achromatic component(s),not persisted in compact prior screen,previous deterministic grouping screen; rank/path/source hash verified,True,False,REVIEW-GROUPING-NOT-PROVEN,104,picons/9.0e/epiqa/transparent/1_0_16_1C01_384_110_5A0000_0_0_0.png,c83bc3602fd762b3ecedf3a81303e5780227793c337df6f7ee7fdae077086c53,8,not persisted in compact prior screen,False,16036
not persisted in compact prior screen,1,not persisted in compact prior screen,False,1,recoloured 19 safely isolated achromatic component(s),not persisted in compact prior screen,previous deterministic grouping screen; rank/path/source hash verified,True,False,GROUPING-PARTIAL-REVIEW,105,picons/9.0e/ote/transparent/1_0_1_407_1_AA_5A0000_0_0_0.png,27ad33cb82f2d9e4cc1438c3566a8b996981798b9c6a5af296d30f2a6e1a7a5b,6,not persisted in compact prior screen,False,5754
not persisted in compact prior screen,34,not persisted in compact prior screen,False,1,recoloured 44 safely isolated achromatic component(s),not persisted in compact prior screen,previous deterministic grouping screen; rank/path/source hash verified,True,False,GROUPING-SUCCESS-EDIT-NOT-PROVEN-SAFE,106,picons/19.2e/ard-ndr/transparent/1_0_A_28CF_40F_1_C00000_0_0_0.png,db961db9066e5348fd96515623a0d8f49f96c24da969a794b4a3887a49116670,12,not persisted in compact prior screen,False,9196
not persisted in compact prior screen,1,not persisted in compact prior screen,False,1,recoloured 6 safely isolated achromatic component(s),not persisted in compact prior screen,previous deterministic grouping screen; rank/path/source hash verified,True,False,GROUPING-PARTIAL-REVIEW,107,picons/7.0w/eutelsat/transparent/1_0_19_32_14_6E_DCA0000_0_0_0.png,2d4c35ceffa0bc3a478d8a21c981bdc8394b4b6c22c7c329797cec6193fee4ef,5,not persisted in compact prior screen,False,11270
not persisted in compact prior screen,7,not persisted in compact prior screen,False,2,recoloured 25 safely isolated achromatic component(s),not persisted in compact prior screen,previous deterministic grouping screen; rank/path/source hash verified,True,False,GROUPING-PARTIAL-REVIEW,108,picons/19.2e/sky/transparent/1_0_19_206_2_85_C00000_0_0_0.png,e9744afb17cbae4a633668bc705616059e74fed54bcbc1b7223d91a75a2776c4,11,not persisted in compact prior screen,False,4896
not persisted in compact prior screen,3,not persisted in compact prior screen,False,2,recoloured 3 safely isolated achromatic component(s),not persisted in compact prior screen,previous deterministic grouping screen; rank/path/source hash verified,True,False,GROUPING-PARTIAL-REVIEW,109,picons/13.0e/nova/transparent/1_0_1_16B_1C84_13E_820000_0_0_0.png,e78115382daf0e052e6b6f9b29c95905cdbf6d2cca094afcea82139ba4315282,4,not persisted in compact prior screen,False,2856
not persisted in compact prior screen,13,not persisted in compact prior screen,False,1,recoloured 9 safely isolated achromatic component(s),not persisted in compact prior screen,previous deterministic grouping screen; rank/path/source hash verified,True,False,GROUPING-SUCCESS-EDIT-NOT-PROVEN-SAFE,110,picons/16.0e/digitalb/transparent/1_0_19_5F0_4F4C_16E_A00000_0_0_0.png,559ea8d70f9fececa2e0abea0fda1830be618968e5295b1369ae01517e828380,7,not persisted in compact prior screen,False,14640
not persisted in compact prior screen,1,not persisted in compact prior screen,False,1,recoloured 4 safely isolated achromatic component(s),not persisted in compact prior screen,previous deterministic grouping screen; rank/path/source hash verified,True,False,GROUPING-PARTIAL-REVIEW,111,picons/16.0e/antiksat/transparent/1_0_16_4B6_76C1_16E_A00000_0_0_0.png,4345e3c2aa9e8415b013565a55c6fd0c336084868fef1235f1da6c2704a878f6,4,not persisted in compact prior screen,False,8150
not persisted in compact prior screen,2,not persisted in compact prior screen,False,1,recoloured 3 safely isolated achromatic component(s),not persisted in compact prior screen,previous deterministic grouping screen; rank/path/source hash verified,True,False,GROUPING-SUCCESS-EDIT-NOT-PROVEN-SAFE,112,picons/13.0e/telespazio/transparent/1_0_1_1326_33F4_13E_820000_0_0_0.png,37ed1c88912325b7c52495fb8bcec89945922e066d46a42035825a67d4bac3ef,3,not persisted in compact prior screen,False,5547
not persisted in compact prior screen,7,not persisted in compact prior screen,False,1,recoloured 42 safely isolated achromatic component(s),not persisted in compact prior screen,previous deterministic grouping screen; rank/path/source hash verified,True,False,GROUPING-PARTIAL-REVIEW,113,picons/9.0e/ote/transparent/1_0_1_463_8_AA_5A0000_0_0_0.png,5a243217fcee7f7b3168707f94802e51e961cf81aa2530a2eb36ca3cb43c5a03,23,not persisted in compact prior screen,False,11651
not persisted in compact prior screen,18,not persisted in compact prior screen,False,2,recoloured 40 safely isolated achromatic component(s),not persisted in compact prior screen,previous deterministic grouping screen; rank/path/source hash verified,True,False,GROUPING-PARTIAL-REVIEW,114,picons/9.0e/ote/transparent/1_0_1_405_5_AA_5A0000_0_0_0.png,ad2497c9e59d33e741c21b5a024ce351ed30cbe8ccf74dae219659b0bb8cf2b6,14,not persisted in compact prior screen,False,3222
not persisted in compact prior screen,16,not persisted in compact prior screen,False,2,recoloured 39 safely isolated achromatic component(s),not persisted in compact prior screen,previous deterministic grouping screen; rank/path/source hash verified,True,False,GROUPING-PARTIAL-REVIEW,115,picons/19.2e/movistar-plus/transparent/1_0_1_7568_412_1_C00000_0_0_0.png,0694dff989fa9203e20d7560aeb606c2b5380aacedafa0ecd7a15714368b601f,16,not persisted in compact prior screen,False,6769
not persisted in compact prior screen,12,not persisted in compact prior screen,False,1,recoloured 7 safely isolated achromatic component(s),not persisted in compact prior screen,previous deterministic grouping screen; rank/path/source hash verified,True,False,GROUPING-PARTIAL-REVIEW,116,picons/13.0e/cyfrowy-polsat/transparent/1_0_1_3E27_2EE0_13E_820000_0_0_0.png,c10a8028f604f0e4448a38833ed835561d7f04238942812e7442485d4de7d0a6,10,not persisted in compact prior screen,False,3405
not persisted in compact prior screen,5,not persisted in compact prior screen,False,1,recoloured 22 safely isolated achromatic component(s),not persisted in compact prior screen,previous deterministic grouping screen; rank/path/source hash verified,True,False,GROUPING-SUCCESS-EDIT-NOT-PROVEN-SAFE,117,picons/9.0e/sisal/transparent/1_0_1_780_1_64_5A0000_0_0_0.png,d302af5384cf4b18d94b03ab2d50543cd4302e20b924f8c4e7f152c725106d1c,4,not persisted in compact prior screen,False,9381
not persisted in compact prior screen,1,not persisted in compact prior screen,False,1,recoloured 17 safely isolated achromatic component(s),not persisted in compact prior screen,previous deterministic grouping screen; rank/path/source hash verified,True,False,GROUPING-PARTIAL-REVIEW,118,picons/19.2e/movistar-plus/transparent/1_0_1_77BE_40A_1_C00000_0_0_0.png,098656280c347a35cd033e11893947f1f1660bdf0744447a756491ba3691b1df,6,not persisted in compact prior screen,False,14982
not persisted in compact prior screen,7,not persisted in compact prior screen,False,1,recoloured 22 safely isolated achromatic component(s),not persisted in compact prior screen,previous deterministic grouping screen; rank/path/source hash verified,True,False,GROUPING-PARTIAL-REVIEW,119,picons/19.2e/movistar-plus/transparent/1_0_1_7795_424_1_C00000_0_0_0.png,3119d2ebb2c72b531af93d253b2b07b28a4c65829570d5c1f264d3d5a9fc1a1f,9,not persisted in compact prior screen,False,8855
not persisted in compact prior screen,0,not persisted in compact prior screen,False,2,recoloured 5 safely isolated achromatic component(s),not persisted in compact prior screen,previous deterministic grouping screen; rank/path/source hash verified,True,False,REVIEW-GROUPING-NOT-PROVEN,120,picons/52.0e/wns/transparent/1_0_1_10_211E_211E_2080000_0_0_0.png,e1ee080234c96dd7de01df08378e30ebbba085d294873aad846727cb6e4a3cdd,4,not persisted in compact prior screen,False,4374
not persisted in compact prior screen,4,not persisted in compact prior screen,False,1,recoloured 7 safely isolated achromatic component(s),not persisted in compact prior screen,previous deterministic grouping screen; rank/path/source hash verified,True,False,GROUPING-PARTIAL-REVIEW,121,picons/19.2e/movistar-plus/transparent/1_0_1_7830_428_1_C00000_0_0_0.png,bd0efdf66f2e15bc2c7f02f793d486cc01a82801eabd7ac82ecce8afcc0f7905,5,not persisted in compact prior screen,False,5231
not persisted in compact prior screen,13,not persisted in compact prior screen,False,1,recoloured 11 safely isolated achromatic component(s),not persisted in compact prior screen,previous deterministic grouping screen; rank/path/source hash verified,True,False,GROUPING-SUCCESS-EDIT-NOT-PROVEN-SAFE,122,picons/39.0e/tring-tv/transparent/1_0_1_137E_3FC_39E_1860000_0_0_0.png,a8c37e0a3a254572ecdeeb6a2c51e230784f0572824ec25e066510fc01eb1974,7,not persisted in compact prior screen,False,14703
not persisted in compact prior screen,3,not persisted in compact prior screen,False,1,recoloured 12 safely isolated achromatic component(s),not persisted in compact prior screen,previous deterministic grouping screen; rank/path/source hash verified,True,False,GROUPING-SUCCESS-EDIT-NOT-PROVEN-SAFE,123,picons/30.0w/artv/transparent/1_0_1_A5_65_53_CE40000_0_0_0.png,a53b5e26e7d3fe8369edf712f1747c85e37b96c6c2f0ec10df1156e653cca5d9,3,not persisted in compact prior screen,False,7581
not persisted in compact prior screen,39,not persisted in compact prior screen,False,1,recoloured 12 safely isolated achromatic component(s),not persisted in compact prior screen,previous deterministic grouping screen; rank/path/source hash verified,True,False,GROUPING-PARTIAL-REVIEW,124,picons/13.0e/telespazio/transparent/1_0_A_2CA_1B58_13E_820000_0_0_0.png,46cedf118268e7d7a3825e4ebc378b266042dba9d48523f3f618726ba63eb2e7,20,not persisted in compact prior screen,False,6312
not persisted in compact prior screen,6,not persisted in compact prior screen,False,1,recoloured 19 safely isolated achromatic component(s),not persisted in compact prior screen,previous deterministic grouping screen; rank/path/source hash verified,True,False,GROUPING-SUCCESS-EDIT-NOT-PROVEN-SAFE,125,picons/39.0e/tring-tv/transparent/1_0_1_1374_3FC_39E_1860000_0_0_0.png,7a37de969decbec43c0b585cdbc5a3820bce9c79cdc09a4b918f8c877d2c7718,4,not persisted in compact prior screen,False,11955
not persisted in compact prior screen,10,not persisted in compact prior screen,False,2,recoloured 8 safely isolated achromatic component(s),not persisted in compact prior screen,previous deterministic grouping screen; rank/path/source hash verified,True,False,GROUPING-PARTIAL-REVIEW,126,picons/13.0e/canal-plus/transparent/1_0_1_1139_2AF8_13E_820000_0_0_0.png,074e3f4679eab71c45bb1145b7d171ac3d2edd53be002ac2a77e1d440a8caa7f,8,not persisted in compact prior screen,False,2270
not persisted in compact prior screen,12,not persisted in compact prior screen,False,1,recoloured 18 safely isolated achromatic component(s),not persisted in compact prior screen,previous deterministic grouping screen; rank/path/source hash verified,True,False,GROUPING-PARTIAL-REVIEW,127,picons/5.0w/canale-italia/transparent/1_0_1_26B0_A801_217C_DDE0000_0_0_0.png,e20cb4ee46b5a9b5de4158387247cc1ff6082bce94aa5ad84498e18fa1377b32,9,not persisted in compact prior screen,False,3159
not persisted in compact prior screen,5,not persisted in compact prior screen,False,1,recoloured 23 safely isolated achromatic component(s),not persisted in compact prior screen,previous deterministic grouping screen; rank/path/source hash verified,True,False,GROUPING-SUCCESS-EDIT-NOT-PROVEN-SAFE,128,picons/0.8w/telly/transparent/1_0_19_7A50_2CB_600_E080000_0_0_0.png,c5302f1abb6c0c725ab053d90523b61f2f107eaa652c3316326e81fe8aa51614,5,not persisted in compact prior screen,False,3868
not persisted in compact prior screen,41,not persisted in compact prior screen,False,1,recoloured 42 safely isolated achromatic component(s),not persisted in compact prior screen,previous deterministic grouping screen; rank/path/source hash verified,True,False,GROUPING-SUCCESS-EDIT-NOT-PROVEN-SAFE,129,picons/23.5e/cesky-rozhlas/transparent/1_0_A_1F7D_CA1_3_EB0000_0_0_0.png,509dd7358eeb579e09ecf05f90725871faf1ff52a1055082b221847f53d94be5,20,not persisted in compact prior screen,False,3410
not persisted in compact prior screen,42,not persisted in compact prior screen,False,1,recoloured 20 safely isolated achromatic component(s),not persisted in compact prior screen,previous deterministic grouping screen; rank/path/source hash verified,True,False,GROUPING-PARTIAL-REVIEW,130,picons/9.0e/witel/transparent/1_0_1_1B5E_70E1_217C_5A0000_0_0_0.png,3c07e1cbd8079064464c2f0c5f74f8e87e57af8d6eedf320787c5671b8d7b043,15,not persisted in compact prior screen,False,8653
not persisted in compact prior screen,9,not persisted in compact prior screen,False,1,recoloured 5 safely isolated achromatic component(s),not persisted in compact prior screen,previous deterministic grouping screen; rank/path/source hash verified,True,False,GROUPING-SUCCESS-EDIT-NOT-PROVEN-SAFE,131,picons/26.0e/palsat/transparent/1_0_1_BA4_1A_1A_1040000_0_0_0.png,31a17d90780d0adbd41cd60477cdf0d485e7130eb6010e540b5a544d9e6b1e93,6,not persisted in compact prior screen,False,7127
not persisted in compact prior screen,22,not persisted in compact prior screen,False,1,recoloured 12 safely isolated achromatic component(s),not persisted in compact prior screen,previous deterministic grouping screen; rank/path/source hash verified,True,False,GROUPING-PARTIAL-REVIEW,132,picons/13.0e/snrt/transparent/1_0_19_1_2E18_B0_820000_0_0_0.png,772de32eb24b140e412fe700cd11ffed03933457b33a1c168226aae1b64b7cc2,13,not persisted in compact prior screen,False,2828
not persisted in compact prior screen,7,not persisted in compact prior screen,False,1,recoloured 31 safely isolated achromatic component(s),not persisted in compact prior screen,previous deterministic grouping screen; rank/path/source hash verified,True,False,GROUPING-SUCCESS-EDIT-NOT-PROVEN-SAFE,133,picons/19.2e/ard-ndr/transparent/1_0_19_2896_40F_1_C00000_0_0_0.png,ed86d6628d9dccbbf4049d831f89ec726307b38d488687f13606f46d349b905a,5,not persisted in compact prior screen,False,7356
not persisted in compact prior screen,39,not persisted in compact prior screen,False,1,recoloured 16 safely isolated achromatic component(s),not persisted in compact prior screen,previous deterministic grouping screen; rank/path/source hash verified,True,False,GROUPING-PARTIAL-REVIEW,134,picons/13.0e/iko-media-group/transparent/1_0_2_604_1F4_FC_820000_0_0_0.png,10c0bbd2b9a950a2b796750bd17b1382bde9abb3720f850699f2bbc68125ad14,17,not persisted in compact prior screen,False,4860
not persisted in compact prior screen,19,not persisted in compact prior screen,False,1,recoloured 1 safely isolated achromatic component(s),not persisted in compact prior screen,previous deterministic grouping screen; rank/path/source hash verified,True,False,GROUPING-SUCCESS-EDIT-NOT-PROVEN-SAFE,135,picons/5.0w/rai-way/transparent/1_0_1_4A_8800_217C_DDE0000_0_0_0.png,8db49ecb12566623a8ac25c8ed62cde172839a40825fac9da2e477537e7eb4c1,11,not persisted in compact prior screen,False,3309
not persisted in compact prior screen,0,not persisted in compact prior screen,False,1,recoloured 35 safely isolated achromatic component(s),not persisted in compact prior screen,previous deterministic grouping screen; rank/path/source hash verified,True,False,REVIEW-GROUPING-NOT-PROVEN,136,picons/19.2e/tcm/transparent/1_0_1_76C7_40E_1_C00000_0_0_0.png,827c3d8e2d34360d72a30d0b102317f2a1941d9d33847e39d6664e56689fc4de,25,not persisted in compact prior screen,False,12909
not persisted in compact prior screen,9,not persisted in compact prior screen,False,1,recoloured 18 safely isolated achromatic component(s),not persisted in compact prior screen,previous deterministic grouping screen; rank/path/source hash verified,True,False,GROUPING-SUCCESS-EDIT-NOT-PROVEN-SAFE,137,picons/0.8w/telenor/transparent/1_0_19_1BA6_44_46_E080000_0_0_0.png,366a2bb4b07a1476a53ff0a0c4ec452e91153ca6827d05fedd81a0397afc4f9c,7,not persisted in compact prior screen,False,4550
not persisted in compact prior screen,0,not persisted in compact prior screen,False,1,recoloured 6 safely isolated achromatic component(s),not persisted in compact prior screen,previous deterministic grouping screen; rank/path/source hash verified,True,False,REVIEW-GROUPING-NOT-PROVEN,138,picons/9.0e/ote/transparent/1_0_1_400_6_AA_5A0000_0_0_0.png,a4dc4aab65da238190197f5338b9b5a8023c03b53843304d3bfd67d34e70e715,3,not persisted in compact prior screen,False,3462
False,0,True,True,1,recoloured 4 safely isolated achromatic component(s),False,grouping helper rerun in this script,True,True,selected_first_distinct_visual_wordmark_with_complete_frozen_group_guard,139,picons/13.0e/vivacom/transparent/1_0_16_13B2_2710_D5_820000_0_0_0.png,ea44900d5c1470ccd37912dadfbcbdedb5c3d24306722fc4385822e952395d0b,5,False,False,5118
not persisted in compact prior screen,1,not persisted in compact prior screen,False,1,recoloured 10 safely isolated achromatic component(s),not persisted in compact prior screen,previous deterministic grouping screen; rank/path/source hash verified,True,False,GROUPING-SUCCESS-EDIT-NOT-PROVEN-SAFE,140,picons/19.2e/digital-plus/transparent/1_0_1_75DF_422_1_C00000_0_0_0.png,554266007b8e060246ea2a92198e30be46c69f0a84900db27864c0e81f9e3d91,2,not persisted in compact prior screen,False,9988
not persisted in compact prior screen,18,not persisted in compact prior screen,False,1,recoloured 26 safely isolated achromatic component(s),not persisted in compact prior screen,previous deterministic grouping screen; rank/path/source hash verified,True,False,GROUPING-SUCCESS-EDIT-NOT-PROVEN-SAFE,141,picons/5.0w/rai-way/transparent/1_0_1_50_8800_217C_DDE0000_0_0_0.png,16f1197780542ee9b18a03e0989ad2bf0d798eba2004561073bd64ddd6277fef,18,not persisted in compact prior screen,False,7052
not persisted in compact prior screen,0,not persisted in compact prior screen,True,1,recoloured 1 safely isolated achromatic component(s),not persisted in compact prior screen,previous deterministic grouping screen; rank/path/source hash verified,True,False,AUTO-FIX-CANDIDATE,142,picons/1.9e/neosat/transparent/1_0_1_22A_18_3_130000_0_0_0.png,69a74a2b76cda7ea75d037198df7bf1dfe869f502ca7b22723db0580b1ca98bb,1,not persisted in compact prior screen,False,8568
not persisted in compact prior screen,3,not persisted in compact prior screen,False,1,recoloured 9 safely isolated achromatic component(s),not persisted in compact prior screen,previous deterministic grouping screen; rank/path/source hash verified,True,False,GROUPING-SUCCESS-EDIT-NOT-PROVEN-SAFE,143,picons/39.0e/tring-tv/transparent/1_0_1_CBC_3FC_39E_1860000_0_0_0.png,7ec193ee6e8def685aea514b6c581ae90e7c3f03cd0cc26cfaca8832edc5d04b,3,not persisted in compact prior screen,False,7938
not persisted in compact prior screen,19,not persisted in compact prior screen,False,3,recoloured 40 safely isolated achromatic component(s),not persisted in compact prior screen,previous deterministic grouping screen; rank/path/source hash verified,True,False,GROUPING-PARTIAL-REVIEW,144,picons/19.2e/movistar-plus/transparent/1_0_1_7695_41E_1_C00000_0_0_0.png,15d1123a6e3f1c79bb5dca5812e59dbbdd92b4c3bb170fd407e151d92948215c,16,not persisted in compact prior screen,False,6590
not persisted in compact prior screen,8,not persisted in compact prior screen,False,1,recoloured 9 safely isolated achromatic component(s),not persisted in compact prior screen,previous deterministic grouping screen; rank/path/source hash verified,True,False,GROUPING-SUCCESS-EDIT-NOT-PROVEN-SAFE,145,picons/19.2e/csat/transparent/1_0_19_24D4_43C_1_C00000_0_0_0.png,528eac057fbf183f8827709c1ae3407f4fd2d82fc362cbbb044558a3e2c99de2,6,not persisted in compact prior screen,False,6615
not persisted in compact prior screen,4,not persisted in compact prior screen,False,1,recoloured 8 safely isolated achromatic component(s),not persisted in compact prior screen,previous deterministic grouping screen; rank/path/source hash verified,True,False,GROUPING-SUCCESS-EDIT-NOT-PROVEN-SAFE,146,picons/9.0e/e-tv/transparent/1_0_1_177E_60E1_217C_5A0000_0_0_0.png,4687864e024e45bb138443863de9cbe5711ca31a997200f6bc61009f4d9e351f,4,not persisted in compact prior screen,False,5389
not persisted in compact prior screen,33,not persisted in compact prior screen,False,1,recoloured 29 safely isolated achromatic component(s),not persisted in compact prior screen,previous deterministic grouping screen; rank/path/source hash verified,True,False,GROUPING-PARTIAL-REVIEW,147,picons/0.8w/m7-group/transparent/1_0_1_7988_2C7_600_E080000_0_0_0.png,f30adee0b07b88be4143b93daf1bfc8cab5b9eba990e1db508cea5068ce6f0db,14,not persisted in compact prior screen,False,7303
not persisted in compact prior screen,6,not persisted in compact prior screen,False,1,recoloured 18 safely isolated achromatic component(s),not persisted in compact prior screen,previous deterministic grouping screen; rank/path/source hash verified,True,False,GROUPING-SUCCESS-EDIT-NOT-PROVEN-SAFE,148,picons/19.2e/ard/transparent/1_0_19_2840_3FB_1_C00000_0_0_0.png,a23131dd631791b1e9f74bdabfb82a39998c92ade70c47a433c81162e6e63bd2,5,not persisted in compact prior screen,False,8090
not persisted in compact prior screen,3,not persisted in compact prior screen,False,1,recoloured 26 safely isolated achromatic component(s),not persisted in compact prior screen,previous deterministic grouping screen; rank/path/source hash verified,True,False,GROUPING-PARTIAL-REVIEW,149,picons/0.8w/telly/transparent/1_0_19_1B65_AF7_BB_E080000_0_0_0.png,2ba60b800e54a99df52a5177bd9796ddf0852e71053df9c13b1a54db10e90fae,4,not persisted in compact prior screen,False,6010
not persisted in compact prior screen,13,not persisted in compact prior screen,False,1,recoloured 9 safely isolated achromatic component(s),not persisted in compact prior screen,previous deterministic grouping screen; rank/path/source hash verified,True,False,GROUPING-PARTIAL-REVIEW,150,picons/13.0e/globecast/transparent/1_0_19_831_22C4_13E_820000_0_0_0.png,b57fbdee9a0606269833e393558e8725ee3c6785fbe34b7552613318adfd9b86,13,not persisted in compact prior screen,False,3657
not persisted in compact prior screen,14,not persisted in compact prior screen,False,1,recoloured 32 safely isolated achromatic component(s),not persisted in compact prior screen,previous deterministic grouping screen; rank/path/source hash verified,True,False,GROUPING-SUCCESS-EDIT-NOT-PROVEN-SAFE,151,picons/28.2e/bskyb/transparent/1_0_1_CFA2_83A_2_11A0000_0_0_0.png,9bade88ddeab76cf90f4c35b6797820a272205a7f6f323d6c4a92babffaf3c1a,10,not persisted in compact prior screen,False,3519
not persisted in compact prior screen,2,not persisted in compact prior screen,True,1,recoloured 15 safely isolated achromatic component(s),not persisted in compact prior screen,previous deterministic grouping screen; rank/path/source hash verified,True,False,AUTO-FIX-CANDIDATE,152,picons/1.9e/neosat/transparent/1_0_1_E3_13_3_130000_0_0_0.png,7330db0bdfdd0bb7ce6208ea046f644cfaf81ec13bae4847f3d9ff0e2a7e890b,3,not persisted in compact prior screen,False,7000
not persisted in compact prior screen,19,not persisted in compact prior screen,False,1,recoloured 15 safely isolated achromatic component(s),not persisted in compact prior screen,previous deterministic grouping screen; rank/path/source hash verified,True,False,GROUPING-SUCCESS-EDIT-NOT-PROVEN-SAFE,153,picons/30.0w/rtp-1-hd/transparent/1_0_1_72_65_53_CE40000_0_0_0.png,c1ab7f6c8aa2a0715fa3547e3944fd014670d5f9450a2dfc97770bfd3c87ca3d,11,not persisted in compact prior screen,False,3912
not persisted in compact prior screen,13,not persisted in compact prior screen,False,1,recoloured 8 safely isolated achromatic component(s),not persisted in compact prior screen,previous deterministic grouping screen; rank/path/source hash verified,True,False,GROUPING-SUCCESS-EDIT-NOT-PROVEN-SAFE,154,picons/5.0w/rai-way/transparent/1_0_1_4B_8800_217C_DDE0000_0_0_0.png,ebde44dd048eda856e882f2fc055768da5b1ed2dffc3452ac7218cc74791a981,8,not persisted in compact prior screen,False,3836
not persisted in compact prior screen,12,not persisted in compact prior screen,False,1,recoloured 26 safely isolated achromatic component(s),not persisted in compact prior screen,previous deterministic grouping screen; rank/path/source hash verified,True,False,GROUPING-SUCCESS-EDIT-NOT-PROVEN-SAFE,155,picons/1.9e/neosat/transparent/1_0_1_73_E_3_130000_0_0_0.png,cdba7ed60ace5e4d3d5cdb695f23f09906c94c9b6483b7383220ea1a00ce6790,6,not persisted in compact prior screen,False,6434
not persisted in compact prior screen,8,not persisted in compact prior screen,False,1,recoloured 11 safely isolated achromatic component(s),not persisted in compact prior screen,previous deterministic grouping screen; rank/path/source hash verified,True,False,GROUPING-SUCCESS-EDIT-NOT-PROVEN-SAFE,156,picons/30.0w/kuriakos-tv-hd/transparent/1_0_1_1262_2F_36_CE40000_0_0_0.png,804dd26d4fe5f009f9aa0e567055fc529b46fed68885bf275dc1ad6b4ca4a1e9,8,not persisted in compact prior screen,False,1702
not persisted in compact prior screen,0,not persisted in compact prior screen,False,1,recoloured 25 safely isolated achromatic component(s),not persisted in compact prior screen,previous deterministic grouping screen; rank/path/source hash verified,True,False,REVIEW-GROUPING-NOT-PROVEN,157,picons/0.8w/freesat/transparent/1_0_1_3FF_2_1_E0831B3_0_0_0.png,9185f4117a6b8b6a7a8d8e19ce571d808c972be88e2f6a33ff0ec2cdb1f742cd,2,not persisted in compact prior screen,False,8156
not persisted in compact prior screen,3,not persisted in compact prior screen,False,1,recoloured 3 safely isolated achromatic component(s),not persisted in compact prior screen,previous deterministic grouping screen; rank/path/source hash verified,True,False,GROUPING-PARTIAL-REVIEW,158,picons/13.0e/cyfrowy-polsat/transparent/1_0_1_290F_1EDC_71_820000_0_0_0.png,448ccad5629c78b4a7975ab068ab08b105aacace2e1bb2b5e615a96ad5d32f71,5,not persisted in compact prior screen,False,4074
not persisted in compact prior screen,3,not persisted in compact prior screen,False,1,recoloured 3 safely isolated achromatic component(s),not persisted in compact prior screen,previous deterministic grouping screen; rank/path/source hash verified,True,False,GROUPING-SUCCESS-EDIT-NOT-PROVEN-SAFE,159,picons/13.0e/m-three-satcom/transparent/1_0_2_E45_1C20_13E_820000_0_0_0.png,f0155c15fae990a1d74ec8755c3f3f2c72419d7983c5e04d035a3f9572ba7a84,3,not persisted in compact prior screen,False,4736
