case,control_class,fixture_type,component_id,visible_pixels,bbox_xyxy,solid_pixels,solid_fallback_used,achromatic_fraction,achromatic,frozen_dark_pixels,frozen_dark_fraction,frozen_light_pixels,frozen_light_fraction,frozen_intermediate_pixels,frozen_two_tone,topology_interior_pixels,interior_dark_pixels,interior_light_pixels,interior_dark_fraction,interior_light_fraction,sufficient_interior_evidence,topology_result,comparison_class,white_low_contrast_fraction,white_contrast_correction_required,frozen_v9_component_branch,topology_counterfactual_component_branch
P-AB1,P,safe-monochrome-wordmark,1,3968,"16,27,204,104",3623,False,1.0,True,0,0.0,3623,1.0,0,False,2432,0,2432,0.0,1.0,True,not-two-tone,BOTH_FALSE,1.0,True,RECOLOR,RECOLOR-CANDIDATE-ONLY
P-AB1,P,safe-monochrome-wordmark,2,2324,"27,38,99,93",2171,False,1.0,True,0,0.0,2171,1.0,0,False,1847,0,1847,0.0,1.0,True,not-two-tone,BOTH_FALSE,1.0,True,RECOLOR,RECOLOR-CANDIDATE-ONLY
P-AB1,P,safe-monochrome-wordmark,3,2967,"100,38,164,93",2838,False,1.0,True,0,0.0,2838,1.0,0,False,2454,0,2454,0.0,1.0,True,not-two-tone,BOTH_FALSE,1.0,True,RECOLOR,RECOLOR-CANDIDATE-ONLY
P-AB1,P,safe-monochrome-wordmark,4,1235,"162,38,193,93",1147,False,1.0,True,0,0.0,1147,1.0,0,False,981,0,981,0.0,1.0,True,not-two-tone,BOTH_FALSE,1.0,True,RECOLOR,RECOLOR-CANDIDATE-ONLY
P-MEGA,P,safe-monochrome-wordmark,1,4244,"8,52,212,79",3624,False,1.0,True,0,0.0,296,0.08167770419426049,3328,False,2689,0,269,0.0,0.10003718854592786,True,not-two-tone,BOTH_FALSE,1.0,True,RECOLOR,RECOLOR-CANDIDATE-ONLY
P-CNBC,P,safe-monochrome-wordmark,1,873,"68,33,109,74",779,False,0.0,False,779,1.0,0,0.0,0,False,630,630,0,1.0,0.0,True,not-two-tone,NOT_APPLICABLE_CHROMATIC_COMPONENT,0.0025673940949935813,False,PROTECTED-NO-OP,PROTECTED-NO-OP
P-CNBC,P,safe-monochrome-wordmark,2,1659,"8,40,60,99",1366,False,1.0,True,0,0.0,1366,1.0,0,False,1061,0,1061,0.0,1.0,True,not-two-tone,BOTH_FALSE,1.0,True,RECOLOR,RECOLOR-CANDIDATE-ONLY
P-CNBC,P,safe-monochrome-wordmark,3,5315,"61,40,212,99",4665,False,1.0,True,0,0.0,4665,1.0,0,False,3736,0,3736,0.0,1.0,True,not-two-tone,BOTH_FALSE,0.9995712754555198,True,RECOLOR,RECOLOR-CANDIDATE-ONLY
P-CNBC,P,safe-monochrome-wordmark,4,1,"8,59,9,60",1,True,1.0,True,0,0.0,1,1.0,0,False,0,0,0,0.0,0.0,False,INSUFFICIENT_INTERIOR_EVIDENCE,TOPOLOGY_INSUFFICIENT_EVIDENCE,1.0,True,RECOLOR,INSUFFICIENT-REVIEW
P-CNBC,P,safe-monochrome-wordmark,5,2,"50,79,52,80",2,True,1.0,True,0,0.0,2,1.0,0,False,0,0,0,0.0,0.0,False,INSUFFICIENT_INTERIOR_EVIDENCE,TOPOLOGY_INSUFFICIENT_EVIDENCE,1.0,True,RECOLOR,INSUFFICIENT-REVIEW
P-CNBC,P,safe-monochrome-wordmark,6,2,"202,79,204,80",2,True,1.0,True,0,0.0,2,1.0,0,False,0,0,0,0.0,0.0,False,INSUFFICIENT_INTERIOR_EVIDENCE,TOPOLOGY_INSUFFICIENT_EVIDENCE,1.0,True,RECOLOR,INSUFFICIENT-REVIEW
P-CNBC,P,safe-monochrome-wordmark,7,1,"8,81,9,82",1,True,1.0,True,0,0.0,1,1.0,0,False,0,0,0,0.0,0.0,False,INSUFFICIENT_INTERIOR_EVIDENCE,TOPOLOGY_INSUFFICIENT_EVIDENCE,1.0,True,RECOLOR,INSUFFICIENT-REVIEW
P-CNBC,P,safe-monochrome-wordmark,8,1,"30,83,31,84",1,True,1.0,True,0,0.0,1,1.0,0,False,0,0,0,0.0,0.0,False,INSUFFICIENT_INTERIOR_EVIDENCE,TOPOLOGY_INSUFFICIENT_EVIDENCE,1.0,True,RECOLOR,INSUFFICIENT-REVIEW
P-CNBC,P,safe-monochrome-wordmark,9,1,"43,83,44,84",1,True,1.0,True,0,0.0,1,1.0,0,False,0,0,0,0.0,0.0,False,INSUFFICIENT_INTERIOR_EVIDENCE,TOPOLOGY_INSUFFICIENT_EVIDENCE,1.0,True,RECOLOR,INSUFFICIENT-REVIEW
P-CNBC,P,safe-monochrome-wordmark,10,1,"183,83,184,84",1,True,1.0,True,0,0.0,1,1.0,0,False,0,0,0,0.0,0.0,False,INSUFFICIENT_INTERIOR_EVIDENCE,TOPOLOGY_INSUFFICIENT_EVIDENCE,1.0,True,RECOLOR,INSUFFICIENT-REVIEW
P-CNBC,P,safe-monochrome-wordmark,11,1,"196,83,197,84",1,True,1.0,True,0,0.0,1,1.0,0,False,0,0,0,0.0,0.0,False,INSUFFICIENT_INTERIOR_EVIDENCE,TOPOLOGY_INSUFFICIENT_EVIDENCE,1.0,True,RECOLOR,INSUFFICIENT-REVIEW
P-CNBC,P,safe-monochrome-wordmark,12,10,"32,84,42,85",10,True,1.0,True,0,0.0,10,1.0,0,False,0,0,0,0.0,0.0,False,INSUFFICIENT_INTERIOR_EVIDENCE,TOPOLOGY_INSUFFICIENT_EVIDENCE,1.0,True,RECOLOR,INSUFFICIENT-REVIEW
P-CNBC,P,safe-monochrome-wordmark,13,10,"185,84,195,85",10,True,1.0,True,0,0.0,10,1.0,0,False,0,0,0,0.0,0.0,False,INSUFFICIENT_INTERIOR_EVIDENCE,TOPOLOGY_INSUFFICIENT_EVIDENCE,1.0,True,RECOLOR,INSUFFICIENT-REVIEW
P-CNBC,P,safe-monochrome-wordmark,14,1,"24,98,25,99",1,True,1.0,True,0,0.0,1,1.0,0,False,0,0,0,0.0,0.0,False,INSUFFICIENT_INTERIOR_EVIDENCE,TOPOLOGY_INSUFFICIENT_EVIDENCE,1.0,True,RECOLOR,INSUFFICIENT-REVIEW
P-CNBC,P,safe-monochrome-wordmark,15,1,"49,98,50,99",1,True,1.0,True,0,0.0,1,1.0,0,False,0,0,0,0.0,0.0,False,INSUFFICIENT_INTERIOR_EVIDENCE,TOPOLOGY_INSUFFICIENT_EVIDENCE,1.0,True,RECOLOR,INSUFFICIENT-REVIEW
P-CNBC,P,safe-monochrome-wordmark,16,1,"150,98,151,99",1,True,1.0,True,0,0.0,1,1.0,0,False,0,0,0,0.0,0.0,False,INSUFFICIENT_INTERIOR_EVIDENCE,TOPOLOGY_INSUFFICIENT_EVIDENCE,1.0,True,RECOLOR,INSUFFICIENT-REVIEW
P-MTA3,P,safe-monochrome-wordmark,1,5725,"16,31,159,100",5518,False,1.0,True,0,0.0,5518,1.0,0,False,4743,0,4743,0.0,1.0,True,not-two-tone,BOTH_FALSE,1.0,True,RECOLOR,RECOLOR-CANDIDATE-ONLY
P-MTA3,P,safe-monochrome-wordmark,2,1575,"158,53,204,100",1454,False,1.0,True,0,0.0,1454,1.0,0,False,1131,0,1131,0.0,1.0,True,not-two-tone,BOTH_FALSE,1.0,True,RECOLOR,RECOLOR-CANDIDATE-ONLY
P-NTV,P,safe-monochrome-wordmark,1,915,"16,35,76,65",841,False,1.0,True,0,0.0,841,1.0,0,False,636,0,636,0.0,1.0,True,not-two-tone,BOTH_FALSE,1.0,True,RECOLOR,RECOLOR-CANDIDATE-ONLY
P-NTV,P,safe-monochrome-wordmark,2,2042,"80,46,204,70",1801,False,1.0,True,0,0.0,1801,1.0,0,False,1074,0,1074,0.0,1.0,True,not-two-tone,BOTH_FALSE,1.0,True,RECOLOR,RECOLOR-CANDIDATE-ONLY
P-NTV,P,safe-monochrome-wordmark,3,923,"16,66,76,96",847,False,1.0,True,0,0.0,847,1.0,0,False,640,0,640,0.0,1.0,True,not-two-tone,BOTH_FALSE,1.0,True,RECOLOR,RECOLOR-CANDIDATE-ONLY
P-NTV,P,safe-monochrome-wordmark,4,1238,"80,66,157,85",1109,False,1.0,True,0,0.0,1109,1.0,0,False,633,0,633,0.0,1.0,True,not-two-tone,BOTH_FALSE,1.0,True,RECOLOR,RECOLOR-CANDIDATE-ONLY
T-NEOSAT,T,genuine-two-tone-positive,1,21768,"13,8,206,124",9357,False,1.0,True,3230,0.34519610986427274,5620,0.6006198567917067,507,True,8354,2283,5616,0.2732822599952119,0.6722528130237012,True,two-tone,BOTH_TRUE,0.6639948701506894,True,PROTECTED-REVIEW,PROTECTED-REVIEW
T-DEMIR,T,genuine-two-tone-positive,1,12054,"8,8,212,124",11366,False,1.0,True,5807,0.5109097307759985,4953,0.4357733591412986,606,True,10581,5311,4665,0.5019374350250448,0.4408846044797278,True,two-tone,BOTH_TRUE,0.487418616927679,True,PROTECTED-REVIEW,PROTECTED-REVIEW
T-DEMIR,T,genuine-two-tone-positive,2,1,"111,22,112,23",1,True,1.0,True,1,1.0,0,0.0,0,False,0,0,0,0.0,0.0,False,INSUFFICIENT_INTERIOR_EVIDENCE,TOPOLOGY_INSUFFICIENT_EVIDENCE,0.0,False,NO-OP,INSUFFICIENT-REVIEW
T-DEMIR,T,genuine-two-tone-positive,3,1,"202,51,203,52",1,True,1.0,True,1,1.0,0,0.0,0,False,0,0,0,0.0,0.0,False,INSUFFICIENT_INTERIOR_EVIDENCE,TOPOLOGY_INSUFFICIENT_EVIDENCE,0.0,False,NO-OP,INSUFFICIENT-REVIEW
T-DEMIR,T,genuine-two-tone-positive,4,1,"204,52,205,53",1,True,1.0,True,1,1.0,0,0.0,0,False,0,0,0,0.0,0.0,False,INSUFFICIENT_INTERIOR_EVIDENCE,TOPOLOGY_INSUFFICIENT_EVIDENCE,0.0,False,NO-OP,INSUFFICIENT-REVIEW
T-DEMIR,T,genuine-two-tone-positive,5,1,"189,78,190,79",1,True,1.0,True,1,1.0,0,0.0,0,False,0,0,0,0.0,0.0,False,INSUFFICIENT_INTERIOR_EVIDENCE,TOPOLOGY_INSUFFICIENT_EVIDENCE,0.0,False,NO-OP,INSUFFICIENT-REVIEW
T-DEMIR,T,genuine-two-tone-positive,6,3,"180,79,183,80",3,True,1.0,True,3,1.0,0,0.0,0,False,0,0,0,0.0,0.0,False,INSUFFICIENT_INTERIOR_EVIDENCE,TOPOLOGY_INSUFFICIENT_EVIDENCE,0.0,False,NO-OP,INSUFFICIENT-REVIEW
T-DEMIR,T,genuine-two-tone-positive,7,11,"191,79,202,80",11,True,1.0,True,11,1.0,0,0.0,0,False,0,0,0,0.0,0.0,False,INSUFFICIENT_INTERIOR_EVIDENCE,TOPOLOGY_INSUFFICIENT_EVIDENCE,0.0,False,NO-OP,INSUFFICIENT-REVIEW
T-DEMIR,T,genuine-two-tone-positive,8,1,"54,108,55,109",1,True,1.0,True,0,0.0,1,1.0,0,False,0,0,0,0.0,0.0,False,INSUFFICIENT_INTERIOR_EVIDENCE,TOPOLOGY_INSUFFICIENT_EVIDENCE,1.0,True,RECOLOR,INSUFFICIENT-REVIEW
#14700,QUERY,manually-approved-topology-repair,1,1307,"8,43,53,87",966,False,0.009316770186335404,False,966,1.0,0,0.0,0,False,547,547,0,1.0,0.0,True,not-two-tone,NOT_APPLICABLE_CHROMATIC_COMPONENT,0.0,False,PROTECTED-NO-OP,PROTECTED-NO-OP
#14700,QUERY,manually-approved-topology-repair,2,3,"65,55,68,56",3,True,1.0,True,1,0.3333333333333333,0,0.0,2,False,0,0,0,0.0,0.0,False,INSUFFICIENT_INTERIOR_EVIDENCE,TOPOLOGY_INSUFFICIENT_EVIDENCE,0.6666666666666666,True,RECOLOR,INSUFFICIENT-REVIEW
#14700,QUERY,manually-approved-topology-repair,3,3,"78,55,81,56",3,True,1.0,True,1,0.3333333333333333,0,0.0,2,False,0,0,0,0.0,0.0,False,INSUFFICIENT_INTERIOR_EVIDENCE,TOPOLOGY_INSUFFICIENT_EVIDENCE,0.6666666666666666,True,RECOLOR,INSUFFICIENT-REVIEW
#14700,QUERY,manually-approved-topology-repair,4,814,"82,55,139,76",430,False,1.0,True,100,0.23255813953488372,176,0.40930232558139534,154,True,114,0,114,0.0,1.0,True,not-two-tone,FROZEN_TRUE__TOPOLOGY_FALSE,0.8069767441860465,True,PROTECTED-REVIEW,RECOLOR-CANDIDATE-ONLY
#14700,QUERY,manually-approved-topology-repair,5,3,"122,55,125,56",3,True,1.0,True,0,0.0,1,0.3333333333333333,2,False,0,0,0,0.0,0.0,False,INSUFFICIENT_INTERIOR_EVIDENCE,TOPOLOGY_INSUFFICIENT_EVIDENCE,1.0,True,RECOLOR,INSUFFICIENT-REVIEW
#14700,QUERY,manually-approved-topology-repair,6,3,"135,55,138,56",3,True,1.0,True,1,0.3333333333333333,0,0.0,2,False,0,0,0,0.0,0.0,False,INSUFFICIENT_INTERIOR_EVIDENCE,TOPOLOGY_INSUFFICIENT_EVIDENCE,0.6666666666666666,True,RECOLOR,INSUFFICIENT-REVIEW
#14700,QUERY,manually-approved-topology-repair,7,17,"140,55,157,56",17,True,1.0,True,2,0.11764705882352941,0,0.0,15,False,0,0,0,0.0,0.0,False,INSUFFICIENT_INTERIOR_EVIDENCE,TOPOLOGY_INSUFFICIENT_EVIDENCE,0.8823529411764706,True,RECOLOR,INSUFFICIENT-REVIEW
#14700,QUERY,manually-approved-topology-repair,8,17,"158,55,175,56",17,True,1.0,True,2,0.11764705882352941,0,0.0,15,False,0,0,0,0.0,0.0,False,INSUFFICIENT_INTERIOR_EVIDENCE,TOPOLOGY_INSUFFICIENT_EVIDENCE,0.9411764705882353,True,RECOLOR,INSUFFICIENT-REVIEW
#14700,QUERY,manually-approved-topology-repair,9,3,"176,55,179,56",3,True,1.0,True,2,0.6666666666666666,0,0.0,1,False,0,0,0,0.0,0.0,False,INSUFFICIENT_INTERIOR_EVIDENCE,TOPOLOGY_INSUFFICIENT_EVIDENCE,0.6666666666666666,True,RECOLOR,INSUFFICIENT-REVIEW
#14700,QUERY,manually-approved-topology-repair,10,3,"189,55,192,56",3,True,1.0,True,2,0.6666666666666666,0,0.0,1,False,0,0,0,0.0,0.0,False,INSUFFICIENT_INTERIOR_EVIDENCE,TOPOLOGY_INSUFFICIENT_EVIDENCE,1.0,True,RECOLOR,INSUFFICIENT-REVIEW
#14700,QUERY,manually-approved-topology-repair,11,17,"193,55,210,56",17,True,1.0,True,5,0.29411764705882354,0,0.0,12,False,0,0,0,0.0,0.0,False,INSUFFICIENT_INTERIOR_EVIDENCE,TOPOLOGY_INSUFFICIENT_EVIDENCE,0.8823529411764706,True,RECOLOR,INSUFFICIENT-REVIEW
#14700,QUERY,manually-approved-topology-repair,12,225,"63,57,81,76",128,False,1.0,True,34,0.265625,50,0.390625,44,True,34,0,34,0.0,1.0,True,not-two-tone,FROZEN_TRUE__TOPOLOGY_FALSE,0.734375,True,PROTECTED-REVIEW,RECOLOR-CANDIDATE-ONLY
#14700,QUERY,manually-approved-topology-repair,13,826,"140,57,210,76",512,False,1.0,True,88,0.171875,203,0.396484375,221,True,159,0,159,0.0,1.0,True,not-two-tone,FROZEN_TRUE__TOPOLOGY_FALSE,0.88671875,True,PROTECTED-REVIEW,RECOLOR-CANDIDATE-ONLY
#14700,QUERY,manually-approved-topology-repair,14,15,"211,58,212,73",15,True,1.0,True,14,0.9333333333333333,1,0.06666666666666667,0,True,0,0,0,0.0,0.0,False,INSUFFICIENT_INTERIOR_EVIDENCE,TOPOLOGY_INSUFFICIENT_EVIDENCE,0.06666666666666667,False,PROTECTED-NO-OP,INSUFFICIENT-REVIEW
#14700,QUERY,manually-approved-topology-repair,15,1,"8,63,9,64",1,True,1.0,True,1,1.0,0,0.0,0,False,0,0,0,0.0,0.0,False,INSUFFICIENT_INTERIOR_EVIDENCE,TOPOLOGY_INSUFFICIENT_EVIDENCE,0.0,False,NO-OP,INSUFFICIENT-REVIEW
#14700,QUERY,manually-approved-topology-repair,16,4,"19,87,23,88",4,True,1.0,True,4,1.0,0,0.0,0,False,0,0,0,0.0,0.0,False,INSUFFICIENT_INTERIOR_EVIDENCE,TOPOLOGY_INSUFFICIENT_EVIDENCE,0.0,False,NO-OP,INSUFFICIENT-REVIEW
#14700,QUERY,manually-approved-topology-repair,17,10,"32,87,42,88",10,True,1.0,True,10,1.0,0,0.0,0,False,0,0,0,0.0,0.0,False,INSUFFICIENT_INTERIOR_EVIDENCE,TOPOLOGY_INSUFFICIENT_EVIDENCE,0.0,False,NO-OP,INSUFFICIENT-REVIEW
#14593,N,incomplete-group-review,1,3435,"8,28,106,106",2746,False,0.19155134741442098,False,51,0.018572469045884922,1367,0.4978150036416606,1328,False,2094,14,1134,0.0066857688634192934,0.5415472779369628,True,not-two-tone,NOT_APPLICABLE_CHROMATIC_COMPONENT,0.982884195193008,True,PROTECTED-REVIEW,PROTECTED-REVIEW
#14593,N,incomplete-group-review,2,946,"138,34,171,74",732,False,0.924863387978142,False,48,0.06557377049180328,521,0.7117486338797814,163,True,436,36,383,0.08256880733944955,0.8784403669724771,True,two-tone,NOT_APPLICABLE_CHROMATIC_COMPONENT,0.9562841530054644,True,PROTECTED-REVIEW,PROTECTED-REVIEW
#14593,N,incomplete-group-review,3,609,"107,35,136,74",472,False,0.9173728813559322,False,20,0.0423728813559322,341,0.722457627118644,111,True,293,6,241,0.020477815699658702,0.8225255972696246,True,not-two-tone,NOT_APPLICABLE_CHROMATIC_COMPONENT,0.9597457627118644,True,PROTECTED-REVIEW,PROTECTED-REVIEW
#14593,N,incomplete-group-review,4,984,"180,35,212,76",750,False,0.9426666666666667,False,57,0.076,532,0.7093333333333334,161,True,433,26,346,0.06004618937644342,0.7990762124711316,True,two-tone,NOT_APPLICABLE_CHROMATIC_COMPONENT,0.9386666666666666,True,PROTECTED-REVIEW,PROTECTED-REVIEW
#14593,N,incomplete-group-review,5,8,"105,37,106,45",8,True,1.0,True,1,0.125,6,0.75,1,True,0,0,0,0.0,0.0,False,INSUFFICIENT_INTERIOR_EVIDENCE,TOPOLOGY_INSUFFICIENT_EVIDENCE,0.875,True,PROTECTED-REVIEW,INSUFFICIENT-REVIEW
#14593,N,incomplete-group-review,6,8,"137,37,138,45",8,True,0.875,False,2,0.25,0,0.0,6,False,0,0,0,0.0,0.0,False,INSUFFICIENT_INTERIOR_EVIDENCE,NOT_APPLICABLE_CHROMATIC_COMPONENT,0.75,True,PROTECTED-REVIEW,INSUFFICIENT-REVIEW
#14593,N,incomplete-group-review,7,72,"177,37,179,74",72,True,0.9861111111111112,True,35,0.4861111111111111,36,0.5,1,True,0,0,0,0.0,0.0,False,INSUFFICIENT_INTERIOR_EVIDENCE,TOPOLOGY_INSUFFICIENT_EVIDENCE,0.5138888888888888,True,PROTECTED-REVIEW,INSUFFICIENT-REVIEW
#14593,N,incomplete-group-review,8,1,"72,50,73,51",1,True,1.0,True,1,1.0,0,0.0,0,False,0,0,0,0.0,0.0,False,INSUFFICIENT_INTERIOR_EVIDENCE,TOPOLOGY_INSUFFICIENT_EVIDENCE,0.0,False,NO-OP,INSUFFICIENT-REVIEW
#14593,N,incomplete-group-review,9,9,"117,75,126,76",9,True,0.8888888888888888,False,2,0.2222222222222222,0,0.0,7,False,0,0,0,0.0,0.0,False,INSUFFICIENT_INTERIOR_EVIDENCE,NOT_APPLICABLE_CHROMATIC_COMPONENT,0.8888888888888888,True,PROTECTED-REVIEW,INSUFFICIENT-REVIEW
#14593,N,incomplete-group-review,10,9,"140,75,149,76",9,True,1.0,True,3,0.3333333333333333,1,0.1111111111111111,5,True,0,0,0,0.0,0.0,False,INSUFFICIENT_INTERIOR_EVIDENCE,TOPOLOGY_INSUFFICIENT_EVIDENCE,0.8888888888888888,True,PROTECTED-REVIEW,INSUFFICIENT-REVIEW
#14593,N,incomplete-group-review,11,8,"161,75,169,76",8,True,1.0,True,0,0.0,1,0.125,7,False,0,0,0,0.0,0.0,False,INSUFFICIENT_INTERIOR_EVIDENCE,TOPOLOGY_INSUFFICIENT_EVIDENCE,1.0,True,RECOLOR,INSUFFICIENT-REVIEW
#14593,N,incomplete-group-review,12,8,"180,75,188,76",8,True,1.0,True,1,0.125,0,0.0,7,False,0,0,0,0.0,0.0,False,INSUFFICIENT_INTERIOR_EVIDENCE,TOPOLOGY_INSUFFICIENT_EVIDENCE,1.0,True,RECOLOR,INSUFFICIENT-REVIEW
#14593,N,incomplete-group-review,13,182,"80,79,97,98",90,False,0.9,False,1,0.011111111111111112,68,0.7555555555555555,21,False,23,0,23,0.0,1.0,True,not-two-tone,NOT_APPLICABLE_CHROMATIC_COMPONENT,0.9888888888888889,True,PROTECTED-REVIEW,PROTECTED-REVIEW
#14593,N,incomplete-group-review,14,3,"106,79,109,80",3,True,1.0,True,2,0.6666666666666666,1,0.3333333333333333,0,True,0,0,0,0.0,0.0,False,INSUFFICIENT_INTERIOR_EVIDENCE,TOPOLOGY_INSUFFICIENT_EVIDENCE,0.6666666666666666,True,PROTECTED-REVIEW,INSUFFICIENT-REVIEW
#14593,N,incomplete-group-review,15,2,"122,79,124,80",2,True,1.0,True,1,0.5,1,0.5,0,True,0,0,0,0.0,0.0,False,INSUFFICIENT_INTERIOR_EVIDENCE,TOPOLOGY_INSUFFICIENT_EVIDENCE,1.0,True,PROTECTED-REVIEW,INSUFFICIENT-REVIEW
#14593,N,incomplete-group-review,16,3,"130,79,133,80",3,True,1.0,True,2,0.6666666666666666,1,0.3333333333333333,0,True,0,0,0,0.0,0.0,False,INSUFFICIENT_INTERIOR_EVIDENCE,TOPOLOGY_INSUFFICIENT_EVIDENCE,0.6666666666666666,True,PROTECTED-REVIEW,INSUFFICIENT-REVIEW
#14593,N,incomplete-group-review,17,10,"145,79,155,80",10,True,1.0,True,3,0.3,7,0.7,0,True,0,0,0,0.0,0.0,False,INSUFFICIENT_INTERIOR_EVIDENCE,TOPOLOGY_INSUFFICIENT_EVIDENCE,0.9,True,PROTECTED-REVIEW,INSUFFICIENT-REVIEW
#14593,N,incomplete-group-review,18,206,"166,79,181,98",140,False,0.9785714285714285,False,0,0.0,110,0.7857142857142857,30,False,58,0,58,0.0,1.0,True,not-two-tone,NOT_APPLICABLE_CHROMATIC_COMPONENT,1.0,True,PROTECTED-REVIEW,PROTECTED-REVIEW
#14593,N,incomplete-group-review,19,2,"178,79,180,80",2,True,1.0,True,2,1.0,0,0.0,0,False,0,0,0,0.0,0.0,False,INSUFFICIENT_INTERIOR_EVIDENCE,TOPOLOGY_INSUFFICIENT_EVIDENCE,1.0,True,RECOLOR,INSUFFICIENT-REVIEW
#14593,N,incomplete-group-review,20,201,"190,79,206,98",120,False,0.925,False,1,0.008333333333333333,85,0.7083333333333334,34,False,46,0,46,0.0,1.0,True,not-two-tone,NOT_APPLICABLE_CHROMATIC_COMPONENT,0.9916666666666667,True,PROTECTED-REVIEW,PROTECTED-REVIEW
#14593,N,incomplete-group-review,21,66,"105,81,109,98",54,False,1.0,True,0,0.0,39,0.7222222222222222,15,False,22,0,22,0.0,1.0,True,not-two-tone,BOTH_FALSE,1.0,True,RECOLOR,RECOLOR-CANDIDATE-ONLY
#14593,N,incomplete-group-review,22,27,"110,81,112,96",27,True,1.0,True,13,0.48148148148148145,2,0.07407407407407407,12,True,0,0,0,0.0,0.0,False,INSUFFICIENT_INTERIOR_EVIDENCE,TOPOLOGY_INSUFFICIENT_EVIDENCE,0.5185185185185185,True,PROTECTED-REVIEW,INSUFFICIENT-REVIEW
#14593,N,incomplete-group-review,23,187,"120,81,133,98",118,False,0.9576271186440678,False,2,0.01694915254237288,72,0.6101694915254238,44,False,39,0,39,0.0,1.0,True,not-two-tone,NOT_APPLICABLE_CHROMATIC_COMPONENT,0.9915254237288136,True,PROTECTED-REVIEW,PROTECTED-REVIEW
#14593,N,incomplete-group-review,24,14,"134,81,135,95",14,True,1.0,True,2,0.14285714285714285,0,0.0,12,False,0,0,0,0.0,0.0,False,INSUFFICIENT_INTERIOR_EVIDENCE,TOPOLOGY_INSUFFICIENT_EVIDENCE,0.9285714285714286,True,RECOLOR,INSUFFICIENT-REVIEW
#14593,N,incomplete-group-review,25,200,"143,81,158,98",123,False,0.9186991869918699,False,6,0.04878048780487805,67,0.5447154471544715,50,True,48,0,48,0.0,1.0,True,not-two-tone,NOT_APPLICABLE_CHROMATIC_COMPONENT,0.959349593495935,True,PROTECTED-REVIEW,PROTECTED-REVIEW
#14593,N,incomplete-group-review,26,13,"103,82,104,95",13,True,0.23076923076923078,False,13,1.0,0,0.0,0,False,0,0,0,0.0,0.0,False,INSUFFICIENT_INTERIOR_EVIDENCE,NOT_APPLICABLE_CHROMATIC_COMPONENT,0.07692307692307693,False,PROTECTED-NO-OP,INSUFFICIENT-REVIEW
#14593,N,incomplete-group-review,27,13,"118,82,119,95",13,True,1.0,True,13,1.0,0,0.0,0,False,0,0,0,0.0,0.0,False,INSUFFICIENT_INTERIOR_EVIDENCE,TOPOLOGY_INSUFFICIENT_EVIDENCE,0.8461538461538461,True,RECOLOR,INSUFFICIENT-REVIEW
#14593,N,incomplete-group-review,28,3,"157,82,158,85",3,True,1.0,True,3,1.0,0,0.0,0,False,0,0,0,0.0,0.0,False,INSUFFICIENT_INTERIOR_EVIDENCE,TOPOLOGY_INSUFFICIENT_EVIDENCE,0.3333333333333333,True,RECOLOR,INSUFFICIENT-REVIEW
#14593,N,incomplete-group-review,29,13,"164,82,165,95",13,True,1.0,True,13,1.0,0,0.0,0,False,0,0,0,0.0,0.0,False,INSUFFICIENT_INTERIOR_EVIDENCE,TOPOLOGY_INSUFFICIENT_EVIDENCE,0.0,False,NO-OP,INSUFFICIENT-REVIEW
#14593,N,incomplete-group-review,30,13,"182,82,183,95",13,True,1.0,True,0,0.0,11,0.8461538461538461,2,False,0,0,0,0.0,0.0,False,INSUFFICIENT_INTERIOR_EVIDENCE,TOPOLOGY_INSUFFICIENT_EVIDENCE,1.0,True,RECOLOR,INSUFFICIENT-REVIEW
#14593,N,incomplete-group-review,31,6,"189,105,195,106",6,True,1.0,True,6,1.0,0,0.0,0,False,0,0,0,0.0,0.0,False,INSUFFICIENT_INTERIOR_EVIDENCE,TOPOLOGY_INSUFFICIENT_EVIDENCE,0.0,False,NO-OP,INSUFFICIENT-REVIEW
#14593,N,incomplete-group-review,32,1,"210,105,211,106",1,True,1.0,True,1,1.0,0,0.0,0,False,0,0,0,0.0,0.0,False,INSUFFICIENT_INTERIOR_EVIDENCE,TOPOLOGY_INSUFFICIENT_EVIDENCE,0.0,False,NO-OP,INSUFFICIENT-REVIEW
#14597,N,cautious-brand-review,1,4767,"57,8,146,96",3695,False,0.04682002706359946,False,2033,0.5502029769959405,2,0.0005412719891745603,1660,False,2318,905,2,0.3904227782571182,0.0008628127696289905,True,not-two-tone,NOT_APPLICABLE_CHROMATIC_COMPONENT,0.46738836265223277,True,PROTECTED-REVIEW,PROTECTED-REVIEW
#14597,N,cautious-brand-review,2,5,"123,58,124,63",5,True,1.0,True,5,1.0,0,0.0,0,False,0,0,0,0.0,0.0,False,INSUFFICIENT_INTERIOR_EVIDENCE,TOPOLOGY_INSUFFICIENT_EVIDENCE,0.0,False,NO-OP,INSUFFICIENT-REVIEW
#14597,N,cautious-brand-review,3,1,"101,64,102,65",1,True,1.0,True,1,1.0,0,0.0,0,False,0,0,0,0.0,0.0,False,INSUFFICIENT_INTERIOR_EVIDENCE,TOPOLOGY_INSUFFICIENT_EVIDENCE,0.0,False,NO-OP,INSUFFICIENT-REVIEW
#14597,N,cautious-brand-review,4,3,"109,75,112,76",3,True,1.0,True,3,1.0,0,0.0,0,False,0,0,0,0.0,0.0,False,INSUFFICIENT_INTERIOR_EVIDENCE,TOPOLOGY_INSUFFICIENT_EVIDENCE,0.0,False,NO-OP,INSUFFICIENT-REVIEW
#14597,N,cautious-brand-review,5,1308,"75,99,163,124",949,False,0.13593256059009484,False,822,0.8661749209694415,0,0.0,127,False,244,165,0,0.6762295081967213,0.0,True,not-two-tone,NOT_APPLICABLE_CHROMATIC_COMPONENT,0.4457323498419389,True,PROTECTED-REVIEW,PROTECTED-REVIEW
#14597,N,cautious-brand-review,6,7,"145,110,152,111",7,True,0.7142857142857143,False,7,1.0,0,0.0,0,False,0,0,0,0.0,0.0,False,INSUFFICIENT_INTERIOR_EVIDENCE,NOT_APPLICABLE_CHROMATIC_COMPONENT,0.0,False,PROTECTED-NO-OP,INSUFFICIENT-REVIEW
#14597,N,cautious-brand-review,7,5,"104,123,109,124",5,True,1.0,True,5,1.0,0,0.0,0,False,0,0,0,0.0,0.0,False,INSUFFICIENT_INTERIOR_EVIDENCE,TOPOLOGY_INSUFFICIENT_EVIDENCE,0.6,True,RECOLOR,INSUFFICIENT-REVIEW
#14597,N,cautious-brand-review,8,20,"120,123,140,124",20,True,1.0,True,20,1.0,0,0.0,0,False,0,0,0,0.0,0.0,False,INSUFFICIENT_INTERIOR_EVIDENCE,TOPOLOGY_INSUFFICIENT_EVIDENCE,0.7,True,RECOLOR,INSUFFICIENT-REVIEW
#14597,N,cautious-brand-review,9,17,"141,123,158,124",17,True,0.9411764705882353,False,17,1.0,0,0.0,0,False,0,0,0,0.0,0.0,False,INSUFFICIENT_INTERIOR_EVIDENCE,NOT_APPLICABLE_CHROMATIC_COMPONENT,0.7647058823529411,True,PROTECTED-REVIEW,INSUFFICIENT-REVIEW
#14607,N,protected-chroma-review,1,1190,"8,45,51,86",985,False,0.009137055837563452,False,605,0.6142131979695431,7,0.007106598984771574,373,False,799,438,6,0.5481852315394243,0.007509386733416771,True,not-two-tone,NOT_APPLICABLE_CHROMATIC_COMPONENT,0.3248730964467005,True,PROTECTED-REVIEW,PROTECTED-REVIEW
#14607,N,protected-chroma-review,2,9,"53,49,62,50",9,True,1.0,True,9,1.0,0,0.0,0,False,0,0,0,0.0,0.0,False,INSUFFICIENT_INTERIOR_EVIDENCE,TOPOLOGY_INSUFFICIENT_EVIDENCE,0.0,False,NO-OP,INSUFFICIENT-REVIEW
#14607,N,protected-chroma-review,3,5,"63,49,68,50",5,True,1.0,True,5,1.0,0,0.0,0,False,0,0,0,0.0,0.0,False,INSUFFICIENT_INTERIOR_EVIDENCE,TOPOLOGY_INSUFFICIENT_EVIDENCE,0.0,False,NO-OP,INSUFFICIENT-REVIEW
#14607,N,protected-chroma-review,4,3,"69,49,72,50",3,True,1.0,True,3,1.0,0,0.0,0,False,0,0,0,0.0,0.0,False,INSUFFICIENT_INTERIOR_EVIDENCE,TOPOLOGY_INSUFFICIENT_EVIDENCE,0.0,False,NO-OP,INSUFFICIENT-REVIEW
#14607,N,protected-chroma-review,5,2689,"51,49,212,87",1705,False,0.05043988269794721,False,1517,0.8897360703812317,43,0.025219941348973606,145,False,586,404,43,0.689419795221843,0.07337883959044368,True,two-tone,NOT_APPLICABLE_CHROMATIC_COMPONENT,0.18181818181818182,True,PROTECTED-REVIEW,PROTECTED-REVIEW
#14607,N,protected-chroma-review,6,1,"85,49,86,50",1,True,1.0,True,1,1.0,0,0.0,0,False,0,0,0,0.0,0.0,False,INSUFFICIENT_INTERIOR_EVIDENCE,TOPOLOGY_INSUFFICIENT_EVIDENCE,0.0,False,NO-OP,INSUFFICIENT-REVIEW
#14607,N,protected-chroma-review,7,1,"88,49,89,50",1,True,1.0,True,1,1.0,0,0.0,0,False,0,0,0,0.0,0.0,False,INSUFFICIENT_INTERIOR_EVIDENCE,TOPOLOGY_INSUFFICIENT_EVIDENCE,0.0,False,NO-OP,INSUFFICIENT-REVIEW
#14607,N,protected-chroma-review,8,5,"97,49,102,50",5,True,1.0,True,5,1.0,0,0.0,0,False,0,0,0,0.0,0.0,False,INSUFFICIENT_INTERIOR_EVIDENCE,TOPOLOGY_INSUFFICIENT_EVIDENCE,0.0,False,NO-OP,INSUFFICIENT-REVIEW
#14607,N,protected-chroma-review,9,2,"92,50,94,51",2,True,0.0,False,2,1.0,0,0.0,0,False,0,0,0,0.0,0.0,False,INSUFFICIENT_INTERIOR_EVIDENCE,NOT_APPLICABLE_CHROMATIC_COMPONENT,0.0,False,PROTECTED-NO-OP,INSUFFICIENT-REVIEW
#14607,N,protected-chroma-review,10,2,"108,58,110,59",2,True,1.0,True,2,1.0,0,0.0,0,False,0,0,0,0.0,0.0,False,INSUFFICIENT_INTERIOR_EVIDENCE,TOPOLOGY_INSUFFICIENT_EVIDENCE,0.0,False,NO-OP,INSUFFICIENT-REVIEW
#14607,N,protected-chroma-review,11,3,"125,58,128,59",3,True,1.0,True,3,1.0,0,0.0,0,False,0,0,0,0.0,0.0,False,INSUFFICIENT_INTERIOR_EVIDENCE,TOPOLOGY_INSUFFICIENT_EVIDENCE,0.0,False,NO-OP,INSUFFICIENT-REVIEW
#14607,N,protected-chroma-review,12,3,"150,58,153,59",3,True,1.0,True,3,1.0,0,0.0,0,False,0,0,0,0.0,0.0,False,INSUFFICIENT_INTERIOR_EVIDENCE,TOPOLOGY_INSUFFICIENT_EVIDENCE,0.0,False,NO-OP,INSUFFICIENT-REVIEW
#14607,N,protected-chroma-review,13,3,"154,58,157,59",3,True,1.0,True,3,1.0,0,0.0,0,False,0,0,0,0.0,0.0,False,INSUFFICIENT_INTERIOR_EVIDENCE,TOPOLOGY_INSUFFICIENT_EVIDENCE,0.0,False,NO-OP,INSUFFICIENT-REVIEW
#14607,N,protected-chroma-review,14,12,"52,61,53,73",12,True,1.0,True,12,1.0,0,0.0,0,False,0,0,0,0.0,0.0,False,INSUFFICIENT_INTERIOR_EVIDENCE,TOPOLOGY_INSUFFICIENT_EVIDENCE,0.0,False,NO-OP,INSUFFICIENT-REVIEW
#14607,N,protected-chroma-review,15,6,"147,61,149,64",6,True,0.0,False,4,0.6666666666666666,2,0.3333333333333333,0,True,0,0,0,0.0,0.0,False,INSUFFICIENT_INTERIOR_EVIDENCE,NOT_APPLICABLE_CHROMATIC_COMPONENT,0.3333333333333333,True,PROTECTED-REVIEW,INSUFFICIENT-REVIEW
#14607,N,protected-chroma-review,16,5,"175,65,177,68",5,True,0.6,False,4,0.8,0,0.0,1,False,0,0,0,0.0,0.0,False,INSUFFICIENT_INTERIOR_EVIDENCE,NOT_APPLICABLE_CHROMATIC_COMPONENT,0.2,True,PROTECTED-REVIEW,INSUFFICIENT-REVIEW
#14607,N,protected-chroma-review,17,2,"55,75,57,76",2,True,1.0,True,2,1.0,0,0.0,0,False,0,0,0,0.0,0.0,False,INSUFFICIENT_INTERIOR_EVIDENCE,TOPOLOGY_INSUFFICIENT_EVIDENCE,0.0,False,NO-OP,INSUFFICIENT-REVIEW
#14607,N,protected-chroma-review,18,3,"115,75,118,76",3,True,1.0,True,3,1.0,0,0.0,0,False,0,0,0,0.0,0.0,False,INSUFFICIENT_INTERIOR_EVIDENCE,TOPOLOGY_INSUFFICIENT_EVIDENCE,0.0,False,NO-OP,INSUFFICIENT-REVIEW
#14607,N,protected-chroma-review,19,1,"210,76,211,77",1,True,1.0,True,1,1.0,0,0.0,0,False,0,0,0,0.0,0.0,False,INSUFFICIENT_INTERIOR_EVIDENCE,TOPOLOGY_INSUFFICIENT_EVIDENCE,0.0,False,NO-OP,INSUFFICIENT-REVIEW
#14607,N,protected-chroma-review,20,4,"86,77,89,79",4,True,0.25,False,3,0.75,1,0.25,0,True,0,0,0,0.0,0.0,False,INSUFFICIENT_INTERIOR_EVIDENCE,NOT_APPLICABLE_CHROMATIC_COMPONENT,0.25,True,PROTECTED-REVIEW,INSUFFICIENT-REVIEW
#14607,N,protected-chroma-review,21,4,"96,77,98,79",4,True,0.5,False,4,1.0,0,0.0,0,False,0,0,0,0.0,0.0,False,INSUFFICIENT_INTERIOR_EVIDENCE,NOT_APPLICABLE_CHROMATIC_COMPONENT,0.25,True,PROTECTED-REVIEW,INSUFFICIENT-REVIEW
#14607,N,protected-chroma-review,22,1,"140,81,141,82",1,True,1.0,True,1,1.0,0,0.0,0,False,0,0,0,0.0,0.0,False,INSUFFICIENT_INTERIOR_EVIDENCE,TOPOLOGY_INSUFFICIENT_EVIDENCE,0.0,False,NO-OP,INSUFFICIENT-REVIEW
#14607,N,protected-chroma-review,23,1,"210,82,211,83",1,True,1.0,True,1,1.0,0,0.0,0,False,0,0,0,0.0,0.0,False,INSUFFICIENT_INTERIOR_EVIDENCE,TOPOLOGY_INSUFFICIENT_EVIDENCE,0.0,False,NO-OP,INSUFFICIENT-REVIEW
#14607,N,protected-chroma-review,24,4,"145,83,148,85",4,True,0.5,False,4,1.0,0,0.0,0,False,0,0,0,0.0,0.0,False,INSUFFICIENT_INTERIOR_EVIDENCE,NOT_APPLICABLE_CHROMATIC_COMPONENT,0.0,False,PROTECTED-NO-OP,INSUFFICIENT-REVIEW
#14607,N,protected-chroma-review,25,1,"150,84,151,85",1,True,1.0,True,1,1.0,0,0.0,0,False,0,0,0,0.0,0.0,False,INSUFFICIENT_INTERIOR_EVIDENCE,TOPOLOGY_INSUFFICIENT_EVIDENCE,0.0,False,NO-OP,INSUFFICIENT-REVIEW
#14607,N,protected-chroma-review,26,2,"192,84,194,85",2,True,1.0,True,2,1.0,0,0.0,0,False,0,0,0,0.0,0.0,False,INSUFFICIENT_INTERIOR_EVIDENCE,TOPOLOGY_INSUFFICIENT_EVIDENCE,0.0,False,NO-OP,INSUFFICIENT-REVIEW
#14607,N,protected-chroma-review,27,5,"164,86,169,87",5,True,1.0,True,5,1.0,0,0.0,0,False,0,0,0,0.0,0.0,False,INSUFFICIENT_INTERIOR_EVIDENCE,TOPOLOGY_INSUFFICIENT_EVIDENCE,0.0,False,NO-OP,INSUFFICIENT-REVIEW
#14607,N,protected-chroma-review,28,1,"170,86,171,87",1,True,1.0,True,1,1.0,0,0.0,0,False,0,0,0,0.0,0.0,False,INSUFFICIENT_INTERIOR_EVIDENCE,TOPOLOGY_INSUFFICIENT_EVIDENCE,0.0,False,NO-OP,INSUFFICIENT-REVIEW
#14611,N,duplicate-protected-chroma-review,1,1190,"8,45,51,86",985,False,0.009137055837563452,False,605,0.6142131979695431,7,0.007106598984771574,373,False,799,438,6,0.5481852315394243,0.007509386733416771,True,not-two-tone,NOT_APPLICABLE_CHROMATIC_COMPONENT,0.3248730964467005,True,PROTECTED-REVIEW,PROTECTED-REVIEW
#14611,N,duplicate-protected-chroma-review,2,9,"53,49,62,50",9,True,1.0,True,9,1.0,0,0.0,0,False,0,0,0,0.0,0.0,False,INSUFFICIENT_INTERIOR_EVIDENCE,TOPOLOGY_INSUFFICIENT_EVIDENCE,0.0,False,NO-OP,INSUFFICIENT-REVIEW
#14611,N,duplicate-protected-chroma-review,3,5,"63,49,68,50",5,True,1.0,True,5,1.0,0,0.0,0,False,0,0,0,0.0,0.0,False,INSUFFICIENT_INTERIOR_EVIDENCE,TOPOLOGY_INSUFFICIENT_EVIDENCE,0.0,False,NO-OP,INSUFFICIENT-REVIEW
#14611,N,duplicate-protected-chroma-review,4,3,"69,49,72,50",3,True,1.0,True,3,1.0,0,0.0,0,False,0,0,0,0.0,0.0,False,INSUFFICIENT_INTERIOR_EVIDENCE,TOPOLOGY_INSUFFICIENT_EVIDENCE,0.0,False,NO-OP,INSUFFICIENT-REVIEW
#14611,N,duplicate-protected-chroma-review,5,2689,"51,49,212,87",1705,False,0.05043988269794721,False,1517,0.8897360703812317,43,0.025219941348973606,145,False,586,404,43,0.689419795221843,0.07337883959044368,True,two-tone,NOT_APPLICABLE_CHROMATIC_COMPONENT,0.18181818181818182,True,PROTECTED-REVIEW,PROTECTED-REVIEW
#14611,N,duplicate-protected-chroma-review,6,1,"85,49,86,50",1,True,1.0,True,1,1.0,0,0.0,0,False,0,0,0,0.0,0.0,False,INSUFFICIENT_INTERIOR_EVIDENCE,TOPOLOGY_INSUFFICIENT_EVIDENCE,0.0,False,NO-OP,INSUFFICIENT-REVIEW
#14611,N,duplicate-protected-chroma-review,7,1,"88,49,89,50",1,True,1.0,True,1,1.0,0,0.0,0,False,0,0,0,0.0,0.0,False,INSUFFICIENT_INTERIOR_EVIDENCE,TOPOLOGY_INSUFFICIENT_EVIDENCE,0.0,False,NO-OP,INSUFFICIENT-REVIEW
#14611,N,duplicate-protected-chroma-review,8,5,"97,49,102,50",5,True,1.0,True,5,1.0,0,0.0,0,False,0,0,0,0.0,0.0,False,INSUFFICIENT_INTERIOR_EVIDENCE,TOPOLOGY_INSUFFICIENT_EVIDENCE,0.0,False,NO-OP,INSUFFICIENT-REVIEW
#14611,N,duplicate-protected-chroma-review,9,2,"92,50,94,51",2,True,0.0,False,2,1.0,0,0.0,0,False,0,0,0,0.0,0.0,False,INSUFFICIENT_INTERIOR_EVIDENCE,NOT_APPLICABLE_CHROMATIC_COMPONENT,0.0,False,PROTECTED-NO-OP,INSUFFICIENT-REVIEW
#14611,N,duplicate-protected-chroma-review,10,2,"108,58,110,59",2,True,1.0,True,2,1.0,0,0.0,0,False,0,0,0,0.0,0.0,False,INSUFFICIENT_INTERIOR_EVIDENCE,TOPOLOGY_INSUFFICIENT_EVIDENCE,0.0,False,NO-OP,INSUFFICIENT-REVIEW
#14611,N,duplicate-protected-chroma-review,11,3,"125,58,128,59",3,True,1.0,True,3,1.0,0,0.0,0,False,0,0,0,0.0,0.0,False,INSUFFICIENT_INTERIOR_EVIDENCE,TOPOLOGY_INSUFFICIENT_EVIDENCE,0.0,False,NO-OP,INSUFFICIENT-REVIEW
#14611,N,duplicate-protected-chroma-review,12,3,"150,58,153,59",3,True,1.0,True,3,1.0,0,0.0,0,False,0,0,0,0.0,0.0,False,INSUFFICIENT_INTERIOR_EVIDENCE,TOPOLOGY_INSUFFICIENT_EVIDENCE,0.0,False,NO-OP,INSUFFICIENT-REVIEW
#14611,N,duplicate-protected-chroma-review,13,3,"154,58,157,59",3,True,1.0,True,3,1.0,0,0.0,0,False,0,0,0,0.0,0.0,False,INSUFFICIENT_INTERIOR_EVIDENCE,TOPOLOGY_INSUFFICIENT_EVIDENCE,0.0,False,NO-OP,INSUFFICIENT-REVIEW
#14611,N,duplicate-protected-chroma-review,14,12,"52,61,53,73",12,True,1.0,True,12,1.0,0,0.0,0,False,0,0,0,0.0,0.0,False,INSUFFICIENT_INTERIOR_EVIDENCE,TOPOLOGY_INSUFFICIENT_EVIDENCE,0.0,False,NO-OP,INSUFFICIENT-REVIEW
#14611,N,duplicate-protected-chroma-review,15,6,"147,61,149,64",6,True,0.0,False,4,0.6666666666666666,2,0.3333333333333333,0,True,0,0,0,0.0,0.0,False,INSUFFICIENT_INTERIOR_EVIDENCE,NOT_APPLICABLE_CHROMATIC_COMPONENT,0.3333333333333333,True,PROTECTED-REVIEW,INSUFFICIENT-REVIEW
#14611,N,duplicate-protected-chroma-review,16,5,"175,65,177,68",5,True,0.6,False,4,0.8,0,0.0,1,False,0,0,0,0.0,0.0,False,INSUFFICIENT_INTERIOR_EVIDENCE,NOT_APPLICABLE_CHROMATIC_COMPONENT,0.2,True,PROTECTED-REVIEW,INSUFFICIENT-REVIEW
#14611,N,duplicate-protected-chroma-review,17,2,"55,75,57,76",2,True,1.0,True,2,1.0,0,0.0,0,False,0,0,0,0.0,0.0,False,INSUFFICIENT_INTERIOR_EVIDENCE,TOPOLOGY_INSUFFICIENT_EVIDENCE,0.0,False,NO-OP,INSUFFICIENT-REVIEW
#14611,N,duplicate-protected-chroma-review,18,3,"115,75,118,76",3,True,1.0,True,3,1.0,0,0.0,0,False,0,0,0,0.0,0.0,False,INSUFFICIENT_INTERIOR_EVIDENCE,TOPOLOGY_INSUFFICIENT_EVIDENCE,0.0,False,NO-OP,INSUFFICIENT-REVIEW
#14611,N,duplicate-protected-chroma-review,19,1,"210,76,211,77",1,True,1.0,True,1,1.0,0,0.0,0,False,0,0,0,0.0,0.0,False,INSUFFICIENT_INTERIOR_EVIDENCE,TOPOLOGY_INSUFFICIENT_EVIDENCE,0.0,False,NO-OP,INSUFFICIENT-REVIEW
#14611,N,duplicate-protected-chroma-review,20,4,"86,77,89,79",4,True,0.25,False,3,0.75,1,0.25,0,True,0,0,0,0.0,0.0,False,INSUFFICIENT_INTERIOR_EVIDENCE,NOT_APPLICABLE_CHROMATIC_COMPONENT,0.25,True,PROTECTED-REVIEW,INSUFFICIENT-REVIEW
#14611,N,duplicate-protected-chroma-review,21,4,"96,77,98,79",4,True,0.5,False,4,1.0,0,0.0,0,False,0,0,0,0.0,0.0,False,INSUFFICIENT_INTERIOR_EVIDENCE,NOT_APPLICABLE_CHROMATIC_COMPONENT,0.25,True,PROTECTED-REVIEW,INSUFFICIENT-REVIEW
#14611,N,duplicate-protected-chroma-review,22,1,"140,81,141,82",1,True,1.0,True,1,1.0,0,0.0,0,False,0,0,0,0.0,0.0,False,INSUFFICIENT_INTERIOR_EVIDENCE,TOPOLOGY_INSUFFICIENT_EVIDENCE,0.0,False,NO-OP,INSUFFICIENT-REVIEW
#14611,N,duplicate-protected-chroma-review,23,1,"210,82,211,83",1,True,1.0,True,1,1.0,0,0.0,0,False,0,0,0,0.0,0.0,False,INSUFFICIENT_INTERIOR_EVIDENCE,TOPOLOGY_INSUFFICIENT_EVIDENCE,0.0,False,NO-OP,INSUFFICIENT-REVIEW
#14611,N,duplicate-protected-chroma-review,24,4,"145,83,148,85",4,True,0.5,False,4,1.0,0,0.0,0,False,0,0,0,0.0,0.0,False,INSUFFICIENT_INTERIOR_EVIDENCE,NOT_APPLICABLE_CHROMATIC_COMPONENT,0.0,False,PROTECTED-NO-OP,INSUFFICIENT-REVIEW
#14611,N,duplicate-protected-chroma-review,25,1,"150,84,151,85",1,True,1.0,True,1,1.0,0,0.0,0,False,0,0,0,0.0,0.0,False,INSUFFICIENT_INTERIOR_EVIDENCE,TOPOLOGY_INSUFFICIENT_EVIDENCE,0.0,False,NO-OP,INSUFFICIENT-REVIEW
#14611,N,duplicate-protected-chroma-review,26,2,"192,84,194,85",2,True,1.0,True,2,1.0,0,0.0,0,False,0,0,0,0.0,0.0,False,INSUFFICIENT_INTERIOR_EVIDENCE,TOPOLOGY_INSUFFICIENT_EVIDENCE,0.0,False,NO-OP,INSUFFICIENT-REVIEW
#14611,N,duplicate-protected-chroma-review,27,5,"164,86,169,87",5,True,1.0,True,5,1.0,0,0.0,0,False,0,0,0,0.0,0.0,False,INSUFFICIENT_INTERIOR_EVIDENCE,TOPOLOGY_INSUFFICIENT_EVIDENCE,0.0,False,NO-OP,INSUFFICIENT-REVIEW
#14611,N,duplicate-protected-chroma-review,28,1,"170,86,171,87",1,True,1.0,True,1,1.0,0,0.0,0,False,0,0,0,0.0,0.0,False,INSUFFICIENT_INTERIOR_EVIDENCE,TOPOLOGY_INSUFFICIENT_EVIDENCE,0.0,False,NO-OP,INSUFFICIENT-REVIEW
#11359,N,mixed-chromatic-stress,1,835,"8,19,49,60",665,False,0.0,False,278,0.4180451127819549,0,0.0,387,False,506,206,0,0.40711462450592883,0.0,True,not-two-tone,NOT_APPLICABLE_CHROMATIC_COMPONENT,0.5774436090225564,True,PROTECTED-REVIEW,PROTECTED-REVIEW
#11359,N,mixed-chromatic-stress,2,2,"50,21,51,23",2,True,0.0,False,2,1.0,0,0.0,0,False,0,0,0,0.0,0.0,False,INSUFFICIENT_INTERIOR_EVIDENCE,NOT_APPLICABLE_CHROMATIC_COMPONENT,0.0,False,PROTECTED-NO-OP,INSUFFICIENT-REVIEW
#11359,N,mixed-chromatic-stress,3,5,"50,24,51,29",5,True,0.0,False,5,1.0,0,0.0,0,False,0,0,0,0.0,0.0,False,INSUFFICIENT_INTERIOR_EVIDENCE,NOT_APPLICABLE_CHROMATIC_COMPONENT,0.0,False,PROTECTED-NO-OP,INSUFFICIENT-REVIEW
#11359,N,mixed-chromatic-stress,4,109,"62,34,72,45",91,False,1.0,True,53,0.5824175824175825,0,0.0,38,False,55,23,0,0.41818181818181815,0.0,True,not-two-tone,BOTH_FALSE,0.43956043956043955,True,RECOLOR,RECOLOR-CANDIDATE-ONLY
#11359,N,mixed-chromatic-stress,5,9,"60,35,61,44",9,True,1.0,True,8,0.8888888888888888,0,0.0,1,False,0,0,0,0.0,0.0,False,INSUFFICIENT_INTERIOR_EVIDENCE,TOPOLOGY_INSUFFICIENT_EVIDENCE,0.1111111111111111,True,RECOLOR,INSUFFICIENT-REVIEW
#11359,N,mixed-chromatic-stress,6,9,"73,35,74,44",9,True,1.0,True,9,1.0,0,0.0,0,False,0,0,0,0.0,0.0,False,INSUFFICIENT_INTERIOR_EVIDENCE,TOPOLOGY_INSUFFICIENT_EVIDENCE,0.0,False,NO-OP,INSUFFICIENT-REVIEW
#11359,N,mixed-chromatic-stress,7,2676,"90,35,179,93",2304,False,1.0,True,1552,0.6736111111111112,0,0.0,752,False,1832,1153,0,0.6293668122270742,0.0,True,not-two-tone,BOTH_FALSE,0.3689236111111111,True,RECOLOR,RECOLOR-CANDIDATE-ONLY
#11359,N,mixed-chromatic-stress,8,599,"180,35,192,85",539,False,1.0,True,396,0.7346938775510204,0,0.0,143,False,423,281,0,0.6643026004728132,0.0,True,not-two-tone,BOTH_FALSE,0.3432282003710575,True,RECOLOR,RECOLOR-CANDIDATE-ONLY
#11359,N,mixed-chromatic-stress,9,49,"193,36,194,85",49,True,1.0,True,49,1.0,0,0.0,0,False,0,0,0,0.0,0.0,False,INSUFFICIENT_INTERIOR_EVIDENCE,TOPOLOGY_INSUFFICIENT_EVIDENCE,0.30612244897959184,True,RECOLOR,INSUFFICIENT-REVIEW
#11359,N,mixed-chromatic-stress,10,21,"99,44,101,55",21,True,1.0,True,10,0.47619047619047616,11,0.5238095238095238,0,True,0,0,0,0.0,0.0,False,INSUFFICIENT_INTERIOR_EVIDENCE,TOPOLOGY_INSUFFICIENT_EVIDENCE,0.5238095238095238,True,PROTECTED-REVIEW,INSUFFICIENT-REVIEW
#11359,N,mixed-chromatic-stress,11,107,"62,46,72,58",88,False,1.0,True,56,0.6363636363636364,0,0.0,32,False,54,30,0,0.5555555555555556,0.0,True,not-two-tone,BOTH_FALSE,0.4090909090909091,True,RECOLOR,RECOLOR-CANDIDATE-ONLY
#11359,N,mixed-chromatic-stress,12,8,"79,46,87,47",8,True,1.0,True,8,1.0,0,0.0,0,False,0,0,0,0.0,0.0,False,INSUFFICIENT_INTERIOR_EVIDENCE,TOPOLOGY_INSUFFICIENT_EVIDENCE,0.0,False,NO-OP,INSUFFICIENT-REVIEW
#11359,N,mixed-chromatic-stress,13,9,"49,47,58,48",9,True,1.0,True,2,0.2222222222222222,7,0.7777777777777778,0,True,0,0,0,0.0,0.0,False,INSUFFICIENT_INTERIOR_EVIDENCE,TOPOLOGY_INSUFFICIENT_EVIDENCE,0.7777777777777778,True,PROTECTED-REVIEW,INSUFFICIENT-REVIEW
#11359,N,mixed-chromatic-stress,14,1132,"28,48,89,87",942,False,1.0,True,596,0.6326963906581741,0,0.0,346,False,739,449,0,0.6075778078484438,0.0,True,not-two-tone,BOTH_FALSE,0.37048832271762205,True,RECOLOR,RECOLOR-CANDIDATE-ONLY
#11359,N,mixed-chromatic-stress,15,111,"47,49,59,61",81,False,1.0,True,41,0.5061728395061729,0,0.0,40,False,49,21,0,0.42857142857142855,0.0,True,not-two-tone,BOTH_FALSE,0.5308641975308642,True,RECOLOR,RECOLOR-CANDIDATE-ONLY
#11359,N,mixed-chromatic-stress,16,9,"60,49,61,58",9,True,1.0,True,5,0.5555555555555556,0,0.0,4,False,0,0,0,0.0,0.0,False,INSUFFICIENT_INTERIOR_EVIDENCE,TOPOLOGY_INSUFFICIENT_EVIDENCE,0.4444444444444444,True,RECOLOR,INSUFFICIENT-REVIEW
#11359,N,mixed-chromatic-stress,17,9,"73,49,74,58",9,True,1.0,True,8,0.8888888888888888,1,0.1111111111111111,0,True,0,0,0,0.0,0.0,False,INSUFFICIENT_INTERIOR_EVIDENCE,TOPOLOGY_INSUFFICIENT_EVIDENCE,0.1111111111111111,True,PROTECTED-REVIEW,INSUFFICIENT-REVIEW
#11359,N,mixed-chromatic-stress,18,1,"123,57,124,58",1,True,1.0,True,0,0.0,1,1.0,0,False,0,0,0,0.0,0.0,False,INSUFFICIENT_INTERIOR_EVIDENCE,TOPOLOGY_INSUFFICIENT_EVIDENCE,1.0,True,RECOLOR,INSUFFICIENT-REVIEW
#11359,N,mixed-chromatic-stress,19,10,"62,59,71,61",10,True,1.0,True,9,0.9,1,0.1,0,True,0,0,0,0.0,0.0,False,INSUFFICIENT_INTERIOR_EVIDENCE,TOPOLOGY_INSUFFICIENT_EVIDENCE,0.1,True,PROTECTED-REVIEW,INSUFFICIENT-REVIEW
#11359,N,mixed-chromatic-stress,20,2,"124,59,125,61",2,True,1.0,True,2,1.0,0,0.0,0,False,0,0,0,0.0,0.0,False,INSUFFICIENT_INTERIOR_EVIDENCE,TOPOLOGY_INSUFFICIENT_EVIDENCE,0.0,False,NO-OP,INSUFFICIENT-REVIEW
#11359,N,mixed-chromatic-stress,21,9,"9,61,18,62",9,True,0.0,False,9,1.0,0,0.0,0,False,0,0,0,0.0,0.0,False,INSUFFICIENT_INTERIOR_EVIDENCE,NOT_APPLICABLE_CHROMATIC_COMPONENT,0.0,False,PROTECTED-NO-OP,INSUFFICIENT-REVIEW
#11359,N,mixed-chromatic-stress,22,9,"202,70,211,71",9,True,0.8888888888888888,False,2,0.2222222222222222,7,0.7777777777777778,0,True,0,0,0,0.0,0.0,False,INSUFFICIENT_INTERIOR_EVIDENCE,NOT_APPLICABLE_CHROMATIC_COMPONENT,1.0,True,PROTECTED-REVIEW,INSUFFICIENT-REVIEW
#11359,N,mixed-chromatic-stress,23,836,"169,72,212,113",632,False,0.0,False,375,0.5933544303797469,0,0.0,257,False,478,289,0,0.604602510460251,0.0,True,not-two-tone,NOT_APPLICABLE_CHROMATIC_COMPONENT,1.0,True,PROTECTED-REVIEW,PROTECTED-REVIEW
#11359,N,mixed-chromatic-stress,24,11,"181,86,192,87",11,True,1.0,True,11,1.0,0,0.0,0,False,0,0,0,0.0,0.0,False,INSUFFICIENT_INTERIOR_EVIDENCE,TOPOLOGY_INSUFFICIENT_EVIDENCE,0.09090909090909091,True,RECOLOR,INSUFFICIENT-REVIEW
#11359,N,mixed-chromatic-stress,25,298,"54,97,82,113",204,False,1.0,True,204,1.0,0,0.0,0,False,81,81,0,1.0,0.0,True,not-two-tone,BOTH_FALSE,0.08333333333333333,True,RECOLOR,RECOLOR-CANDIDATE-ONLY
#11359,N,mixed-chromatic-stress,26,15,"85,97,86,112",15,True,1.0,True,15,1.0,0,0.0,0,False,0,0,0,0.0,0.0,False,INSUFFICIENT_INTERIOR_EVIDENCE,TOPOLOGY_INSUFFICIENT_EVIDENCE,0.06666666666666667,False,NO-OP,INSUFFICIENT-REVIEW
#11359,N,mixed-chromatic-stress,27,1002,"87,97,163,113",735,False,1.0,True,732,0.9959183673469387,0,0.0,3,False,294,294,0,1.0,0.0,True,not-two-tone,BOTH_FALSE,0.09523809523809523,True,RECOLOR,RECOLOR-CANDIDATE-ONLY
#11359,N,mixed-chromatic-stress,28,14,"164,98,165,112",14,True,1.0,True,14,1.0,0,0.0,0,False,0,0,0,0.0,0.0,False,INSUFFICIENT_INTERIOR_EVIDENCE,TOPOLOGY_INSUFFICIENT_EVIDENCE,0.0,False,NO-OP,INSUFFICIENT-REVIEW
#14406,N,mixed-chromatic-stress,1,19,"9,46,28,47",19,True,1.0,True,19,1.0,0,0.0,0,False,0,0,0,0.0,0.0,False,INSUFFICIENT_INTERIOR_EVIDENCE,TOPOLOGY_INSUFFICIENT_EVIDENCE,0.0,False,NO-OP,INSUFFICIENT-REVIEW
#14406,N,mixed-chromatic-stress,2,1061,"8,46,39,86",902,False,1.0,True,2,0.0022172949002217295,846,0.9379157427937915,54,False,714,0,714,0.0,1.0,True,not-two-tone,BOTH_FALSE,0.9988913525498891,True,RECOLOR,RECOLOR-CANDIDATE-ONLY
#14406,N,mixed-chromatic-stress,3,1292,"40,46,82,84",1150,False,1.0,True,1,0.0008695652173913044,1057,0.9191304347826087,92,False,892,0,892,0.0,1.0,True,not-two-tone,BOTH_FALSE,1.0,True,RECOLOR,RECOLOR-CANDIDATE-ONLY
#14406,N,mixed-chromatic-stress,4,10,"71,46,81,47",10,True,1.0,True,10,1.0,0,0.0,0,False,0,0,0,0.0,0.0,False,INSUFFICIENT_INTERIOR_EVIDENCE,TOPOLOGY_INSUFFICIENT_EVIDENCE,0.0,False,NO-OP,INSUFFICIENT-REVIEW
#14406,N,mixed-chromatic-stress,5,15,"85,46,100,47",15,True,1.0,True,15,1.0,0,0.0,0,False,0,0,0,0.0,0.0,False,INSUFFICIENT_INTERIOR_EVIDENCE,TOPOLOGY_INSUFFICIENT_EVIDENCE,0.0,False,NO-OP,INSUFFICIENT-REVIEW
#14406,N,mixed-chromatic-stress,6,1861,"83,46,143,86",1586,False,1.0,True,0,0.0,1473,0.9287515762925599,113,False,1256,0,1256,0.0,1.0,True,not-two-tone,BOTH_FALSE,1.0,True,RECOLOR,RECOLOR-CANDIDATE-ONLY
#14406,N,mixed-chromatic-stress,7,15,"126,46,141,47",15,True,1.0,True,15,1.0,0,0.0,0,False,0,0,0,0.0,0.0,False,INSUFFICIENT_INTERIOR_EVIDENCE,TOPOLOGY_INSUFFICIENT_EVIDENCE,0.0,False,NO-OP,INSUFFICIENT-REVIEW
#14406,N,mixed-chromatic-stress,8,25,"144,46,169,47",25,True,1.0,True,25,1.0,0,0.0,0,False,0,0,0,0.0,0.0,False,INSUFFICIENT_INTERIOR_EVIDENCE,TOPOLOGY_INSUFFICIENT_EVIDENCE,0.0,False,NO-OP,INSUFFICIENT-REVIEW
#14406,N,mixed-chromatic-stress,9,34,"175,46,209,47",34,True,1.0,True,34,1.0,0,0.0,0,False,0,0,0,0.0,0.0,False,INSUFFICIENT_INTERIOR_EVIDENCE,TOPOLOGY_INSUFFICIENT_EVIDENCE,0.0,False,NO-OP,INSUFFICIENT-REVIEW
#14406,N,mixed-chromatic-stress,10,121,"71,48,82,59",110,False,1.0,True,1,0.00909090909090909,89,0.8090909090909091,20,False,72,0,72,0.0,1.0,True,not-two-tone,BOTH_FALSE,1.0,True,RECOLOR,RECOLOR-CANDIDATE-ONLY
#14406,N,mixed-chromatic-stress,11,883,"144,48,171,84",786,False,1.0,True,0,0.0,716,0.910941475826972,70,False,610,0,610,0.0,1.0,True,not-two-tone,BOTH_FALSE,1.0,True,RECOLOR,RECOLOR-CANDIDATE-ONLY
#14406,N,mixed-chromatic-stress,12,10,"170,48,171,58",10,True,1.0,True,2,0.2,8,0.8,0,True,0,0,0,0.0,0.0,False,INSUFFICIENT_INTERIOR_EVIDENCE,TOPOLOGY_INSUFFICIENT_EVIDENCE,0.9,True,PROTECTED-REVIEW,INSUFFICIENT-REVIEW
#14406,N,mixed-chromatic-stress,13,36,"172,48,173,84",36,True,0.0,False,6,0.16666666666666666,0,0.0,30,False,0,0,0,0.0,0.0,False,INSUFFICIENT_INTERIOR_EVIDENCE,NOT_APPLICABLE_CHROMATIC_COMPONENT,0.8888888888888888,True,PROTECTED-REVIEW,INSUFFICIENT-REVIEW
#14406,N,mixed-chromatic-stress,14,1436,"174,48,212,86",1294,False,0.0,False,70,0.05409582689335394,0,0.0,1224,False,1154,0,0,0.0,0.0,True,not-two-tone,NOT_APPLICABLE_CHROMATIC_COMPONENT,0.9659969088098919,True,PROTECTED-REVIEW,PROTECTED-REVIEW
#14406,N,mixed-chromatic-stress,15,8,"169,62,170,70",8,True,1.0,True,8,1.0,0,0.0,0,False,0,0,0,0.0,0.0,False,INSUFFICIENT_INTERIOR_EVIDENCE,TOPOLOGY_INSUFFICIENT_EVIDENCE,0.0,False,NO-OP,INSUFFICIENT-REVIEW
#14406,N,mixed-chromatic-stress,16,10,"131,64,141,65",10,True,1.0,True,10,1.0,0,0.0,0,False,0,0,0,0.0,0.0,False,INSUFFICIENT_INTERIOR_EVIDENCE,TOPOLOGY_INSUFFICIENT_EVIDENCE,0.0,False,NO-OP,INSUFFICIENT-REVIEW
#14406,N,mixed-chromatic-stress,17,17,"9,85,26,86",17,True,1.0,True,17,1.0,0,0.0,0,False,0,0,0,0.0,0.0,False,INSUFFICIENT_INTERIOR_EVIDENCE,TOPOLOGY_INSUFFICIENT_EVIDENCE,0.0,False,NO-OP,INSUFFICIENT-REVIEW
#14406,N,mixed-chromatic-stress,18,1,"27,85,28,86",1,True,1.0,True,1,1.0,0,0.0,0,False,0,0,0,0.0,0.0,False,INSUFFICIENT_INTERIOR_EVIDENCE,TOPOLOGY_INSUFFICIENT_EVIDENCE,0.0,False,NO-OP,INSUFFICIENT-REVIEW
#14406,N,mixed-chromatic-stress,19,10,"40,85,50,86",10,True,1.0,True,10,1.0,0,0.0,0,False,0,0,0,0.0,0.0,False,INSUFFICIENT_INTERIOR_EVIDENCE,TOPOLOGY_INSUFFICIENT_EVIDENCE,0.0,False,NO-OP,INSUFFICIENT-REVIEW
#14406,N,mixed-chromatic-stress,20,12,"58,85,70,86",12,True,1.0,True,12,1.0,0,0.0,0,False,0,0,0,0.0,0.0,False,INSUFFICIENT_INTERIOR_EVIDENCE,TOPOLOGY_INSUFFICIENT_EVIDENCE,0.0,False,NO-OP,INSUFFICIENT-REVIEW
#14406,N,mixed-chromatic-stress,21,10,"71,85,81,86",10,True,1.0,True,10,1.0,0,0.0,0,False,0,0,0,0.0,0.0,False,INSUFFICIENT_INTERIOR_EVIDENCE,TOPOLOGY_INSUFFICIENT_EVIDENCE,0.0,False,NO-OP,INSUFFICIENT-REVIEW
#14406,N,mixed-chromatic-stress,22,2,"123,85,125,86",2,True,1.0,True,0,0.0,2,1.0,0,False,0,0,0,0.0,0.0,False,INSUFFICIENT_INTERIOR_EVIDENCE,TOPOLOGY_INSUFFICIENT_EVIDENCE,1.0,True,RECOLOR,INSUFFICIENT-REVIEW
#14406,N,mixed-chromatic-stress,23,15,"126,85,141,86",15,True,1.0,True,15,1.0,0,0.0,0,False,0,0,0,0.0,0.0,False,INSUFFICIENT_INTERIOR_EVIDENCE,TOPOLOGY_INSUFFICIENT_EVIDENCE,0.0,False,NO-OP,INSUFFICIENT-REVIEW
#14406,N,mixed-chromatic-stress,24,25,"144,85,169,86",25,True,1.0,True,25,1.0,0,0.0,0,False,0,0,0,0.0,0.0,False,INSUFFICIENT_INTERIOR_EVIDENCE,TOPOLOGY_INSUFFICIENT_EVIDENCE,0.0,False,NO-OP,INSUFFICIENT-REVIEW
#10954,N,protected-boundary-stress,1,4938,"131,15,212,116",4607,False,0.9997829390058607,True,1,0.00021706099413935315,126,0.0273496852615585,4480,False,4201,0,91,0.0,0.021661509164484647,True,not-two-tone,BOTH_FALSE,1.0,True,RECOLOR,RECOLOR-CANDIDATE-ONLY
#10954,N,protected-boundary-stress,2,2,"160,15,162,16",2,True,1.0,True,1,0.5,1,0.5,0,True,0,0,0,0.0,0.0,False,INSUFFICIENT_INTERIOR_EVIDENCE,TOPOLOGY_INSUFFICIENT_EVIDENCE,0.5,True,PROTECTED-REVIEW,INSUFFICIENT-REVIEW
#10954,N,protected-boundary-stress,3,1,"135,16,136,17",1,True,1.0,True,0,0.0,1,1.0,0,False,0,0,0,0.0,0.0,False,INSUFFICIENT_INTERIOR_EVIDENCE,TOPOLOGY_INSUFFICIENT_EVIDENCE,1.0,True,RECOLOR,INSUFFICIENT-REVIEW
#10954,N,protected-boundary-stress,4,2,"139,30,140,32",2,True,1.0,True,2,1.0,0,0.0,0,False,0,0,0,0.0,0.0,False,INSUFFICIENT_INTERIOR_EVIDENCE,TOPOLOGY_INSUFFICIENT_EVIDENCE,0.0,False,NO-OP,INSUFFICIENT-REVIEW
#10954,N,protected-boundary-stress,5,1,"145,43,146,44",1,True,1.0,True,1,1.0,0,0.0,0,False,0,0,0,0.0,0.0,False,INSUFFICIENT_INTERIOR_EVIDENCE,TOPOLOGY_INSUFFICIENT_EVIDENCE,0.0,False,NO-OP,INSUFFICIENT-REVIEW
#10954,N,protected-boundary-stress,6,4400,"8,46,160,86",3677,False,0.002991569214033179,False,2572,0.6994832744084851,44,0.011966276856132716,1061,False,2865,1985,44,0.6928446771378709,0.015357766143106457,True,not-two-tone,NOT_APPLICABLE_CHROMATIC_COMPONENT,0.34022300788686427,True,PROTECTED-REVIEW,PROTECTED-REVIEW
#10954,N,protected-boundary-stress,7,10,"50,46,60,47",10,True,0.0,False,8,0.8,2,0.2,0,True,0,0,0,0.0,0.0,False,INSUFFICIENT_INTERIOR_EVIDENCE,NOT_APPLICABLE_CHROMATIC_COMPONENT,0.2,True,PROTECTED-REVIEW,INSUFFICIENT-REVIEW
#10954,N,protected-boundary-stress,8,11,"96,46,107,47",11,True,0.0,False,11,1.0,0,0.0,0,False,0,0,0,0.0,0.0,False,INSUFFICIENT_INTERIOR_EVIDENCE,NOT_APPLICABLE_CHROMATIC_COMPONENT,0.0,False,PROTECTED-NO-OP,INSUFFICIENT-REVIEW
#10954,N,protected-boundary-stress,9,11,"118,46,129,47",11,True,0.0,False,10,0.9090909090909091,1,0.09090909090909091,0,True,0,0,0,0.0,0.0,False,INSUFFICIENT_INTERIOR_EVIDENCE,NOT_APPLICABLE_CHROMATIC_COMPONENT,0.09090909090909091,True,PROTECTED-REVIEW,INSUFFICIENT-REVIEW
#10954,N,protected-boundary-stress,10,1,"65,57,66,58",1,True,0.0,False,1,1.0,0,0.0,0,False,0,0,0,0.0,0.0,False,INSUFFICIENT_INTERIOR_EVIDENCE,NOT_APPLICABLE_CHROMATIC_COMPONENT,0.0,False,PROTECTED-NO-OP,INSUFFICIENT-REVIEW
#10954,N,protected-boundary-stress,11,13,"83,59,84,72",13,True,0.0,False,13,1.0,0,0.0,0,False,0,0,0,0.0,0.0,False,INSUFFICIENT_INTERIOR_EVIDENCE,NOT_APPLICABLE_CHROMATIC_COMPONENT,0.0,False,PROTECTED-NO-OP,INSUFFICIENT-REVIEW
#10954,N,protected-boundary-stress,12,1,"37,75,38,76",1,True,1.0,True,1,1.0,0,0.0,0,False,0,0,0,0.0,0.0,False,INSUFFICIENT_INTERIOR_EVIDENCE,TOPOLOGY_INSUFFICIENT_EVIDENCE,0.0,False,NO-OP,INSUFFICIENT-REVIEW
#10954,N,protected-boundary-stress,13,2,"211,77,212,79",2,True,0.5,False,1,0.5,1,0.5,0,True,0,0,0,0.0,0.0,False,INSUFFICIENT_INTERIOR_EVIDENCE,NOT_APPLICABLE_CHROMATIC_COMPONENT,0.5,True,PROTECTED-REVIEW,INSUFFICIENT-REVIEW
#10954,N,protected-boundary-stress,14,9,"9,84,18,85",9,True,0.0,False,9,1.0,0,0.0,0,False,0,0,0,0.0,0.0,False,INSUFFICIENT_INTERIOR_EVIDENCE,NOT_APPLICABLE_CHROMATIC_COMPONENT,0.0,False,PROTECTED-NO-OP,INSUFFICIENT-REVIEW
#10954,N,protected-boundary-stress,15,10,"107,84,117,85",10,True,0.0,False,9,0.9,1,0.1,0,True,0,0,0,0.0,0.0,False,INSUFFICIENT_INTERIOR_EVIDENCE,NOT_APPLICABLE_CHROMATIC_COMPONENT,0.9,True,PROTECTED-REVIEW,INSUFFICIENT-REVIEW
#10954,N,protected-boundary-stress,16,2,"134,87,136,88",2,True,1.0,True,2,1.0,0,0.0,0,False,0,0,0,0.0,0.0,False,INSUFFICIENT_INTERIOR_EVIDENCE,TOPOLOGY_INSUFFICIENT_EVIDENCE,0.0,False,NO-OP,INSUFFICIENT-REVIEW
#10954,N,protected-boundary-stress,17,1,"146,87,147,88",1,True,1.0,True,0,0.0,1,1.0,0,False,0,0,0,0.0,0.0,False,INSUFFICIENT_INTERIOR_EVIDENCE,TOPOLOGY_INSUFFICIENT_EVIDENCE,1.0,True,RECOLOR,INSUFFICIENT-REVIEW
#10954,N,protected-boundary-stress,18,960,"72,88,120,116",783,False,0.9974457215836526,True,0,0.0,37,0.04725415070242656,746,False,531,0,15,0.0,0.02824858757062147,True,not-two-tone,BOTH_FALSE,1.0,True,RECOLOR,RECOLOR-CANDIDATE-ONLY
#10954,N,protected-boundary-stress,19,5,"138,88,143,89",5,True,1.0,True,0,0.0,5,1.0,0,False,0,0,0,0.0,0.0,False,INSUFFICIENT_INTERIOR_EVIDENCE,TOPOLOGY_INSUFFICIENT_EVIDENCE,1.0,True,RECOLOR,INSUFFICIENT-REVIEW
#10954,N,protected-boundary-stress,20,1,"87,89,88,90",1,True,1.0,True,1,1.0,0,0.0,0,False,0,0,0,0.0,0.0,False,INSUFFICIENT_INTERIOR_EVIDENCE,TOPOLOGY_INSUFFICIENT_EVIDENCE,1.0,True,RECOLOR,INSUFFICIENT-REVIEW
#10954,N,protected-boundary-stress,21,1,"108,89,109,90",1,True,1.0,True,0,0.0,1,1.0,0,False,0,0,0,0.0,0.0,False,INSUFFICIENT_INTERIOR_EVIDENCE,TOPOLOGY_INSUFFICIENT_EVIDENCE,1.0,True,RECOLOR,INSUFFICIENT-REVIEW
#10954,N,protected-boundary-stress,22,6,"70,91,71,97",6,True,1.0,True,1,0.16666666666666666,1,0.16666666666666666,4,True,0,0,0,0.0,0.0,False,INSUFFICIENT_INTERIOR_EVIDENCE,TOPOLOGY_INSUFFICIENT_EVIDENCE,1.0,True,PROTECTED-REVIEW,INSUFFICIENT-REVIEW
#10954,N,protected-boundary-stress,23,6,"121,104,122,110",6,True,1.0,True,2,0.3333333333333333,2,0.3333333333333333,2,True,0,0,0,0.0,0.0,False,INSUFFICIENT_INTERIOR_EVIDENCE,TOPOLOGY_INSUFFICIENT_EVIDENCE,0.8333333333333334,True,PROTECTED-REVIEW,INSUFFICIENT-REVIEW
#10954,N,protected-boundary-stress,24,4,"77,115,81,116",4,True,1.0,True,0,0.0,4,1.0,0,False,0,0,0,0.0,0.0,False,INSUFFICIENT_INTERIOR_EVIDENCE,TOPOLOGY_INSUFFICIENT_EVIDENCE,1.0,True,RECOLOR,INSUFFICIENT-REVIEW
#10954,N,protected-boundary-stress,25,1,"94,115,95,116",1,True,1.0,True,0,0.0,1,1.0,0,False,0,0,0,0.0,0.0,False,INSUFFICIENT_INTERIOR_EVIDENCE,TOPOLOGY_INSUFFICIENT_EVIDENCE,1.0,True,RECOLOR,INSUFFICIENT-REVIEW
#10954,N,protected-boundary-stress,26,5,"111,115,116,116",5,True,0.6,False,1,0.2,4,0.8,0,True,0,0,0,0.0,0.0,False,INSUFFICIENT_INTERIOR_EVIDENCE,NOT_APPLICABLE_CHROMATIC_COMPONENT,0.4,True,PROTECTED-REVIEW,INSUFFICIENT-REVIEW
#10954,N,protected-boundary-stress,27,2,"162,115,164,116",2,True,1.0,True,0,0.0,2,1.0,0,False,0,0,0,0.0,0.0,False,INSUFFICIENT_INTERIOR_EVIDENCE,TOPOLOGY_INSUFFICIENT_EVIDENCE,0.0,False,NO-OP,INSUFFICIENT-REVIEW
#5136,N,rectangular-brand-stress,1,3529,"137,26,212,106",3322,False,0.11137868753762793,False,0,0.0,422,0.12703190848886214,2900,False,3040,0,422,0.0,0.1388157894736842,True,not-two-tone,NOT_APPLICABLE_CHROMATIC_COMPONENT,1.0,True,PROTECTED-REVIEW,PROTECTED-REVIEW
#5136,N,rectangular-brand-stress,2,2,"211,33,212,35",2,True,0.0,False,2,1.0,0,0.0,0,False,0,0,0,0.0,0.0,False,INSUFFICIENT_INTERIOR_EVIDENCE,NOT_APPLICABLE_CHROMATIC_COMPONENT,1.0,True,PROTECTED-REVIEW,INSUFFICIENT-REVIEW
#5136,N,rectangular-brand-stress,3,1,"59,41,60,42",1,True,1.0,True,1,1.0,0,0.0,0,False,0,0,0,0.0,0.0,False,INSUFFICIENT_INTERIOR_EVIDENCE,TOPOLOGY_INSUFFICIENT_EVIDENCE,0.0,False,NO-OP,INSUFFICIENT-REVIEW
#5136,N,rectangular-brand-stress,4,5181,"8,41,152,90",4606,False,1.0,True,0,0.0,137,0.029743812418584457,4469,False,3811,0,136,0.0,0.0356861716085017,True,not-two-tone,BOTH_FALSE,1.0,True,RECOLOR,RECOLOR-CANDIDATE-ONLY
#5136,N,rectangular-brand-stress,5,1,"51,46,52,47",1,True,1.0,True,0,0.0,1,1.0,0,False,0,0,0,0.0,0.0,False,INSUFFICIENT_INTERIOR_EVIDENCE,TOPOLOGY_INSUFFICIENT_EVIDENCE,1.0,True,RECOLOR,INSUFFICIENT-REVIEW
#5136,N,rectangular-brand-stress,6,2,"8,50,9,52",2,True,1.0,True,0,0.0,2,1.0,0,False,0,0,0,0.0,0.0,False,INSUFFICIENT_INTERIOR_EVIDENCE,TOPOLOGY_INSUFFICIENT_EVIDENCE,1.0,True,RECOLOR,INSUFFICIENT-REVIEW
#5136,N,rectangular-brand-stress,7,2,"154,73,155,75",2,True,0.0,False,1,0.5,1,0.5,0,True,0,0,0,0.0,0.0,False,INSUFFICIENT_INTERIOR_EVIDENCE,NOT_APPLICABLE_CHROMATIC_COMPONENT,1.0,True,PROTECTED-REVIEW,INSUFFICIENT-REVIEW
#5136,N,rectangular-brand-stress,8,2,"65,79,66,81",2,True,1.0,True,0,0.0,2,1.0,0,False,0,0,0,0.0,0.0,False,INSUFFICIENT_INTERIOR_EVIDENCE,TOPOLOGY_INSUFFICIENT_EVIDENCE,1.0,True,RECOLOR,INSUFFICIENT-REVIEW
#5136,N,rectangular-brand-stress,9,1,"197,84,198,85",1,True,1.0,True,1,1.0,0,0.0,0,False,0,0,0,0.0,0.0,False,INSUFFICIENT_INTERIOR_EVIDENCE,TOPOLOGY_INSUFFICIENT_EVIDENCE,0.0,False,NO-OP,INSUFFICIENT-REVIEW
#5136,N,rectangular-brand-stress,10,15,"20,89,35,90",15,True,1.0,True,0,0.0,2,0.13333333333333333,13,False,0,0,0,0.0,0.0,False,INSUFFICIENT_INTERIOR_EVIDENCE,TOPOLOGY_INSUFFICIENT_EVIDENCE,1.0,True,RECOLOR,INSUFFICIENT-REVIEW
#5136,N,rectangular-brand-stress,11,14,"47,89,61,90",14,True,1.0,True,0,0.0,2,0.14285714285714285,12,False,0,0,0,0.0,0.0,False,INSUFFICIENT_INTERIOR_EVIDENCE,TOPOLOGY_INSUFFICIENT_EVIDENCE,1.0,True,RECOLOR,INSUFFICIENT-REVIEW
#5136,N,rectangular-brand-stress,12,13,"110,89,123,90",13,True,1.0,True,0,0.0,2,0.15384615384615385,11,False,0,0,0,0.0,0.0,False,INSUFFICIENT_INTERIOR_EVIDENCE,TOPOLOGY_INSUFFICIENT_EVIDENCE,1.0,True,RECOLOR,INSUFFICIENT-REVIEW
#3021,APPROVED,closed-approved-monochrome,1,7029,"8,27,212,104",6044,False,0.9602911978821972,False,230,0.03805426869622766,5807,0.9607875579086698,7,True,4579,136,4441,0.029700808036689234,0.9698624153745359,True,not-two-tone,NOT_APPLICABLE_CHROMATIC_COMPONENT,0.9626075446724024,True,PROTECTED-REVIEW,PROTECTED-REVIEW
#3021,APPROVED,closed-approved-monochrome,2,66,"140,32,173,34",66,True,1.0,True,0,0.0,66,1.0,0,False,0,0,0,0.0,0.0,False,INSUFFICIENT_INTERIOR_EVIDENCE,TOPOLOGY_INSUFFICIENT_EVIDENCE,1.0,True,RECOLOR,INSUFFICIENT-REVIEW
#3021,APPROVED,closed-approved-monochrome,3,5,"175,35,176,40",5,True,1.0,True,0,0.0,5,1.0,0,False,0,0,0,0.0,0.0,False,INSUFFICIENT_INTERIOR_EVIDENCE,TOPOLOGY_INSUFFICIENT_EVIDENCE,1.0,True,RECOLOR,INSUFFICIENT-REVIEW
#3021,APPROVED,closed-approved-monochrome,4,1,"169,42,170,43",1,True,1.0,True,0,0.0,1,1.0,0,False,0,0,0,0.0,0.0,False,INSUFFICIENT_INTERIOR_EVIDENCE,TOPOLOGY_INSUFFICIENT_EVIDENCE,1.0,True,RECOLOR,INSUFFICIENT-REVIEW
#3021,APPROVED,closed-approved-monochrome,5,5,"173,99,174,104",5,True,1.0,True,0,0.0,5,1.0,0,False,0,0,0,0.0,0.0,False,INSUFFICIENT_INTERIOR_EVIDENCE,TOPOLOGY_INSUFFICIENT_EVIDENCE,1.0,True,RECOLOR,INSUFFICIENT-REVIEW
#3032,APPROVED,closed-approved-monochrome,1,2,"48,27,50,28",2,True,1.0,True,2,1.0,0,0.0,0,False,0,0,0,0.0,0.0,False,INSUFFICIENT_INTERIOR_EVIDENCE,TOPOLOGY_INSUFFICIENT_EVIDENCE,0.0,False,NO-OP,INSUFFICIENT-REVIEW
#3032,APPROVED,closed-approved-monochrome,2,2,"89,27,91,28",2,True,1.0,True,2,1.0,0,0.0,0,False,0,0,0,0.0,0.0,False,INSUFFICIENT_INTERIOR_EVIDENCE,TOPOLOGY_INSUFFICIENT_EVIDENCE,0.0,False,NO-OP,INSUFFICIENT-REVIEW
#3032,APPROVED,closed-approved-monochrome,3,2347,"44,29,98,104",2002,False,1.0,True,107,0.05344655344655345,1698,0.8481518481518482,197,True,1629,0,1625,0.0,0.9975445058317987,True,not-two-tone,FROZEN_TRUE__TOPOLOGY_FALSE,0.954045954045954,True,PROTECTED-REVIEW,RECOLOR-CANDIDATE-ONLY
#3032,APPROVED,closed-approved-monochrome,4,725,"8,60,41,92",612,False,0.0,False,612,1.0,0,0.0,0,False,504,504,0,1.0,0.0,True,not-two-tone,NOT_APPLICABLE_CHROMATIC_COMPONENT,0.004901960784313725,False,PROTECTED-NO-OP,PROTECTED-NO-OP
#3032,APPROVED,closed-approved-monochrome,5,187,"104,70,120,87",133,False,1.0,True,26,0.19548872180451127,66,0.49624060150375937,41,True,59,0,56,0.0,0.9491525423728814,True,not-two-tone,FROZEN_TRUE__TOPOLOGY_FALSE,0.8270676691729323,True,PROTECTED-REVIEW,RECOLOR-CANDIDATE-ONLY
#3032,APPROVED,closed-approved-monochrome,6,4,"122,70,126,71",4,True,1.0,True,1,0.25,1,0.25,2,True,0,0,0,0.0,0.0,False,INSUFFICIENT_INTERIOR_EVIDENCE,TOPOLOGY_INSUFFICIENT_EVIDENCE,0.75,True,PROTECTED-REVIEW,INSUFFICIENT-REVIEW
#3032,APPROVED,closed-approved-monochrome,7,3,"130,70,133,71",3,True,1.0,True,0,0.0,3,1.0,0,False,0,0,0,0.0,0.0,False,INSUFFICIENT_INTERIOR_EVIDENCE,TOPOLOGY_INSUFFICIENT_EVIDENCE,1.0,True,RECOLOR,INSUFFICIENT-REVIEW
#3032,APPROVED,closed-approved-monochrome,8,3,"135,70,138,71",3,True,1.0,True,0,0.0,2,0.6666666666666666,1,False,0,0,0,0.0,0.0,False,INSUFFICIENT_INTERIOR_EVIDENCE,TOPOLOGY_INSUFFICIENT_EVIDENCE,1.0,True,RECOLOR,INSUFFICIENT-REVIEW
#3032,APPROVED,closed-approved-monochrome,9,4,"144,70,148,71",4,True,1.0,True,1,0.25,2,0.5,1,True,0,0,0,0.0,0.0,False,INSUFFICIENT_INTERIOR_EVIDENCE,TOPOLOGY_INSUFFICIENT_EVIDENCE,1.0,True,PROTECTED-REVIEW,INSUFFICIENT-REVIEW
#3032,APPROVED,closed-approved-monochrome,10,433,"121,70,160,87",317,False,1.0,True,59,0.1861198738170347,152,0.4794952681388013,106,True,120,0,115,0.0,0.9583333333333334,True,not-two-tone,FROZEN_TRUE__TOPOLOGY_FALSE,0.8738170347003155,True,PROTECTED-REVIEW,RECOLOR-CANDIDATE-ONLY
#3032,APPROVED,closed-approved-monochrome,11,7,"161,70,168,71",7,True,1.0,True,3,0.42857142857142855,2,0.2857142857142857,2,True,0,0,0,0.0,0.0,False,INSUFFICIENT_INTERIOR_EVIDENCE,TOPOLOGY_INSUFFICIENT_EVIDENCE,0.7142857142857143,True,PROTECTED-REVIEW,INSUFFICIENT-REVIEW
#3032,APPROVED,closed-approved-monochrome,12,671,"161,70,212,93",482,False,1.0,True,83,0.17219917012448133,217,0.45020746887966806,182,True,194,0,175,0.0,0.9020618556701031,True,not-two-tone,FROZEN_TRUE__TOPOLOGY_FALSE,0.8734439834024896,True,PROTECTED-REVIEW,RECOLOR-CANDIDATE-ONLY
#3032,APPROVED,closed-approved-monochrome,13,2,"8,76,9,78",2,True,1.0,True,2,1.0,0,0.0,0,False,0,0,0,0.0,0.0,False,INSUFFICIENT_INTERIOR_EVIDENCE,TOPOLOGY_INSUFFICIENT_EVIDENCE,0.0,False,NO-OP,INSUFFICIENT-REVIEW
#3032,APPROVED,closed-approved-monochrome,14,2,"54,80,56,81",2,True,1.0,True,2,1.0,0,0.0,0,False,0,0,0,0.0,0.0,False,INSUFFICIENT_INTERIOR_EVIDENCE,TOPOLOGY_INSUFFICIENT_EVIDENCE,0.0,False,NO-OP,INSUFFICIENT-REVIEW
#3032,APPROVED,closed-approved-monochrome,15,2,"114,86,116,87",2,True,1.0,True,2,1.0,0,0.0,0,False,0,0,0,0.0,0.0,False,INSUFFICIENT_INTERIOR_EVIDENCE,TOPOLOGY_INSUFFICIENT_EVIDENCE,0.0,False,NO-OP,INSUFFICIENT-REVIEW
#3032,APPROVED,closed-approved-monochrome,16,2,"153,86,155,87",2,True,1.0,True,2,1.0,0,0.0,0,False,0,0,0,0.0,0.0,False,INSUFFICIENT_INTERIOR_EVIDENCE,TOPOLOGY_INSUFFICIENT_EVIDENCE,0.0,False,NO-OP,INSUFFICIENT-REVIEW
#3032,APPROVED,closed-approved-monochrome,17,1,"156,86,157,87",1,True,1.0,True,1,1.0,0,0.0,0,False,0,0,0,0.0,0.0,False,INSUFFICIENT_INTERIOR_EVIDENCE,TOPOLOGY_INSUFFICIENT_EVIDENCE,0.0,False,NO-OP,INSUFFICIENT-REVIEW
#3032,APPROVED,closed-approved-monochrome,18,2,"201,86,203,87",2,True,1.0,True,2,1.0,0,0.0,0,False,0,0,0,0.0,0.0,False,INSUFFICIENT_INTERIOR_EVIDENCE,TOPOLOGY_INSUFFICIENT_EVIDENCE,0.0,False,NO-OP,INSUFFICIENT-REVIEW
#3032,APPROVED,closed-approved-monochrome,19,1,"55,101,56,102",1,True,1.0,True,0,0.0,1,1.0,0,False,0,0,0,0.0,0.0,False,INSUFFICIENT_INTERIOR_EVIDENCE,TOPOLOGY_INSUFFICIENT_EVIDENCE,1.0,True,RECOLOR,INSUFFICIENT-REVIEW
#3032,APPROVED,closed-approved-monochrome,20,1,"57,102,58,103",1,True,1.0,True,1,1.0,0,0.0,0,False,0,0,0,0.0,0.0,False,INSUFFICIENT_INTERIOR_EVIDENCE,TOPOLOGY_INSUFFICIENT_EVIDENCE,0.0,False,NO-OP,INSUFFICIENT-REVIEW
#3032,APPROVED,closed-approved-monochrome,21,1,"61,103,62,104",1,True,1.0,True,1,1.0,0,0.0,0,False,0,0,0,0.0,0.0,False,INSUFFICIENT_INTERIOR_EVIDENCE,TOPOLOGY_INSUFFICIENT_EVIDENCE,0.0,False,NO-OP,INSUFFICIENT-REVIEW
#3032,APPROVED,closed-approved-monochrome,22,2,"75,103,77,104",2,True,1.0,True,2,1.0,0,0.0,0,False,0,0,0,0.0,0.0,False,INSUFFICIENT_INTERIOR_EVIDENCE,TOPOLOGY_INSUFFICIENT_EVIDENCE,0.0,False,NO-OP,INSUFFICIENT-REVIEW
#3072,APPROVED,closed-approved-monochrome,1,2,"117,8,118,10",2,True,1.0,True,2,1.0,0,0.0,0,False,0,0,0,0.0,0.0,False,INSUFFICIENT_INTERIOR_EVIDENCE,TOPOLOGY_INSUFFICIENT_EVIDENCE,0.0,False,NO-OP,INSUFFICIENT-REVIEW
#3072,APPROVED,closed-approved-monochrome,2,2862,"70,8,148,94",2458,False,1.0,True,104,0.04231082180634662,2034,0.8275020341741253,320,True,1934,0,1929,0.0,0.9974146845915202,True,not-two-tone,FROZEN_TRUE__TOPOLOGY_FALSE,0.9609438567941416,True,PROTECTED-REVIEW,RECOLOR-CANDIDATE-ONLY
#3072,APPROVED,closed-approved-monochrome,3,11,"103,31,114,32",11,True,1.0,True,1,0.09090909090909091,10,0.9090909090909091,0,True,0,0,0,0.0,0.0,False,INSUFFICIENT_INTERIOR_EVIDENCE,TOPOLOGY_INSUFFICIENT_EVIDENCE,0.9090909090909091,True,PROTECTED-REVIEW,INSUFFICIENT-REVIEW
#3072,APPROVED,closed-approved-monochrome,4,2,"115,41,116,43",2,True,1.0,True,1,0.5,1,0.5,0,True,0,0,0,0.0,0.0,False,INSUFFICIENT_INTERIOR_EVIDENCE,TOPOLOGY_INSUFFICIENT_EVIDENCE,0.5,True,PROTECTED-REVIEW,INSUFFICIENT-REVIEW
#3072,APPROVED,closed-approved-monochrome,5,2,"93,59,94,61",2,True,1.0,True,1,0.5,1,0.5,0,True,0,0,0,0.0,0.0,False,INSUFFICIENT_INTERIOR_EVIDENCE,TOPOLOGY_INSUFFICIENT_EVIDENCE,0.5,True,PROTECTED-REVIEW,INSUFFICIENT-REVIEW
#3072,APPROVED,closed-approved-monochrome,6,1,"70,61,71,62",1,True,1.0,True,0,0.0,1,1.0,0,False,0,0,0,0.0,0.0,False,INSUFFICIENT_INTERIOR_EVIDENCE,TOPOLOGY_INSUFFICIENT_EVIDENCE,1.0,True,RECOLOR,INSUFFICIENT-REVIEW
#3072,APPROVED,closed-approved-monochrome,7,306,"129,71,150,91",256,False,0.01171875,False,43,0.16796875,0,0.0,213,False,188,0,0,0.0,0.0,True,not-two-tone,NOT_APPLICABLE_CHROMATIC_COMPONENT,0.875,True,PROTECTED-REVIEW,PROTECTED-REVIEW
#3072,APPROVED,closed-approved-monochrome,8,2,"127,74,128,76",2,True,1.0,True,1,0.5,1,0.5,0,True,0,0,0,0.0,0.0,False,INSUFFICIENT_INTERIOR_EVIDENCE,TOPOLOGY_INSUFFICIENT_EVIDENCE,0.5,True,PROTECTED-REVIEW,INSUFFICIENT-REVIEW
#3072,APPROVED,closed-approved-monochrome,9,1,"103,79,104,80",1,True,1.0,True,1,1.0,0,0.0,0,False,0,0,0,0.0,0.0,False,INSUFFICIENT_INTERIOR_EVIDENCE,TOPOLOGY_INSUFFICIENT_EVIDENCE,0.0,False,NO-OP,INSUFFICIENT-REVIEW
#3072,APPROVED,closed-approved-monochrome,10,2,"125,80,126,82",2,True,1.0,True,1,0.5,1,0.5,0,True,0,0,0,0.0,0.0,False,INSUFFICIENT_INTERIOR_EVIDENCE,TOPOLOGY_INSUFFICIENT_EVIDENCE,1.0,True,PROTECTED-REVIEW,INSUFFICIENT-REVIEW
#3072,APPROVED,closed-approved-monochrome,11,23,"106,92,129,93",23,True,1.0,True,1,0.043478260869565216,3,0.13043478260869565,19,True,0,0,0,0.0,0.0,False,INSUFFICIENT_INTERIOR_EVIDENCE,TOPOLOGY_INSUFFICIENT_EVIDENCE,1.0,True,PROTECTED-REVIEW,INSUFFICIENT-REVIEW
#3072,APPROVED,closed-approved-monochrome,12,6,"138,92,144,93",6,True,0.6666666666666666,False,6,1.0,0,0.0,0,False,0,0,0,0.0,0.0,False,INSUFFICIENT_INTERIOR_EVIDENCE,NOT_APPLICABLE_CHROMATIC_COMPONENT,0.3333333333333333,True,PROTECTED-REVIEW,INSUFFICIENT-REVIEW
#3072,APPROVED,closed-approved-monochrome,13,1023,"70,101,150,124",667,False,1.0,True,152,0.22788605697151423,279,0.41829085457271364,236,True,241,0,222,0.0,0.921161825726141,True,not-two-tone,FROZEN_TRUE__TOPOLOGY_FALSE,0.8110944527736131,True,PROTECTED-REVIEW,RECOLOR-CANDIDATE-ONLY
#3072,APPROVED,closed-approved-monochrome,14,1,"100,105,101,106",1,True,1.0,True,0,0.0,1,1.0,0,False,0,0,0,0.0,0.0,False,INSUFFICIENT_INTERIOR_EVIDENCE,TOPOLOGY_INSUFFICIENT_EVIDENCE,1.0,True,RECOLOR,INSUFFICIENT-REVIEW
#3072,APPROVED,closed-approved-monochrome,15,3,"95,120,97,122",3,True,1.0,True,2,0.6666666666666666,1,0.3333333333333333,0,True,0,0,0,0.0,0.0,False,INSUFFICIENT_INTERIOR_EVIDENCE,TOPOLOGY_INSUFFICIENT_EVIDENCE,0.0,False,PROTECTED-NO-OP,INSUFFICIENT-REVIEW
#3072,APPROVED,closed-approved-monochrome,16,13,"103,121,116,122",13,True,1.0,True,13,1.0,0,0.0,0,False,0,0,0,0.0,0.0,False,INSUFFICIENT_INTERIOR_EVIDENCE,TOPOLOGY_INSUFFICIENT_EVIDENCE,0.0,False,NO-OP,INSUFFICIENT-REVIEW
#3072,APPROVED,closed-approved-monochrome,17,20,"117,121,137,122",20,True,1.0,True,20,1.0,0,0.0,0,False,0,0,0,0.0,0.0,False,INSUFFICIENT_INTERIOR_EVIDENCE,TOPOLOGY_INSUFFICIENT_EVIDENCE,0.0,False,NO-OP,INSUFFICIENT-REVIEW
#3096,APPROVED,closed-approved-monochrome,1,2182,"8,47,108,85",1728,False,0.7604166666666666,False,414,0.23958333333333334,1314,0.7604166666666666,0,True,1050,229,821,0.2180952380952381,0.7819047619047619,True,two-tone,NOT_APPLICABLE_CHROMATIC_COMPONENT,0.7604166666666666,True,PROTECTED-REVIEW,PROTECTED-REVIEW
#3096,APPROVED,closed-approved-monochrome,2,1,"63,47,64,48",1,True,1.0,True,0,0.0,1,1.0,0,False,0,0,0,0.0,0.0,False,INSUFFICIENT_INTERIOR_EVIDENCE,TOPOLOGY_INSUFFICIENT_EVIDENCE,1.0,True,RECOLOR,INSUFFICIENT-REVIEW
#3096,APPROVED,closed-approved-monochrome,3,1,"77,47,78,48",1,True,1.0,True,0,0.0,1,1.0,0,False,0,0,0,0.0,0.0,False,INSUFFICIENT_INTERIOR_EVIDENCE,TOPOLOGY_INSUFFICIENT_EVIDENCE,1.0,True,RECOLOR,INSUFFICIENT-REVIEW
#3096,APPROVED,closed-approved-monochrome,4,701,"109,47,129,85",608,False,1.0,True,0,0.0,608,1.0,0,False,416,0,416,0.0,1.0,True,not-two-tone,BOTH_FALSE,1.0,True,RECOLOR,RECOLOR-CANDIDATE-ONLY
#3096,APPROVED,closed-approved-monochrome,5,594,"130,47,152,85",440,False,1.0,True,0,0.0,440,1.0,0,False,281,0,281,0.0,1.0,True,not-two-tone,BOTH_FALSE,1.0,True,RECOLOR,RECOLOR-CANDIDATE-ONLY
#3096,APPROVED,closed-approved-monochrome,6,1358,"153,47,212,85",1087,False,1.0,True,0,0.0,1087,1.0,0,False,671,0,671,0.0,1.0,True,not-two-tone,BOTH_FALSE,0.9990800367985281,True,RECOLOR,RECOLOR-CANDIDATE-ONLY
#3096,APPROVED,closed-approved-monochrome,7,24,"9,49,22,51",24,True,0.0,False,24,1.0,0,0.0,0,False,0,0,0,0.0,0.0,False,INSUFFICIENT_INTERIOR_EVIDENCE,NOT_APPLICABLE_CHROMATIC_COMPONENT,0.0,False,PROTECTED-NO-OP,INSUFFICIENT-REVIEW
#3096,APPROVED,closed-approved-monochrome,8,7,"23,49,27,51",7,True,0.14285714285714285,False,7,1.0,0,0.0,0,False,0,0,0,0.0,0.0,False,INSUFFICIENT_INTERIOR_EVIDENCE,NOT_APPLICABLE_CHROMATIC_COMPONENT,0.0,False,PROTECTED-NO-OP,INSUFFICIENT-REVIEW
#3096,APPROVED,closed-approved-monochrome,9,7,"33,49,37,51",7,True,0.0,False,7,1.0,0,0.0,0,False,0,0,0,0.0,0.0,False,INSUFFICIENT_INTERIOR_EVIDENCE,NOT_APPLICABLE_CHROMATIC_COMPONENT,0.0,False,PROTECTED-NO-OP,INSUFFICIENT-REVIEW
#3096,APPROVED,closed-approved-monochrome,10,1,"52,51,53,52",1,True,1.0,True,0,0.0,1,1.0,0,False,0,0,0,0.0,0.0,False,INSUFFICIENT_INTERIOR_EVIDENCE,TOPOLOGY_INSUFFICIENT_EVIDENCE,1.0,True,RECOLOR,INSUFFICIENT-REVIEW
#3096,APPROVED,closed-approved-monochrome,11,4,"66,57,68,61",4,True,1.0,True,0,0.0,4,1.0,0,False,0,0,0,0.0,0.0,False,INSUFFICIENT_INTERIOR_EVIDENCE,TOPOLOGY_INSUFFICIENT_EVIDENCE,1.0,True,RECOLOR,INSUFFICIENT-REVIEW
#3096,APPROVED,closed-approved-monochrome,12,1,"211,57,212,58",1,True,1.0,True,0,0.0,1,1.0,0,False,0,0,0,0.0,0.0,False,INSUFFICIENT_INTERIOR_EVIDENCE,TOPOLOGY_INSUFFICIENT_EVIDENCE,0.0,False,NO-OP,INSUFFICIENT-REVIEW
#3096,APPROVED,closed-approved-monochrome,13,21,"10,58,11,79",21,True,0.0,False,21,1.0,0,0.0,0,False,0,0,0,0.0,0.0,False,INSUFFICIENT_INTERIOR_EVIDENCE,NOT_APPLICABLE_CHROMATIC_COMPONENT,0.0,False,PROTECTED-NO-OP,INSUFFICIENT-REVIEW
#3096,APPROVED,closed-approved-monochrome,14,21,"20,58,21,79",21,True,0.0,False,21,1.0,0,0.0,0,False,0,0,0,0.0,0.0,False,INSUFFICIENT_INTERIOR_EVIDENCE,NOT_APPLICABLE_CHROMATIC_COMPONENT,0.0,False,PROTECTED-NO-OP,INSUFFICIENT-REVIEW
#3096,APPROVED,closed-approved-monochrome,15,1,"78,59,79,60",1,True,1.0,True,0,0.0,1,1.0,0,False,0,0,0,0.0,0.0,False,INSUFFICIENT_INTERIOR_EVIDENCE,TOPOLOGY_INSUFFICIENT_EVIDENCE,1.0,True,RECOLOR,INSUFFICIENT-REVIEW
#3096,APPROVED,closed-approved-monochrome,16,8,"169,62,170,70",8,True,1.0,True,0,0.0,8,1.0,0,False,0,0,0,0.0,0.0,False,INSUFFICIENT_INTERIOR_EVIDENCE,TOPOLOGY_INSUFFICIENT_EVIDENCE,1.0,True,RECOLOR,INSUFFICIENT-REVIEW
#3096,APPROVED,closed-approved-monochrome,17,1,"22,63,23,64",1,True,0.0,False,1,1.0,0,0.0,0,False,0,0,0,0.0,0.0,False,INSUFFICIENT_INTERIOR_EVIDENCE,NOT_APPLICABLE_CHROMATIC_COMPONENT,0.0,False,PROTECTED-NO-OP,INSUFFICIENT-REVIEW
#3096,APPROVED,closed-approved-monochrome,18,3,"23,66,24,69",3,True,0.0,False,3,1.0,0,0.0,0,False,0,0,0,0.0,0.0,False,INSUFFICIENT_INTERIOR_EVIDENCE,NOT_APPLICABLE_CHROMATIC_COMPONENT,0.0,False,PROTECTED-NO-OP,INSUFFICIENT-REVIEW
#3096,APPROVED,closed-approved-monochrome,19,1,"51,70,52,71",1,True,1.0,True,0,0.0,1,1.0,0,False,0,0,0,0.0,0.0,False,INSUFFICIENT_INTERIOR_EVIDENCE,TOPOLOGY_INSUFFICIENT_EVIDENCE,1.0,True,RECOLOR,INSUFFICIENT-REVIEW
#3096,APPROVED,closed-approved-monochrome,20,8,"24,71,26,79",8,True,0.0,False,8,1.0,0,0.0,0,False,0,0,0,0.0,0.0,False,INSUFFICIENT_INTERIOR_EVIDENCE,NOT_APPLICABLE_CHROMATIC_COMPONENT,0.0,False,PROTECTED-NO-OP,INSUFFICIENT-REVIEW
#3096,APPROVED,closed-approved-monochrome,21,1,"182,72,183,73",1,True,1.0,True,0,0.0,1,1.0,0,False,0,0,0,0.0,0.0,False,INSUFFICIENT_INTERIOR_EVIDENCE,TOPOLOGY_INSUFFICIENT_EVIDENCE,1.0,True,RECOLOR,INSUFFICIENT-REVIEW
#3096,APPROVED,closed-approved-monochrome,22,1,"211,74,212,75",1,True,1.0,True,0,0.0,1,1.0,0,False,0,0,0,0.0,0.0,False,INSUFFICIENT_INTERIOR_EVIDENCE,TOPOLOGY_INSUFFICIENT_EVIDENCE,0.0,False,NO-OP,INSUFFICIENT-REVIEW
#3096,APPROVED,closed-approved-monochrome,23,5,"13,81,18,82",5,True,0.0,False,4,0.8,0,0.0,1,False,0,0,0,0.0,0.0,False,INSUFFICIENT_INTERIOR_EVIDENCE,NOT_APPLICABLE_CHROMATIC_COMPONENT,0.0,False,PROTECTED-NO-OP,INSUFFICIENT-REVIEW
#3096,APPROVED,closed-approved-monochrome,24,2,"138,82,139,84",2,True,1.0,True,0,0.0,2,1.0,0,False,0,0,0,0.0,0.0,False,INSUFFICIENT_INTERIOR_EVIDENCE,TOPOLOGY_INSUFFICIENT_EVIDENCE,1.0,True,RECOLOR,INSUFFICIENT-REVIEW
#3096,APPROVED,closed-approved-monochrome,25,1,"97,84,98,85",1,True,1.0,True,0,0.0,1,1.0,0,False,0,0,0,0.0,0.0,False,INSUFFICIENT_INTERIOR_EVIDENCE,TOPOLOGY_INSUFFICIENT_EVIDENCE,1.0,True,RECOLOR,INSUFFICIENT-REVIEW
#3096,APPROVED,closed-approved-monochrome,26,1,"181,84,182,85",1,True,1.0,True,0,0.0,1,1.0,0,False,0,0,0,0.0,0.0,False,INSUFFICIENT_INTERIOR_EVIDENCE,TOPOLOGY_INSUFFICIENT_EVIDENCE,1.0,True,RECOLOR,INSUFFICIENT-REVIEW
Digi Slovakia,PASS,historical-pass-zero,1,7757,"43,18,177,114",7501,False,0.0,False,7501,1.0,0,0.0,0,False,6633,6633,0,1.0,0.0,True,not-two-tone,NOT_APPLICABLE_CHROMATIC_COMPONENT,0.024930009332089054,False,PROTECTED-NO-OP,PROTECTED-NO-OP
PASS-ProTV,PASS,historical-pass-zero,1,2014,"8,52,119,79",1492,False,0.00938337801608579,False,1492,1.0,0,0.0,0,False,912,912,0,1.0,0.0,True,not-two-tone,NOT_APPLICABLE_CHROMATIC_COMPONENT,0.0,False,PROTECTED-NO-OP,PROTECTED-NO-OP
PASS-ProTV,PASS,historical-pass-zero,2,434,"121,52,142,79",297,False,0.04713804713804714,False,297,1.0,0,0.0,0,False,165,165,0,1.0,0.0,True,not-two-tone,NOT_APPLICABLE_CHROMATIC_COMPONENT,0.0,False,PROTECTED-NO-OP,PROTECTED-NO-OP
PASS-ProTV,PASS,historical-pass-zero,3,406,"143,52,163,79",253,False,0.0,False,253,1.0,0,0.0,0,False,135,135,0,1.0,0.0,True,not-two-tone,NOT_APPLICABLE_CHROMATIC_COMPONENT,0.0,False,PROTECTED-NO-OP,PROTECTED-NO-OP
PASS-ProTV,PASS,historical-pass-zero,4,510,"164,52,188,79",382,False,0.028795811518324606,False,382,1.0,0,0.0,0,False,216,216,0,1.0,0.0,True,not-two-tone,NOT_APPLICABLE_CHROMATIC_COMPONENT,0.0,False,PROTECTED-NO-OP,PROTECTED-NO-OP
PASS-ProTV,PASS,historical-pass-zero,5,4,"198,52,202,53",4,True,1.0,True,4,1.0,0,0.0,0,False,0,0,0,0.0,0.0,False,INSUFFICIENT_INTERIOR_EVIDENCE,TOPOLOGY_INSUFFICIENT_EVIDENCE,0.0,False,NO-OP,INSUFFICIENT-REVIEW
PASS-ProTV,PASS,historical-pass-zero,6,354,"189,54,212,79",251,False,0.0199203187250996,False,251,1.0,0,0.0,0,False,125,125,0,1.0,0.0,True,not-two-tone,NOT_APPLICABLE_CHROMATIC_COMPONENT,0.00398406374501992,False,PROTECTED-NO-OP,PROTECTED-NO-OP
PASS-ProTV,PASS,historical-pass-zero,7,1,"208,64,209,65",1,True,1.0,True,1,1.0,0,0.0,0,False,0,0,0,0.0,0.0,False,INSUFFICIENT_INTERIOR_EVIDENCE,TOPOLOGY_INSUFFICIENT_EVIDENCE,0.0,False,NO-OP,INSUFFICIENT-REVIEW
PASS-ProTV,PASS,historical-pass-zero,8,1,"210,69,211,70",1,True,1.0,True,1,1.0,0,0.0,0,False,0,0,0,0.0,0.0,False,INSUFFICIENT_INTERIOR_EVIDENCE,TOPOLOGY_INSUFFICIENT_EVIDENCE,0.0,False,NO-OP,INSUFFICIENT-REVIEW
