case,control_class,fixture_type,source_path,source_sha256,selection_basis,prior_disposition
P-AB1,P,safe-monochrome-wordmark,picons/13.0e/ab-sat/transparent/1_0_1_5AC_170C_13F_820000_0_0_0.png,dfb1c2a18121cb3ec226168538baded0ffc775daaa02724071e9960a75da5818,prior deterministic Class P rank 23 from V17/V25 control selection; selected_first_distinct_visual_wordmark_with_complete_frozen_group_guard,recoloured 4 safely isolated achromatic component(s)
P-MEGA,P,safe-monochrome-wordmark,picons/19.2e/ses/transparent/1_0_1F_2BC5_40C_1_C00000_0_0_0.png,182767bbdb35417df81f5da68cb3153f15088a2a6410a4da6be896b7bfb13b0c,prior deterministic Class P rank 35 from V17/V25 control selection; selected_first_distinct_visual_wordmark_with_complete_frozen_group_guard,recoloured 1 safely isolated achromatic component(s)
P-CNBC,P,safe-monochrome-wordmark,picons/0.8w/freesat/transparent/1_0_1_7AAE_2CC_600_E080000_0_0_0.png,c6ebf546fde312097cd50b88672a42392be7f9bf7357492b91b909a637dae4fe,prior deterministic Class P rank 39 from V17/V25 control selection; selected_first_distinct_visual_wordmark_with_complete_frozen_group_guard,recoloured 15 safely isolated achromatic component(s)
P-MTA3,P,safe-monochrome-wordmark,picons/13.0e/telespazio/transparent/1_0_1_315_1B58_13E_820000_0_0_0.png,a7cf95b8f5a20bb8a814aff29ac40300f4c6a9decc72781cd931ba7e09675e05,prior deterministic Class P rank 72 from V17/V25 control selection; selected_first_distinct_visual_wordmark_with_complete_frozen_group_guard,recoloured 2 safely isolated achromatic component(s)
P-NTV,P,safe-monochrome-wordmark,picons/13.0e/vivacom/transparent/1_0_16_13B2_2710_D5_820000_0_0_0.png,ea44900d5c1470ccd37912dadfbcbdedb5c3d24306722fc4385822e952395d0b,prior deterministic Class P rank 139 from V17/V25 control selection; selected_first_distinct_visual_wordmark_with_complete_frozen_group_guard,recoloured 4 safely isolated achromatic component(s)
T-NEOSAT,T,genuine-two-tone-positive,picons/1.9e/neosat/transparent/1_0_1_156_8_3_130000_0_0_0.png,1523971ed39d47a0a855e03ae49afdad22d30114ee3ac8b1bb7a5fe6dc0b326e,V23 positive-control selection: frozen true on WHITE and BLACK; interior dark/light; protected-contact-free,genuine two-tone; retain protected
T-DEMIR,T,genuine-two-tone-positive,picons/42.0e/demiroren-medya/transparent/1_0_19_77C_9_42_1A40000_0_0_0.png,d7cf7fc812e195e1fa39282a05aad8ad78e19f0011386ac0dbdec2a28ea3aa38,V23 positive-control selection: frozen true on WHITE and BLACK; interior dark/light; protected-contact-free,genuine two-tone; retain protected
#14700,QUERY,manually-approved-topology-repair,picons/80.0e/orion-express/transparent/1_0_1_32D_CE_1_3200000_0_0_0.png,9fa6f6a84bb9e1a98802e638f94d0f693757697648d1167d1b9f3f31fb7724c3,"V24 manually approved WHITE; query only, not used for selection","approved specific WHITE, not global rule"
#14593,N,incomplete-group-review,picons/80.0e/orion-express/transparent/1_0_1_2C1_CD_1_3200000_0_0_0.png,209f5c2f8982690d35a068536ccedb82d50d801b93a6c59c8551defee3d96974,required historical incomplete-group control,REVIEW; 14 blocked links
#14597,N,cautious-brand-review,picons/80.0e/orion-express/transparent/1_0_1_2C3_CD_1_3200000_0_0_0.png,053eeaf35c4c573014813df3ba0fd119710eb2847a82e2e5b3f53ce0d282453f,required cautious gold/brand probe,cautious REVIEW
#14607,N,protected-chroma-review,picons/80.0e/orion-express/transparent/1_0_1_2C8_CD_1_3200000_0_0_0.png,edec07adb8a121d7c856271543549717aff4d253f0302fd2d83a909481b2d24c,required frozen mixed-logo negative control,REVIEW
#14611,N,duplicate-protected-chroma-review,picons/80.0e/orion-express/transparent/1_0_1_2CA_CD_1_3200000_0_0_0.png,edec07adb8a121d7c856271543549717aff4d253f0302fd2d83a909481b2d24c,required byte-identical source duplicate regression,duplicate of #14607; REVIEW
#11359,N,mixed-chromatic-stress,picons/42.0e/turksat/transparent/1_0_1_C740_EC55_42E_1A40000_0_0_0.png,7667148d4451feb516bb3aded4ad717fb887561907b6fd32eced8dcfd5afb2f6,V9 mixed/chromatic V10 stress fixture,prior REVIEW; unchanged
#14406,N,mixed-chromatic-stress,picons/80.0e/harmonic/transparent/1_0_1_21_14_1113_3200000_0_0_0.png,0caa0d2d4cdd474fcb4c1a2dd803ebd0a71e63612d104f01ddb738c0e7acae27,V9 mixed/chromatic V10 stress fixture,prior REVIEW; unchanged
#10954,N,protected-boundary-stress,picons/42.0e/demiroren-medya/transparent/1_0_2_2C57_3_42_1A40000_0_0_0.png,1d8fcd1d99617b36556f4ee311f161199d1dc4fe18e2186585f14e8c943c8eb8,prior protected-boundary blocker; no accepted edit,prior REVIEW; unchanged
#5136,N,rectangular-brand-stress,picons/19.2e/ard-ndr/transparent/1_0_A_28D6_40F_1_C00000_0_0_0.png,1916a46febdc0d19776e5541282ddbfcb3f178225653a98def2f3844612a71fb,prior ARD/NDR badge/rectangular-brand protected-boundary stress,prior REVIEW; unchanged
#3021,APPROVED,closed-approved-monochrome,picons/19.2e/csat/transparent/1_0_19_2719_44C_1_C00000_0_0_0.png,19390f5f727f374b4e8a1aa15cd41247d789c498e59f8f23604391cb2156a669,"existing authoritative manual approval ledger; source-only rule regression, approval not reevaluated",MANUALLY APPROVED/CLOSED; no visual re-review
#3032,APPROVED,closed-approved-monochrome,picons/19.2e/csat/transparent/1_0_1_24C9_43C_1_C00000_0_0_0.png,a345bddce4062016ea56cad350175d6515885fa0b85ecca38247c8890564a965,"existing authoritative manual approval ledger; source-only rule regression, approval not reevaluated",MANUALLY APPROVED/CLOSED; no visual re-review
#3072,APPROVED,closed-approved-monochrome,picons/19.2e/digital/transparent/1_0_1_788B_414_1_C00000_0_0_0.png,c6e353de17a899c1ce21dc891002c3c24af73ba7562042d0119fd6b28a6ab574,"existing authoritative manual approval ledger; source-only rule regression, approval not reevaluated",MANUALLY APPROVED/CLOSED; no visual re-review
#3096,APPROVED,closed-approved-monochrome,picons/19.2e/easytools/transparent/1_0_1_1645_42C_1_C00000_0_0_0.png,2f38ad049a7347f68206e0dc9a5bb924f3673a626b15c1846a2e21e1bf46aad4,"existing authoritative manual approval ledger; source-only rule regression, approval not reevaluated",MANUALLY APPROVED/CLOSED; no visual re-review
Digi Slovakia,PASS,historical-pass-zero,picons/0.8w/digislovakia/transparent/1_0_16_3F6_AF1_BB_E080000_0_0_0.png,9511e45fbb54d433bac178437d0f4abb11248b68f675fa449f9c058ba2a3224b,required PASS 0px control; exact user-specified source,PASS; 0 changes expected
PASS-ProTV,PASS,historical-pass-zero,picons/39.0e/protv/transparent/1_0_1_1DB4_145C_5_1860000_0_0_0.png,c8f997ed7f487e6b2e0f403819107bd403194be6cc032dfac029cbb57a1d3374,"deterministic first distinct PASS, zero WHITE changes, selected in earlier local Phase3 audit by V26-pass-zero hash order",PASS; 0 changes expected
