fixture,style,component_id,component_pixels,solid_pixels,achromatic_fraction,dark_fraction,light_fraction,two_tone,weak_contrast_fraction,component_branch,generator_status,changed_pixels,protected_pixels,historical_output_pixel_identical,reason
14700,WHITE,whole-image replay,,,,,,,,,REVIEW,69,3187,True,two-tone achromatic component 4 has 80.7% materially low-contrast pixels on WHITE; two-tone achromatic component 12 has 73.4% materially low-contrast pixels on WHITE; two-tone achromatic component 13 has 88.7% materially low-contrast pixels on WHITE
14700,BLACK,whole-image replay,,,,,,,,,REVIEW,54,3187,True,chromatic component 1 has 77.5% materially low-contrast pixels on BLACK
14607,WHITE,whole-image replay,,,,,,,,,REVIEW,0,3904,True,chromatic component 1 has 32.5% materially low-contrast pixels on WHITE; chromatic component 5 has 18.2% materially low-contrast pixels on WHITE; two-tone achromatic component 15 has 33.3% materially low-contrast pixels on WHITE; chromatic component 16 has 20.0% materially low-contrast pixels on WHITE; two-tone achromatic component 20 has 25.0% materially low-contrast pixels on WHITE; chromatic component 21 has 25.0% materially low-contrast pixels on WHITE
14607,BLACK,whole-image replay,,,,,,,,,REVIEW,64,3904,True,chromatic component 1 has 55.3% materially low-contrast pixels on BLACK; chromatic component 5 has 36.5% materially low-contrast pixels on BLACK; chromatic component 9 has 50.0% materially low-contrast pixels on BLACK; two-tone achromatic component 15 has 50.0% materially low-contrast pixels on BLACK; chromatic component 16 has 80.0% materially low-contrast pixels on BLACK; two-tone achromatic component 20 has 50.0% materially low-contrast pixels on BLACK; chromatic component 21 has 50.0% materially low-contrast pixels on BLACK; chromatic component 24 has 75.0% materially low-contrast pixels on BLACK
14607,WHITE,1,1190,985,0.009137055837563452,0.6142131979695431,0.007106598984771574,False,0.3248730964467005,PROTECTED,,,,,"chromatic; dark fraction=0.61421320, light fraction=0.00710660; weak fraction=0.32487310; REVIEW reason emitted"
14607,WHITE,2,9,9,1.0,1.0,0.0,False,0.0,NO-OP,,,,,achromatic; no genuine dark+light; material low contrast fraction 0.00000000 < 0.08
14607,WHITE,3,5,5,1.0,1.0,0.0,False,0.0,NO-OP,,,,,achromatic; no genuine dark+light; material low contrast fraction 0.00000000 < 0.08
14607,WHITE,4,3,3,1.0,1.0,0.0,False,0.0,NO-OP,,,,,achromatic; no genuine dark+light; material low contrast fraction 0.00000000 < 0.08
14607,WHITE,5,2689,1705,0.05043988269794721,0.8897360703812317,0.025219941348973606,False,0.18181818181818182,PROTECTED,,,,,"chromatic; dark fraction=0.88973607, light fraction=0.02521994; weak fraction=0.18181818; REVIEW reason emitted"
14607,WHITE,6,1,1,1.0,1.0,0.0,False,0.0,NO-OP,,,,,achromatic; no genuine dark+light; material low contrast fraction 0.00000000 < 0.08
14607,WHITE,7,1,1,1.0,1.0,0.0,False,0.0,NO-OP,,,,,achromatic; no genuine dark+light; material low contrast fraction 0.00000000 < 0.08
14607,WHITE,8,5,5,1.0,1.0,0.0,False,0.0,NO-OP,,,,,achromatic; no genuine dark+light; material low contrast fraction 0.00000000 < 0.08
14607,WHITE,9,2,2,0.0,1.0,0.0,False,0.0,NO-OP-PROTECTED,,,,,"chromatic; dark fraction=1.00000000, light fraction=0.00000000; weak fraction=0.00000000; no REVIEW reason emitted"
14607,WHITE,10,2,2,1.0,1.0,0.0,False,0.0,NO-OP,,,,,achromatic; no genuine dark+light; material low contrast fraction 0.00000000 < 0.08
14607,WHITE,11,3,3,1.0,1.0,0.0,False,0.0,NO-OP,,,,,achromatic; no genuine dark+light; material low contrast fraction 0.00000000 < 0.08
14607,WHITE,12,3,3,1.0,1.0,0.0,False,0.0,NO-OP,,,,,achromatic; no genuine dark+light; material low contrast fraction 0.00000000 < 0.08
14607,WHITE,13,3,3,1.0,1.0,0.0,False,0.0,NO-OP,,,,,achromatic; no genuine dark+light; material low contrast fraction 0.00000000 < 0.08
14607,WHITE,14,12,12,1.0,1.0,0.0,False,0.0,NO-OP,,,,,achromatic; no genuine dark+light; material low contrast fraction 0.00000000 < 0.08
14607,WHITE,15,6,6,0.0,0.6666666666666666,0.3333333333333333,True,0.3333333333333333,PROTECTED,,,,,"chromatic; dark fraction=0.66666667, light fraction=0.33333333; weak fraction=0.33333333; REVIEW reason emitted"
14607,WHITE,16,5,5,0.6,0.8,0.0,False,0.2,PROTECTED,,,,,"chromatic; dark fraction=0.80000000, light fraction=0.00000000; weak fraction=0.20000000; REVIEW reason emitted"
14607,WHITE,17,2,2,1.0,1.0,0.0,False,0.0,NO-OP,,,,,achromatic; no genuine dark+light; material low contrast fraction 0.00000000 < 0.08
14607,WHITE,18,3,3,1.0,1.0,0.0,False,0.0,NO-OP,,,,,achromatic; no genuine dark+light; material low contrast fraction 0.00000000 < 0.08
14607,WHITE,19,1,1,1.0,1.0,0.0,False,0.0,NO-OP,,,,,achromatic; no genuine dark+light; material low contrast fraction 0.00000000 < 0.08
14607,WHITE,20,4,4,0.25,0.75,0.25,True,0.25,PROTECTED,,,,,"chromatic; dark fraction=0.75000000, light fraction=0.25000000; weak fraction=0.25000000; REVIEW reason emitted"
14607,WHITE,21,4,4,0.5,1.0,0.0,False,0.25,PROTECTED,,,,,"chromatic; dark fraction=1.00000000, light fraction=0.00000000; weak fraction=0.25000000; REVIEW reason emitted"
14607,WHITE,22,1,1,1.0,1.0,0.0,False,0.0,NO-OP,,,,,achromatic; no genuine dark+light; material low contrast fraction 0.00000000 < 0.08
14607,WHITE,23,1,1,1.0,1.0,0.0,False,0.0,NO-OP,,,,,achromatic; no genuine dark+light; material low contrast fraction 0.00000000 < 0.08
14607,WHITE,24,4,4,0.5,1.0,0.0,False,0.0,NO-OP-PROTECTED,,,,,"chromatic; dark fraction=1.00000000, light fraction=0.00000000; weak fraction=0.00000000; no REVIEW reason emitted"
14607,WHITE,25,1,1,1.0,1.0,0.0,False,0.0,NO-OP,,,,,achromatic; no genuine dark+light; material low contrast fraction 0.00000000 < 0.08
14607,WHITE,26,2,2,1.0,1.0,0.0,False,0.0,NO-OP,,,,,achromatic; no genuine dark+light; material low contrast fraction 0.00000000 < 0.08
14607,WHITE,27,5,5,1.0,1.0,0.0,False,0.0,NO-OP,,,,,achromatic; no genuine dark+light; material low contrast fraction 0.00000000 < 0.08
14607,WHITE,28,1,1,1.0,1.0,0.0,False,0.0,NO-OP,,,,,achromatic; no genuine dark+light; material low contrast fraction 0.00000000 < 0.08
14611 duplicate regression,WHITE,whole-image replay,,,,,,,,,REVIEW,0,3904,True,chromatic component 1 has 32.5% materially low-contrast pixels on WHITE; chromatic component 5 has 18.2% materially low-contrast pixels on WHITE; two-tone achromatic component 15 has 33.3% materially low-contrast pixels on WHITE; chromatic component 16 has 20.0% materially low-contrast pixels on WHITE; two-tone achromatic component 20 has 25.0% materially low-contrast pixels on WHITE; chromatic component 21 has 25.0% materially low-contrast pixels on WHITE
14611 duplicate regression,BLACK,whole-image replay,,,,,,,,,REVIEW,64,3904,True,chromatic component 1 has 55.3% materially low-contrast pixels on BLACK; chromatic component 5 has 36.5% materially low-contrast pixels on BLACK; chromatic component 9 has 50.0% materially low-contrast pixels on BLACK; two-tone achromatic component 15 has 50.0% materially low-contrast pixels on BLACK; chromatic component 16 has 80.0% materially low-contrast pixels on BLACK; two-tone achromatic component 20 has 50.0% materially low-contrast pixels on BLACK; chromatic component 21 has 50.0% materially low-contrast pixels on BLACK; chromatic component 24 has 75.0% materially low-contrast pixels on BLACK
14611 duplicate regression,WHITE,1,1190,985,0.009137055837563452,0.6142131979695431,0.007106598984771574,False,0.3248730964467005,PROTECTED,,,,,"chromatic; dark fraction=0.61421320, light fraction=0.00710660; weak fraction=0.32487310; REVIEW reason emitted"
14611 duplicate regression,WHITE,2,9,9,1.0,1.0,0.0,False,0.0,NO-OP,,,,,achromatic; no genuine dark+light; material low contrast fraction 0.00000000 < 0.08
14611 duplicate regression,WHITE,3,5,5,1.0,1.0,0.0,False,0.0,NO-OP,,,,,achromatic; no genuine dark+light; material low contrast fraction 0.00000000 < 0.08
14611 duplicate regression,WHITE,4,3,3,1.0,1.0,0.0,False,0.0,NO-OP,,,,,achromatic; no genuine dark+light; material low contrast fraction 0.00000000 < 0.08
14611 duplicate regression,WHITE,5,2689,1705,0.05043988269794721,0.8897360703812317,0.025219941348973606,False,0.18181818181818182,PROTECTED,,,,,"chromatic; dark fraction=0.88973607, light fraction=0.02521994; weak fraction=0.18181818; REVIEW reason emitted"
14611 duplicate regression,WHITE,6,1,1,1.0,1.0,0.0,False,0.0,NO-OP,,,,,achromatic; no genuine dark+light; material low contrast fraction 0.00000000 < 0.08
14611 duplicate regression,WHITE,7,1,1,1.0,1.0,0.0,False,0.0,NO-OP,,,,,achromatic; no genuine dark+light; material low contrast fraction 0.00000000 < 0.08
14611 duplicate regression,WHITE,8,5,5,1.0,1.0,0.0,False,0.0,NO-OP,,,,,achromatic; no genuine dark+light; material low contrast fraction 0.00000000 < 0.08
14611 duplicate regression,WHITE,9,2,2,0.0,1.0,0.0,False,0.0,NO-OP-PROTECTED,,,,,"chromatic; dark fraction=1.00000000, light fraction=0.00000000; weak fraction=0.00000000; no REVIEW reason emitted"
14611 duplicate regression,WHITE,10,2,2,1.0,1.0,0.0,False,0.0,NO-OP,,,,,achromatic; no genuine dark+light; material low contrast fraction 0.00000000 < 0.08
14611 duplicate regression,WHITE,11,3,3,1.0,1.0,0.0,False,0.0,NO-OP,,,,,achromatic; no genuine dark+light; material low contrast fraction 0.00000000 < 0.08
14611 duplicate regression,WHITE,12,3,3,1.0,1.0,0.0,False,0.0,NO-OP,,,,,achromatic; no genuine dark+light; material low contrast fraction 0.00000000 < 0.08
14611 duplicate regression,WHITE,13,3,3,1.0,1.0,0.0,False,0.0,NO-OP,,,,,achromatic; no genuine dark+light; material low contrast fraction 0.00000000 < 0.08
14611 duplicate regression,WHITE,14,12,12,1.0,1.0,0.0,False,0.0,NO-OP,,,,,achromatic; no genuine dark+light; material low contrast fraction 0.00000000 < 0.08
14611 duplicate regression,WHITE,15,6,6,0.0,0.6666666666666666,0.3333333333333333,True,0.3333333333333333,PROTECTED,,,,,"chromatic; dark fraction=0.66666667, light fraction=0.33333333; weak fraction=0.33333333; REVIEW reason emitted"
14611 duplicate regression,WHITE,16,5,5,0.6,0.8,0.0,False,0.2,PROTECTED,,,,,"chromatic; dark fraction=0.80000000, light fraction=0.00000000; weak fraction=0.20000000; REVIEW reason emitted"
14611 duplicate regression,WHITE,17,2,2,1.0,1.0,0.0,False,0.0,NO-OP,,,,,achromatic; no genuine dark+light; material low contrast fraction 0.00000000 < 0.08
14611 duplicate regression,WHITE,18,3,3,1.0,1.0,0.0,False,0.0,NO-OP,,,,,achromatic; no genuine dark+light; material low contrast fraction 0.00000000 < 0.08
14611 duplicate regression,WHITE,19,1,1,1.0,1.0,0.0,False,0.0,NO-OP,,,,,achromatic; no genuine dark+light; material low contrast fraction 0.00000000 < 0.08
14611 duplicate regression,WHITE,20,4,4,0.25,0.75,0.25,True,0.25,PROTECTED,,,,,"chromatic; dark fraction=0.75000000, light fraction=0.25000000; weak fraction=0.25000000; REVIEW reason emitted"
14611 duplicate regression,WHITE,21,4,4,0.5,1.0,0.0,False,0.25,PROTECTED,,,,,"chromatic; dark fraction=1.00000000, light fraction=0.00000000; weak fraction=0.25000000; REVIEW reason emitted"
14611 duplicate regression,WHITE,22,1,1,1.0,1.0,0.0,False,0.0,NO-OP,,,,,achromatic; no genuine dark+light; material low contrast fraction 0.00000000 < 0.08
14611 duplicate regression,WHITE,23,1,1,1.0,1.0,0.0,False,0.0,NO-OP,,,,,achromatic; no genuine dark+light; material low contrast fraction 0.00000000 < 0.08
14611 duplicate regression,WHITE,24,4,4,0.5,1.0,0.0,False,0.0,NO-OP-PROTECTED,,,,,"chromatic; dark fraction=1.00000000, light fraction=0.00000000; weak fraction=0.00000000; no REVIEW reason emitted"
14611 duplicate regression,WHITE,25,1,1,1.0,1.0,0.0,False,0.0,NO-OP,,,,,achromatic; no genuine dark+light; material low contrast fraction 0.00000000 < 0.08
14611 duplicate regression,WHITE,26,2,2,1.0,1.0,0.0,False,0.0,NO-OP,,,,,achromatic; no genuine dark+light; material low contrast fraction 0.00000000 < 0.08
14611 duplicate regression,WHITE,27,5,5,1.0,1.0,0.0,False,0.0,NO-OP,,,,,achromatic; no genuine dark+light; material low contrast fraction 0.00000000 < 0.08
14611 duplicate regression,WHITE,28,1,1,1.0,1.0,0.0,False,0.0,NO-OP,,,,,achromatic; no genuine dark+light; material low contrast fraction 0.00000000 < 0.08
Digi Slovakia,WHITE,whole-image replay,,,,,,,,,PASS,0,7757,True,source components preserved; no approved contrast correction required
Digi Slovakia,BLACK,whole-image replay,,,,,,,,,PASS,0,7757,True,source components preserved; no approved contrast correction required
Digi Slovakia,WHITE,1,7757,7501,0.0,1.0,0.0,False,0.024930009332089054,NO-OP-PROTECTED,,,,,"chromatic; dark fraction=1.00000000, light fraction=0.00000000; weak fraction=0.02493001; no REVIEW reason emitted"
Genuine two-tone #1,WHITE,whole-image replay,,,,,,,,,REVIEW,0,21768,True,two-tone achromatic component 1 has 66.4% materially low-contrast pixels on WHITE
Genuine two-tone #1,BLACK,whole-image replay,,,,,,,,,REVIEW,0,21768,True,two-tone achromatic component 1 has 29.0% materially low-contrast pixels on BLACK
Genuine two-tone #1,WHITE,1,21768,9357,1.0,0.34519610986427274,0.6006198567917067,True,0.6639948701506894,PROTECTED,,,,,"two-tone achromatic; dark fraction=0.34519611, light fraction=0.60061986; weak fraction=0.66399487; REVIEW reason emitted"
Genuine two-tone #2,WHITE,whole-image replay,,,,,,,,,REVIEW,1,12054,True,two-tone achromatic component 1 has 48.7% materially low-contrast pixels on WHITE
Genuine two-tone #2,BLACK,whole-image replay,,,,,,,,,REVIEW,18,12054,True,two-tone achromatic component 1 has 45.7% materially low-contrast pixels on BLACK
Genuine two-tone #2,WHITE,1,12054,11366,1.0,0.5109097307759985,0.4357733591412986,True,0.487418616927679,PROTECTED,,,,,"two-tone achromatic; dark fraction=0.51090973, light fraction=0.43577336; weak fraction=0.48741862; REVIEW reason emitted"
Genuine two-tone #2,WHITE,2,1,1,1.0,1.0,0.0,False,0.0,NO-OP,,,,,achromatic; no genuine dark+light; material low contrast fraction 0.00000000 < 0.08
Genuine two-tone #2,WHITE,3,1,1,1.0,1.0,0.0,False,0.0,NO-OP,,,,,achromatic; no genuine dark+light; material low contrast fraction 0.00000000 < 0.08
Genuine two-tone #2,WHITE,4,1,1,1.0,1.0,0.0,False,0.0,NO-OP,,,,,achromatic; no genuine dark+light; material low contrast fraction 0.00000000 < 0.08
Genuine two-tone #2,WHITE,5,1,1,1.0,1.0,0.0,False,0.0,NO-OP,,,,,achromatic; no genuine dark+light; material low contrast fraction 0.00000000 < 0.08
Genuine two-tone #2,WHITE,6,3,3,1.0,1.0,0.0,False,0.0,NO-OP,,,,,achromatic; no genuine dark+light; material low contrast fraction 0.00000000 < 0.08
Genuine two-tone #2,WHITE,7,11,11,1.0,1.0,0.0,False,0.0,NO-OP,,,,,achromatic; no genuine dark+light; material low contrast fraction 0.00000000 < 0.08
Genuine two-tone #2,WHITE,8,1,1,1.0,0.0,1.0,False,1.0,RECOLOR,,,,,achromatic; no genuine dark+light; material low contrast fraction 1.00000000 >= 0.08
14700,WHITE,4,814,430,1.0,0.23255813953488372,0.40930232558139534,True,0.8069767441860465,PROTECTED,REVIEW,0,814,True,"two-tone achromatic; dark fraction=0.23255814, light fraction=0.40930233; weak fraction=0.80697674; REVIEW reason emitted"
14700,BLACK,4,814,430,1.0,0.23255813953488372,0.40930232558139534,True,0.07674418604651163,NO-OP-PROTECTED,REVIEW,0,814,True,"two-tone achromatic; dark fraction=0.23255814, light fraction=0.40930233; weak fraction=0.07674419; no REVIEW reason emitted"
14700,WHITE,12,225,128,1.0,0.265625,0.390625,True,0.734375,PROTECTED,REVIEW,0,225,True,"two-tone achromatic; dark fraction=0.26562500, light fraction=0.39062500; weak fraction=0.73437500; REVIEW reason emitted"
14700,BLACK,12,225,128,1.0,0.265625,0.390625,True,0.046875,NO-OP-PROTECTED,REVIEW,0,225,True,"two-tone achromatic; dark fraction=0.26562500, light fraction=0.39062500; weak fraction=0.04687500; no REVIEW reason emitted"
14700,WHITE,13,826,512,1.0,0.171875,0.396484375,True,0.88671875,PROTECTED,REVIEW,0,826,True,"two-tone achromatic; dark fraction=0.17187500, light fraction=0.39648438; weak fraction=0.88671875; REVIEW reason emitted"
14700,BLACK,13,826,512,1.0,0.171875,0.396484375,True,0.05078125,NO-OP-PROTECTED,REVIEW,0,826,True,"two-tone achromatic; dark fraction=0.17187500, light fraction=0.39648438; weak fraction=0.05078125; no REVIEW reason emitted"
