bbox,bbox_area_fraction,bbox_opaque_corner_fraction,bbox_opaque_edge_fraction,bbox_opaque_fill,bbox_visible_corner_fraction,bbox_visible_edge_fraction,bbox_visible_fill,canvas_opaque_fraction,provider,recovery_note,recovery_source_url,recovery_status,satellite_position,service_reference,source,source_reason,source_sha256,source_status
"4,13,215,119",0.770179,0.0,0.001577,0.971877,0.75,0.996845,0.999955,0.748519,digi,,,RECOVERY-SEARCH,0.8w,1_0_1_3EC_7_1_E080000_0_0_0.png,picons/0.8w/digi/transparent/1_0_1_3EC_7_1_E080000_0_0_0.png,suspected rectangular raster background in transparent source,8cc0c9e34d17f872d84a959141e0deb64d6f4f0164ae02369ff0e52bcd4ab714,SOURCE-REVIEW
"22,18,198,114",0.581818,0.0,0.0,0.936553,1.0,1.0,1.0,0.544904,digislovakia,,,RECOVERY-SEARCH,0.8w,1_0_16_178C_AF6_BB_E080000_0_0_0.png,picons/0.8w/digislovakia/transparent/1_0_16_178C_AF6_BB_E080000_0_0_0.png,suspected rectangular raster background in transparent source,8464e6d49815d2601d89010088ade1862033778b60f16921345a148fe1858cc1,SOURCE-REVIEW
"47,3,173,129",0.546694,0.0,0.0,0.953011,0.75,0.996032,0.999937,0.521006,digitv,,,RECOVERY-SEARCH,0.8w,1_0_2_1022_C_1_E080000_0_0_0.png,picons/0.8w/digitv/transparent/1_0_2_1022_C_1_E080000_0_0_0.png,suspected rectangular raster background in transparent source,6d904627e2d21999799844819c7c5ae81bd3bc90c82a315818d4baa89dd7f691,SOURCE-REVIEW
"47,3,173,129",0.546694,0.0,0.0,0.953578,0.75,0.996032,0.999937,0.521315,digitv,,,RECOVERY-SEARCH,0.8w,1_0_2_9CE_C_1_E080000_0_0_0.png,picons/0.8w/digitv/transparent/1_0_2_9CE_C_1_E080000_0_0_0.png,suspected rectangular raster background in transparent source,49dc1d76fe15c51f4a266c9c97460dbe6f841238687149afc0e73a5d02d72e7d,SOURCE-REVIEW
"45,1,175,131",0.581956,0.0,0.0,0.969467,1.0,1.0,1.0,0.564187,freesat,,,RECOVERY-SEARCH,0.8w,1_0_1_3F6_7_1_E080000_0_0_0.png,picons/0.8w/freesat/transparent/1_0_1_3F6_7_1_E080000_0_0_0.png,suspected rectangular raster background in transparent source,9f0f4e589163222ddc1465b8f7a3954274c00a2f07c7d8e419b06748e3807b7f,SOURCE-REVIEW
"45,1,174,131",0.577479,0.0,0.0,0.96935,1.0,1.0,1.0,0.55978,freesat,,,RECOVERY-SEARCH,0.8w,1_0_1_DC0_C_1_E080000_0_0_0.png,picons/0.8w/freesat/transparent/1_0_1_DC0_C_1_E080000_0_0_0.png,suspected rectangular raster background in transparent source,a571f77d32c8e570ed42ba77810d3fa6f48351ed948acfa8572bc5a6d5401daf,SOURCE-REVIEW
"45,1,175,131",0.581956,0.0,0.0,0.969231,1.0,1.0,1.0,0.56405,telenor,,,RECOVERY-SEARCH,0.8w,1_0_16_1C98_A_46_E080000_0_0_0.png,picons/0.8w/telenor/transparent/1_0_16_1C98_A_46_E080000_0_0_0.png,suspected rectangular raster background in transparent source,b17ee39c1c6ebd91ed6bd7d15a7298fca8901eec8a720d0314e78a5cb10d6ce4,SOURCE-REVIEW
"1,48,219,83",0.262741,0.0,0.0,0.908257,1.0,0.996047,0.995413,0.238636,telenor,,,RECOVERY-SEARCH,0.8w,1_0_19_1C01_3_46_E080000_0_0_0.png,picons/0.8w/telenor/transparent/1_0_19_1C01_3_46_E080000_0_0_0.png,suspected rectangular raster background in transparent source,3c7663bed1d022dcb2a55acf94b59895ec0cb0fc9e7eb15fa35ff3e3c7539465,SOURCE-REVIEW
"45,1,175,131",0.581956,0.0,0.0,0.969467,1.0,1.0,1.0,0.564187,telenor,,,RECOVERY-SEARCH,0.8w,1_0_19_1C96_A_46_E080000_0_0_0.png,picons/0.8w/telenor/transparent/1_0_19_1C96_A_46_E080000_0_0_0.png,suspected rectangular raster background in transparent source,e3974a9e2a2844099ed6bc47641783a2375bcc9fff35fc8cea571d0e347ec087,SOURCE-REVIEW
"45,1,175,131",0.581956,0.0,0.0,0.969467,1.0,1.0,1.0,0.564187,telenor,,,RECOVERY-SEARCH,0.8w,1_0_19_1E83_A_46_E080000_0_0_0.png,picons/0.8w/telenor/transparent/1_0_19_1E83_A_46_E080000_0_0_0.png,suspected rectangular raster background in transparent source,4249384f020b54fd2f20a4d19514ec568d5ea289ff5a8d2e9babf312d7d78c2f,SOURCE-REVIEW
"47,3,173,129",0.546694,0.0,0.0,0.953011,0.75,0.996032,0.999937,0.521006,telenor,,,RECOVERY-SEARCH,0.8w,1_0_2_1D32_3_46_E080000_0_0_0.png,picons/0.8w/telenor/transparent/1_0_2_1D32_3_46_E080000_0_0_0.png,suspected rectangular raster background in transparent source,3926739dabb3515639c0d7519229fea1154b1d7413f7eaee84aa9425933cd893,SOURCE-REVIEW
"47,3,173,129",0.546694,0.0,0.0,0.953074,0.75,0.996032,0.999937,0.52104,telenor,,,RECOVERY-SEARCH,0.8w,1_0_2_6B9_3_46_E080000_0_0_0.png,picons/0.8w/telenor/transparent/1_0_2_6B9_3_46_E080000_0_0_0.png,suspected rectangular raster background in transparent source,215ac0bf49f2503d07279b25644f2f8a11b50dd2c1affb67442513d42c0ee481,SOURCE-REVIEW
"47,3,173,129",0.546694,0.0,0.0,0.953074,0.75,0.996032,0.999937,0.52104,telenor,,,RECOVERY-SEARCH,0.8w,1_0_2_6BA_3_46_E080000_0_0_0.png,picons/0.8w/telenor/transparent/1_0_2_6BA_3_46_E080000_0_0_0.png,suspected rectangular raster background in transparent source,91b5117d23674c38e99e9ee2df79f62248dd500cb7749d5e3b43996cbc2a8194,SOURCE-REVIEW
"47,3,173,129",0.546694,0.0,0.0,0.953074,0.75,0.996032,0.999937,0.52104,telenor,,,RECOVERY-SEARCH,0.8w,1_0_2_6BB_3_46_E080000_0_0_0.png,picons/0.8w/telenor/transparent/1_0_2_6BB_3_46_E080000_0_0_0.png,suspected rectangular raster background in transparent source,e8df72353b2392061d5318553a94bf72c6f3b6eca0762400211ae1c08f190799,SOURCE-REVIEW
"2,15,218,116",0.75124,0.0,0.0,0.951503,1.0,1.0,1.0,0.714807,neosat,,,RECOVERY-SEARCH,1.9e,1_0_1_221_18_3_130000_0_0_0.png,picons/1.9e/neosat/transparent/1_0_1_221_18_3_130000_0_0_0.png,suspected rectangular raster background in transparent source,beaea1da36c4e5b6a4983b63728904646ccbeb6198db2c7373ec06fe61a6af87,SOURCE-REVIEW
"4,42,215,89",0.341494,0.0,0.0,0.841585,0.75,0.996124,0.999899,0.287397,neosat,,,RECOVERY-SEARCH,1.9e,1_0_1_A7_10_3_130000_0_0_0.png,picons/1.9e/neosat/transparent/1_0_1_A7_10_3_130000_0_0_0.png,suspected rectangular raster background in transparent source,a2d6321d92f135625d2050f0255540840b03b893053662aa3111684af9ca0b75,SOURCE-REVIEW
"16,21,204,110",0.576171,0.0,0.0,0.934736,1.0,1.0,1.0,0.538567,ab-sat,,,RECOVERY-SEARCH,13.0e,1_0_1_5AF_170C_13F_820000_0_0_0.png,picons/13.0e/ab-sat/transparent/1_0_1_5AF_170C_13F_820000_0_0_0.png,suspected rectangular raster background in transparent source,37333658c14ff726ac3469e94164213d5d8dec6b48b036a5a1569f6dfeb60631,SOURCE-REVIEW
"16,17,204,115",0.634435,0.0,0.0,0.934542,1.0,1.0,1.0,0.592906,ab-sat,,,RECOVERY-SEARCH,13.0e,1_0_1_5B1_170C_13F_820000_0_0_0.png,picons/13.0e/ab-sat/transparent/1_0_1_5B1_170C_13F_820000_0_0_0.png,suspected rectangular raster background in transparent source,1fe2517ac7170b28b57afaf6fb3cfb0b4aaee98bab0a087030d61d05b79d1ede,SOURCE-REVIEW
"16,35,204,96",0.394904,0.0,0.0,0.930589,1.0,1.0,1.0,0.367493,ab-sat,,,RECOVERY-SEARCH,13.0e,1_0_1_5B2_170C_13F_820000_0_0_0.png,picons/13.0e/ab-sat/transparent/1_0_1_5B2_170C_13F_820000_0_0_0.png,suspected rectangular raster background in transparent source,6faa3a4ec842ec6b5baef584e35a987ae99544e93961cf5c872f9e8a014016ed,SOURCE-REVIEW
"16,25,204,106",0.52438,0.0,0.0,0.930391,1.0,1.0,1.0,0.487879,ab-sat,,,RECOVERY-SEARCH,13.0e,1_0_1_5B3_170C_13F_820000_0_0_0.png,picons/13.0e/ab-sat/transparent/1_0_1_5B3_170C_13F_820000_0_0_0.png,suspected rectangular raster background in transparent source,0322a80cabefc18c40583c7064041bca21056492e9acc3c18b8444be68f5d246,SOURCE-REVIEW
"16,46,204,85",0.252479,0.0,0.0,0.928532,1.0,1.0,1.0,0.234435,ab-sat,,,RECOVERY-SEARCH,13.0e,1_0_1_5B5_170C_13F_820000_0_0_0.png,picons/13.0e/ab-sat/transparent/1_0_1_5B5_170C_13F_820000_0_0_0.png,suspected rectangular raster background in transparent source,117fa37bda66ea42577d89a690314db6873a57d18f379954133b1a2c1599dad5,SOURCE-REVIEW
"16,41,204,91",0.323691,0.0,0.0,0.939574,1.0,1.0,1.0,0.304132,canal-plus,,,RECOVERY-SEARCH,13.0e,1_0_1_1138_2AF8_13E_820000_0_0_0.png,picons/13.0e/canal-plus/transparent/1_0_1_1138_2AF8_13E_820000_0_0_0.png,suspected rectangular raster background in transparent source,676377dd307f7a94c5dd8b78175d95db86ed89fcb0e1d071af4420e729c3646d,SOURCE-REVIEW
"16,30,204,102",0.466116,0.0,0.0,0.92435,1.0,1.0,1.0,0.430854,canal-plus,,,RECOVERY-SEARCH,13.0e,1_0_1_13F7_5DC_13E_820000_0_0_0.png,picons/13.0e/canal-plus/transparent/1_0_1_13F7_5DC_13E_820000_0_0_0.png,suspected rectangular raster background in transparent source,3a632e71be1e9d8b220e82e61ec666a439ab07d4caf6bb00d656d1c1d8708025,SOURCE-REVIEW
"16,40,204,92",0.336639,0.0,0.0,0.94108,1.0,1.0,1.0,0.316804,canal-plus,,,RECOVERY-SEARCH,13.0e,1_0_1_3ABD_514_13E_820000_0_0_0.png,picons/13.0e/canal-plus/transparent/1_0_1_3ABD_514_13E_820000_0_0_0.png,suspected rectangular raster background in transparent source,eb2b82975d2c94d99315c1d734a4bfc2b546f01d3e1760b1a8e1772c748ea45a,SOURCE-REVIEW
"16,42,204,90",0.310744,0.0,0.0,0.937943,1.0,1.0,1.0,0.29146,canal-plus,,,RECOVERY-SEARCH,13.0e,1_0_1_3ABF_514_13E_820000_0_0_0.png,picons/13.0e/canal-plus/transparent/1_0_1_3ABF_514_13E_820000_0_0_0.png,suspected rectangular raster background in transparent source,6ab1712fe33ad759529fa987d4ee03df6054f1a4cee31d916455858275d239a5,SOURCE-REVIEW
"16,22,204,109",0.563223,0.0,0.0,0.933725,1.0,1.0,1.0,0.525895,canal-plus,,,RECOVERY-SEARCH,13.0e,1_0_1_3AE9_514_13E_820000_0_0_0.png,picons/13.0e/canal-plus/transparent/1_0_1_3AE9_514_13E_820000_0_0_0.png,suspected rectangular raster background in transparent source,bc49242a3f8a34195718463599e916f0b27fd559c48c858d4a9cd3b8bb3ac556,SOURCE-REVIEW
"1,30,219,102",0.540496,0.0,0.0,0.927625,1.0,0.989655,0.986239,0.501377,cyfrowy-polsat,,,RECOVERY-SEARCH,13.0e,1_0_1_1CA5_1CE8_71_820000_0_0_0.png,picons/13.0e/cyfrowy-polsat/transparent/1_0_1_1CA5_1CE8_71_820000_0_0_0.png,suspected rectangular raster background in transparent source,338f01effb9fd47fe2e513ab23797a0288c7b9a5eac65a4cf74d35df3695fc5a,SOURCE-REVIEW
"1,30,219,102",0.540496,0.0,0.0,0.927625,1.0,0.989655,0.986239,0.501377,cyfrowy-polsat,,,RECOVERY-SEARCH,13.0e,1_0_1_1CA6_1CE8_71_820000_0_0_0.png,picons/13.0e/cyfrowy-polsat/transparent/1_0_1_1CA6_1CE8_71_820000_0_0_0.png,suspected rectangular raster background in transparent source,3f281cdacf5480a8d1298c5adef9643efe15de4ec6750f269b99d5a87cf56d1d,SOURCE-REVIEW
"16,35,204,97",0.401377,0.0,0.0,0.921414,1.0,0.988,0.984043,0.369835,cyfrowy-polsat,,,RECOVERY-SEARCH,13.0e,1_0_2_1C9B_1CE8_71_820000_0_0_0.png,picons/13.0e/cyfrowy-polsat/transparent/1_0_2_1C9B_1CE8_71_820000_0_0_0.png,suspected rectangular raster background in transparent source,83154c5ebfc99e2796d3b3c07d660b6ff85173b2bc9213e08b162e023470015a,SOURCE-REVIEW
"16,35,204,97",0.401377,0.0,0.0,0.921414,1.0,0.988,0.98919,0.369835,cyfrowy-polsat,,,RECOVERY-SEARCH,13.0e,1_0_2_1C9C_1CE8_71_820000_0_0_0.png,picons/13.0e/cyfrowy-polsat/transparent/1_0_2_1C9C_1CE8_71_820000_0_0_0.png,suspected rectangular raster background in transparent source,b158777ffbf6fd3713ff805ac91d46d882ce7eec8a6813e924b0739246febc24,SOURCE-REVIEW
"16,40,204,92",0.336639,0.0,0.0,0.94108,1.0,1.0,1.0,0.316804,cyfrowy-polsat-s-a,,,RECOVERY-SEARCH,13.0e,1_0_1_C22_1E78_71_820000_0_0_0.png,picons/13.0e/cyfrowy-polsat-s-a/transparent/1_0_1_C22_1E78_71_820000_0_0_0.png,suspected rectangular raster background in transparent source,03d2facd063724017eaec6dccd74d5426f56920cac75b728581f6eeda2fab79a,SOURCE-REVIEW
"4,28,215,103",0.544938,0.0,0.0,0.950648,0.75,0.996503,0.999937,0.518044,cyfrowy-polsat-s-a,,,RECOVERY-SEARCH,13.0e,1_0_2_1CA1_1CE8_71_820000_0_0_0.png,picons/13.0e/cyfrowy-polsat-s-a/transparent/1_0_2_1CA1_1CE8_71_820000_0_0_0.png,suspected rectangular raster background in transparent source,edf52508e3dc8fa1c0beabe6119e1e58b49cf043ce879783e661cc4e173573c8,SOURCE-REVIEW
"16,31,204,101",0.453168,0.0,0.0,0.922796,1.0,1.0,1.0,0.418182,eutelsat,,,RECOVERY-SEARCH,13.0e,1_0_1_51E_2E7C_13F_820000_0_0_0.png,picons/13.0e/eutelsat/transparent/1_0_1_51E_2E7C_13F_820000_0_0_0.png,suspected rectangular raster background in transparent source,fe80f0f7a9a661376f83c32f4f9b4e16110c8ad269b78868906a8f4716fdbafd,SOURCE-REVIEW
"16,42,204,90",0.310744,0.0,0.0,0.913342,1.0,1.0,1.0,0.283815,eutelsat,,,RECOVERY-SEARCH,13.0e,1_0_1_524_2E7C_13F_820000_0_0_0.png,picons/13.0e/eutelsat/transparent/1_0_1_524_2E7C_13F_820000_0_0_0.png,suspected rectangular raster background in transparent source,ad1f49e44fa2b5d6ef8f41934eb57b45b4ecb4947d6f0669504a282ba030db28,SOURCE-REVIEW
"16,38,204,93",0.356061,0.0,0.0,0.913443,1.0,1.0,1.0,0.325241,eutelsat,,,RECOVERY-SEARCH,13.0e,1_0_1_589_170C_13F_820000_0_0_0.png,picons/13.0e/eutelsat/transparent/1_0_1_589_170C_13F_820000_0_0_0.png,suspected rectangular raster background in transparent source,c51f59c076fb04a78af59419f9a68c73e876a53673196b8dc6a218a738861959,SOURCE-REVIEW
"16,40,204,92",0.336639,0.0,0.0,0.935966,1.0,0.995833,0.994681,0.315083,globecast,,,RECOVERY-SEARCH,13.0e,1_0_1_6AC_3138_13E_820000_0_0_0.png,picons/13.0e/globecast/transparent/1_0_1_6AC_3138_13E_820000_0_0_0.png,suspected rectangular raster background in transparent source,9a7e92ce4e6692fac8f3f0411f70cf4d2cf082412b78f7273bc20f2caf02b103,SOURCE-REVIEW
"45,1,175,131",0.581956,0.0,0.0,0.969467,1.0,1.0,1.0,0.564187,harmonic,,,RECOVERY-SEARCH,13.0e,1_0_1_1C56_1C20_13E_820000_0_0_0.png,picons/13.0e/harmonic/transparent/1_0_1_1C56_1C20_13E_820000_0_0_0.png,suspected rectangular raster background in transparent source,7656394913b08b9cd78fd56fa3520756cff2ae2862f7360304787eeeaa212a5e,SOURCE-REVIEW
"16,49,204,82",0.213636,0.0,0.0,0.914732,1.0,1.0,1.0,0.19542,kabelio-ch,,,RECOVERY-SEARCH,13.0e,1_0_19_6E_3264_13E_820000_0_0_0.png,picons/13.0e/kabelio-ch/transparent/1_0_19_6E_3264_13E_820000_0_0_0.png,suspected rectangular raster background in transparent source,8ca777ceb83494454804658d7e8c34f8ec972052dea24e106a65c0a6f01b09c8,SOURCE-REVIEW
"16,31,204,100",0.446694,0.0,0.0,0.940641,1.0,1.0,1.0,0.420179,kabelio-ch,,,RECOVERY-SEARCH,13.0e,1_0_19_F1_2C24_13E_820000_0_0_0.png,picons/13.0e/kabelio-ch/transparent/1_0_19_F1_2C24_13E_820000_0_0_0.png,suspected rectangular raster background in transparent source,90fbef75ba26ef7d875d70417b198a9c828af5ce0d4d444a58f1969e5eef3f61,SOURCE-REVIEW
"29,15,190,117",0.565496,0.0,0.0,0.948849,1.0,1.0,1.0,0.53657,kabelio-ch,,,RECOVERY-SEARCH,13.0e,1_0_1_87_1644_13E_820000_0_0_0.png,picons/13.0e/kabelio-ch/transparent/1_0_1_87_1644_13E_820000_0_0_0.png,suspected rectangular raster background in transparent source,51558bf0f714cb1dd6db3aa0aeb830e9eb674b2c3dddd9779365de9c45e481ed,SOURCE-REVIEW
"16,44,204,88",0.284848,0.0,0.0,0.933994,1.0,1.0,1.0,0.266047,m-three-satcom,,,RECOVERY-SEARCH,13.0e,1_0_19_215_384_13E_820000_0_0_0.png,picons/13.0e/m-three-satcom/transparent/1_0_19_215_384_13E_820000_0_0_0.png,suspected rectangular raster background in transparent source,a0175d74bf7e8383eb3bb8000b45ccd0bf4b6fd213d294a674679a3d1b421c2a,SOURCE-REVIEW
"16,34,204,98",0.414325,0.0,0.0,0.949551,1.0,1.0,1.0,0.393423,m-three-satcom,,,RECOVERY-SEARCH,13.0e,1_0_19_216_384_13E_820000_0_0_0.png,picons/13.0e/m-three-satcom/transparent/1_0_19_216_384_13E_820000_0_0_0.png,suspected rectangular raster background in transparent source,85a05247fb302347928afbd6081acb4ca7f6c650192f5d76de8e205c07f838cf,SOURCE-REVIEW
"16,19,204,113",0.60854,0.0,0.0,0.937076,1.0,1.0,1.0,0.570248,m-three-satcom,,,RECOVERY-SEARCH,13.0e,1_0_2_E44_1C20_13E_820000_0_0_0.png,picons/13.0e/m-three-satcom/transparent/1_0_2_E44_1C20_13E_820000_0_0_0.png,suspected rectangular raster background in transparent source,99ef7f5dca3d3d6bfeb051c394898597fa4b6ea0bc5999d9a026104a86e571b3,SOURCE-REVIEW
"79,15,140,117",0.214256,0.0,0.0,0.929283,1.0,1.0,1.0,0.199105,schweizer-radio-und-fernsehen,,,RECOVERY-SEARCH,13.0e,1_0_19_4333_300C_13E_820000_0_0_0.png,picons/13.0e/schweizer-radio-und-fernsehen/transparent/1_0_19_4333_300C_13E_820000_0_0_0.png,suspected rectangular raster background in transparent source,d30c282c37c03fd0d2117c5f1ac5a0570537e700cffb5976a187901be4c39157,SOURCE-REVIEW
"79,15,140,117",0.214256,0.0,0.0,0.929283,1.0,1.0,1.0,0.199105,schweizer-radio-und-fernsehen,,,RECOVERY-SEARCH,13.0e,1_0_19_4334_300C_13E_820000_0_0_0.png,picons/13.0e/schweizer-radio-und-fernsehen/transparent/1_0_19_4334_300C_13E_820000_0_0_0.png,suspected rectangular raster background in transparent source,dfc06998f5df5ecdf8e4ded2207f949246af613cc3503288e95607e61432e3e6,SOURCE-REVIEW
"16,40,204,92",0.336639,0.0,0.0,0.94108,1.0,1.0,1.0,0.316804,stn,,,RECOVERY-SEARCH,13.0e,1_0_1_2332_2328_13E_820000_0_0_0.png,picons/13.0e/stn/transparent/1_0_1_2332_2328_13E_820000_0_0_0.png,suspected rectangular raster background in transparent source,c056d5bd8719d55507d4799349cd893ca68e346e03f9a7908b1b2bd0ef1325d3,SOURCE-REVIEW
"16,46,204,85",0.252479,0.0,0.0,0.928532,1.0,1.0,1.0,0.234435,svoboda-satellite,,,RECOVERY-SEARCH,13.0e,1_0_16_69_2FA8_13E_820000_0_0_0.png,picons/13.0e/svoboda-satellite/transparent/1_0_16_69_2FA8_13E_820000_0_0_0.png,suspected rectangular raster background in transparent source,90dde6989d3043aa31beb7b85481eba9aec310490366cb68ea9d35d348aa4a34,SOURCE-REVIEW
"59,15,161,117",0.358264,0.0,0.0,0.923106,1.0,1.0,1.0,0.330716,svoboda-satellite,,,RECOVERY-SEARCH,13.0e,1_0_2_CA_2FA8_13E_820000_0_0_0.png,picons/13.0e/svoboda-satellite/transparent/1_0_2_CA_2FA8_13E_820000_0_0_0.png,suspected rectangular raster background in transparent source,389f0854f744e208652b143ad56db092234ad98e3af50faed209fafd4b7a7129,SOURCE-REVIEW
"47,3,173,129",0.546694,0.0,0.0,0.952948,0.75,0.996032,0.999937,0.520971,swiss-satellite-radio,,,RECOVERY-SEARCH,13.0e,1_0_2_4352_300C_13E_820000_0_0_0.png,picons/13.0e/swiss-satellite-radio/transparent/1_0_2_4352_300C_13E_820000_0_0_0.png,suspected rectangular raster background in transparent source,7afe86c48aa10df8209cda4bbd627f4c04d85eb1531ce08769d57647c114ee77,SOURCE-REVIEW
"47,3,173,129",0.546694,0.0,0.0,0.952948,0.75,0.996032,0.999937,0.520971,swiss-satellite-radio,,,RECOVERY-SEARCH,13.0e,1_0_2_435F_300C_13E_820000_0_0_0.png,picons/13.0e/swiss-satellite-radio/transparent/1_0_2_435F_300C_13E_820000_0_0_0.png,suspected rectangular raster background in transparent source,7afe86c48aa10df8209cda4bbd627f4c04d85eb1531ce08769d57647c114ee77,SOURCE-REVIEW
"16,50,204,82",0.207163,0.0,0.0,0.917553,1.0,1.0,1.0,0.190083,telespazio,,,RECOVERY-SEARCH,13.0e,1_0_1_1325_33F4_13E_820000_0_0_0.png,picons/13.0e/telespazio/transparent/1_0_1_1325_33F4_13E_820000_0_0_0.png,suspected rectangular raster background in transparent source,96334ad9b8cf67c18d100350d2c388213cd19dcdf1b6026ba4fcf4833852d308,SOURCE-REVIEW
"16,37,204,94",0.369008,0.0,0.0,0.944382,1.0,1.0,1.0,0.348485,telespazio,,,RECOVERY-SEARCH,13.0e,1_0_1_1362_33F4_13E_820000_0_0_0.png,picons/13.0e/telespazio/transparent/1_0_1_1362_33F4_13E_820000_0_0_0.png,suspected rectangular raster background in transparent source,5c4cdb6fdd11d229eaea26bb4618943ad17f71898d2d85587e10fdd6beeb600d,SOURCE-REVIEW
"16,37,204,94",0.369008,0.0,0.0,0.944382,1.0,1.0,1.0,0.348485,telespazio,,,RECOVERY-SEARCH,13.0e,1_0_1_1364_33F4_13E_820000_0_0_0.png,picons/13.0e/telespazio/transparent/1_0_1_1364_33F4_13E_820000_0_0_0.png,suspected rectangular raster background in transparent source,ed98cb862c8612f8b2836d195fb238f0ae69365e28f332fc076a534cc0bf4557,SOURCE-REVIEW
"16,20,204,112",0.595592,0.0,0.0,0.93617,1.0,1.0,1.0,0.557576,telespazio,,,RECOVERY-SEARCH,13.0e,1_0_1_1366_33F4_13E_820000_0_0_0.png,picons/13.0e/telespazio/transparent/1_0_1_1366_33F4_13E_820000_0_0_0.png,suspected rectangular raster background in transparent source,28d36df20172c6e337448f1529afc2877615daa90dcc11891abdafd244fb3d2f,SOURCE-REVIEW
"16,51,204,80",0.187741,0.0,0.0,0.911225,1.0,1.0,1.0,0.171074,telespazio,,,RECOVERY-SEARCH,13.0e,1_0_1_4260_3DB8_13E_820000_0_0_0.png,picons/13.0e/telespazio/transparent/1_0_1_4260_3DB8_13E_820000_0_0_0.png,suspected rectangular raster background in transparent source,2bb27aadcdfcafc0e054502cfd2e407f22b39cad313a8b07ffe59756cbb751e5,SOURCE-REVIEW
"0,46,220,87",0.310606,0.0,0.149425,0.95122,1.0,1.0,1.0,0.295455,telewizja-polska-s-a,,,RECOVERY-SEARCH,13.0e,1_0_1_423A_2F44_13E_820000_0_0_0.png,picons/13.0e/telewizja-polska-s-a/transparent/1_0_1_423A_2F44_13E_820000_0_0_0.png,suspected rectangular raster background in transparent source,802f22e7e29710ebba5f24a61f6a0d8aa0bf98f90bafe2f216375ff632e50c34,SOURCE-REVIEW
"16,45,204,86",0.265427,0.0,0.0,0.930981,1.0,1.0,1.0,0.247107,vivacom,,,RECOVERY-SEARCH,13.0e,1_0_16_109_25E4_D5_820000_0_0_0.png,picons/13.0e/vivacom/transparent/1_0_16_109_25E4_D5_820000_0_0_0.png,suspected rectangular raster background in transparent source,ba44d52287a7afdd47e2f73f032f06508298054b88c9ebdf76f521ac3b98923b,SOURCE-REVIEW
"16,19,204,113",0.60854,0.0,0.0,0.937076,1.0,1.0,1.0,0.570248,vivacom,,,RECOVERY-SEARCH,13.0e,1_0_16_6F_251C_D5_820000_0_0_0.png,picons/13.0e/vivacom/transparent/1_0_16_6F_251C_D5_820000_0_0_0.png,suspected rectangular raster background in transparent source,ed7332d2300937c75c255d632a2867b5e9a4652cb37a76108e531ed711c5731f,SOURCE-REVIEW
"16,22,204,109",0.563223,0.0,0.0,0.933725,1.0,1.0,1.0,0.525895,vivacom,,,RECOVERY-SEARCH,13.0e,1_0_16_D2_25E4_D5_820000_0_0_0.png,picons/13.0e/vivacom/transparent/1_0_16_D2_25E4_D5_820000_0_0_0.png,suspected rectangular raster background in transparent source,68e1f168df4e12f8a4bd8150da7459a010caf3e4b13f47a19f0ccf381461e4e8,SOURCE-REVIEW
"16,34,204,97",0.407851,0.0,0.0,0.947653,1.0,1.0,1.0,0.386501,warner-bros-discovery,,,RECOVERY-SEARCH,13.0e,1_0_19_3B62_12C_13E_820000_0_0_0.png,picons/13.0e/warner-bros-discovery/transparent/1_0_19_3B62_12C_13E_820000_0_0_0.png,suspected rectangular raster background in transparent source,1b40cbccd58044097e4a56e3ed2b415befeee83a043dab79dba578308d5ee97f,SOURCE-REVIEW
"5,42,214,90",0.345455,0.0,0.0,0.926435,1.0,0.990272,0.990331,0.320041,rscc,,,RECOVERY-SEARCH,14.0w,1_0_1_1_0_0_D842CDD_0_0_0.png,picons/14.0w/rscc/transparent/1_0_1_1_0_0_D842CDD_0_0_0.png,suspected rectangular raster background in transparent source,a0cd3f98c4fa98826397776d9e5d64f3846fe37bd8daabf84a5678bbda54969b,SOURCE-REVIEW
"5,42,214,90",0.345455,0.0,0.0,0.926435,1.0,0.990272,0.990331,0.320041,rscc,,,RECOVERY-SEARCH,14.0w,1_0_1_1_12_1_D840000_0_0_0.png,picons/14.0w/rscc/transparent/1_0_1_1_12_1_D840000_0_0_0.png,suspected rectangular raster background in transparent source,a0cd3f98c4fa98826397776d9e5d64f3846fe37bd8daabf84a5678bbda54969b,SOURCE-REVIEW
"1,51,219,80",0.2177,0.0,0.0,0.913951,1.0,1.0,1.0,0.198967,a1-broadcasting,,,RECOVERY-SEARCH,16.0e,1_0_19_778_C6D4_16E_A00000_0_0_0.png,picons/16.0e/a1-broadcasting/transparent/1_0_19_778_C6D4_16E_A00000_0_0_0.png,suspected rectangular raster background in transparent source,fe6ff80efc2e913acb331f88a11a6e39040ce6c94da353e08bc40e7bc9149770,SOURCE-REVIEW
"2,50,218,81",0.230579,0.0,0.0,0.926822,1.0,1.0,1.0,0.213705,a1-hr,,,RECOVERY-SEARCH,16.0e,1_0_16_716_C5A8_16E_A00000_0_0_0.png,picons/16.0e/a1-hr/transparent/1_0_16_716_C5A8_16E_A00000_0_0_0.png,suspected rectangular raster background in transparent source,3d55061a71fcd4f6e9894f1075591e38013441c370cc89a2ce9e7404b7d29c7b,SOURCE-REVIEW
"2,51,218,80",0.215702,0.0,0.0,0.922414,1.0,1.0,1.0,0.198967,a1-hr,,,RECOVERY-SEARCH,16.0e,1_0_19_718_C5A8_16E_A00000_0_0_0.png,picons/16.0e/a1-hr/transparent/1_0_19_718_C5A8_16E_A00000_0_0_0.png,suspected rectangular raster background in transparent source,5cf2b6a9acb93c39582700cba96d847b33ca4d388f59247c8d3cda2262ee191c,SOURCE-REVIEW
"2,51,218,80",0.215702,0.0,0.0,0.922414,1.0,1.0,1.0,0.198967,a1-hr,,,RECOVERY-SEARCH,16.0e,1_0_19_719_C5A8_16E_A00000_0_0_0.png,picons/16.0e/a1-hr/transparent/1_0_19_719_C5A8_16E_A00000_0_0_0.png,suspected rectangular raster background in transparent source,7b0a1c85930e51b9e3c06c4ef383ef6e8699c1fea5b716b7610b7292b44a81ba,SOURCE-REVIEW
"1,1,219,131",0.975895,0.0,0.0,0.951235,0.0,0.95546,0.998836,0.928306,antiksat,,,RECOVERY-SEARCH,16.0e,1_0_16_57_3_40_A00000_0_0_0.png,picons/16.0e/antiksat/transparent/1_0_16_57_3_40_A00000_0_0_0.png,source is almost fully opaque across the 220x132 canvas,141c0fd0af2e2003123ca6ef8a13d736ae5dd1c5056e6ac3902fb7a77212328e,SOURCE-REVIEW
"45,1,175,131",0.581956,0.0,0.0,0.969467,1.0,1.0,1.0,0.564187,antiksat,,,RECOVERY-SEARCH,16.0e,1_0_1_B_1F4_5_A00000_0_0_0.png,picons/16.0e/antiksat/transparent/1_0_1_B_1F4_5_A00000_0_0_0.png,suspected rectangular raster background in transparent source,9f0f4e589163222ddc1465b8f7a3954274c00a2f07c7d8e419b06748e3807b7f,SOURCE-REVIEW
"49,1,170,131",0.541667,0.0,0.0,0.952066,1.0,1.0,1.0,0.515702,digitalb,,,RECOVERY-SEARCH,16.0e,1_0_16_8C0_5014_16E_A00000_0_0_0.png,picons/16.0e/digitalb/transparent/1_0_16_8C0_5014_16E_A00000_0_0_0.png,suspected rectangular raster background in transparent source,5c298ddc738e78f002820fb6f5bd2e09a535e59dc2f84c82bbb71417bb731bc2,SOURCE-REVIEW
"1,44,219,88",0.330303,0.0,0.0,0.910759,1.0,0.98855,0.986239,0.300826,digitalb,,,RECOVERY-SEARCH,16.0e,1_0_19_148C_5014_16E_A00000_0_0_0.png,picons/16.0e/digitalb/transparent/1_0_19_148C_5014_16E_A00000_0_0_0.png,suspected rectangular raster background in transparent source,5334af28195c95bf49bbdb58753b7c27797f617f2f8236f56066d48c190be946,SOURCE-REVIEW
"1,44,219,88",0.330303,0.0,0.0,0.910759,1.0,0.98855,0.986239,0.300826,digitalb,,,RECOVERY-SEARCH,16.0e,1_0_19_14AA_51A4_16E_A00000_0_0_0.png,picons/16.0e/digitalb/transparent/1_0_19_14AA_51A4_16E_A00000_0_0_0.png,suspected rectangular raster background in transparent source,672a3e6d8c23c70946830a1568333b54bce9062f6d051ee94be00d452b336904,SOURCE-REVIEW
"1,44,219,88",0.330303,0.0,0.0,0.910759,1.0,0.98855,0.986239,0.300826,digitalb,,,RECOVERY-SEARCH,16.0e,1_0_19_1504_50DC_16E_A00000_0_0_0.png,picons/16.0e/digitalb/transparent/1_0_19_1504_50DC_16E_A00000_0_0_0.png,suspected rectangular raster background in transparent source,7a1658d08aed896010498f2e324d4b570aa4d8a17f00418f058b33f70328ff04,SOURCE-REVIEW
"45,1,175,131",0.581956,0.0,0.0,0.969467,1.0,1.0,1.0,0.564187,digitalb,,,RECOVERY-SEARCH,16.0e,1_0_19_3EB_50DC_16E_A00000_0_0_0.png,picons/16.0e/digitalb/transparent/1_0_19_3EB_50DC_16E_A00000_0_0_0.png,suspected rectangular raster background in transparent source,0acf0e79b6928c3448fcc67692ad06450a7331ac129037c342ffc667aa559997,SOURCE-REVIEW
"1,45,219,87",0.315289,0.0,0.0,0.934906,1.0,1.0,1.0,0.294766,pink,,,RECOVERY-SEARCH,16.0e,1_0_1_9_CB2B_16E_A00000_0_0_0.png,picons/16.0e/pink/transparent/1_0_1_9_CB2B_16E_A00000_0_0_0.png,suspected rectangular raster background in transparent source,4a013f96d0ab95a318959209ee12d3528659ef65f27d201633030cfc2be15ab8,SOURCE-REVIEW
"1,51,219,80",0.2177,0.0,0.0,0.913951,1.0,1.0,1.0,0.198967,t-ht,,,RECOVERY-SEARCH,16.0e,1_0_16_47_3_40_A00000_0_0_0.png,picons/16.0e/t-ht/transparent/1_0_16_47_3_40_A00000_0_0_0.png,suspected rectangular raster background in transparent source,5614f9fc0ba090284c8ba848f995e9355260f9ea1b0037bedabbfb325e75b2fe,SOURCE-REVIEW
"1,1,219,131",0.975895,0.0,0.0,0.951235,0.0,0.95546,0.998836,0.928306,t-ht,,,RECOVERY-SEARCH,16.0e,1_0_16_57_3_40_A00000_0_0_0.png,picons/16.0e/t-ht/transparent/1_0_16_57_3_40_A00000_0_0_0.png,source is almost fully opaque across the 220x132 canvas,141c0fd0af2e2003123ca6ef8a13d736ae5dd1c5056e6ac3902fb7a77212328e,SOURCE-REVIEW
"2,51,218,80",0.215702,0.0,0.0,0.922414,1.0,1.0,1.0,0.198967,t-ht,,,RECOVERY-SEARCH,16.0e,1_0_19_19C_3_40_A00000_0_0_0.png,picons/16.0e/t-ht/transparent/1_0_19_19C_3_40_A00000_0_0_0.png,suspected rectangular raster background in transparent source,604c5ffdefb62a62446ad6495ab996c3182fa33abef476507095a599d6987bb6,SOURCE-REVIEW
"2,51,218,80",0.215702,0.0,0.0,0.922414,1.0,1.0,1.0,0.198967,t-ht,,,RECOVERY-SEARCH,16.0e,1_0_19_BE_3_40_A00000_0_0_0.png,picons/16.0e/t-ht/transparent/1_0_19_BE_3_40_A00000_0_0_0.png,suspected rectangular raster background in transparent source,7af51802b84855ed288b38eed756d62f852904b73183e42bc0ac5e71bf86a009,SOURCE-REVIEW
"4,43,215,89",0.334229,0.0,0.0,0.916753,0.75,0.996109,0.999897,0.306405,t-ht,,,RECOVERY-SEARCH,16.0e,1_0_2_DF_2_40_A00000_0_0_0.png,picons/16.0e/t-ht/transparent/1_0_2_DF_2_40_A00000_0_0_0.png,suspected rectangular raster background in transparent source,321f9de3df52d8d5916e9ff746968a857ae34ef0eb69084ae56abd63533dd3db,SOURCE-REVIEW
"1,51,219,80",0.2177,0.0,0.0,0.913951,1.0,1.0,1.0,0.198967,telekom-srbija,,,RECOVERY-SEARCH,16.0e,1_0_1_1199_A028_16E_A00000_0_0_0.png,picons/16.0e/telekom-srbija/transparent/1_0_1_1199_A028_16E_A00000_0_0_0.png,suspected rectangular raster background in transparent source,3a1a4b5fa40745c00ea871770f1169d6f06e33a93ee567a889e92d0599174d56,SOURCE-REVIEW
"16,3,204,128",0.809229,0.0,0.0,0.972468,0.75,0.996805,0.999957,0.786949,telekom-srbija,,,RECOVERY-SEARCH,16.0e,1_0_1_119D_A028_16E_A00000_0_0_0.png,picons/16.0e/telekom-srbija/transparent/1_0_1_119D_A028_16E_A00000_0_0_0.png,suspected rectangular raster background in transparent source,ff1762dd54575e90a720dce2a28902c0f64b4479c2a65a2d913c73958eba47b8,SOURCE-REVIEW
"4,51,215,81",0.217975,0.0,0.0,0.913902,1.0,1.0,1.0,0.199208,telekom-srbija,,,RECOVERY-SEARCH,16.0e,1_0_1_5E5_4E84_16E_A00000_0_0_0.png,picons/16.0e/telekom-srbija/transparent/1_0_1_5E5_4E84_16E_A00000_0_0_0.png,suspected rectangular raster background in transparent source,be9373fa1aba78aa44af6f53f051f7f00a0a229d983beb352a4bee5fdb658da1,SOURCE-REVIEW
"41,0,179,131",0.622521,0.0,0.0,0.932847,1.0,0.992565,0.984733,0.580716,telekom-srbija,,,RECOVERY-SEARCH,16.0e,1_0_1_5F5_4E84_16E_A00000_0_0_0.png,picons/16.0e/telekom-srbija/transparent/1_0_1_5F5_4E84_16E_A00000_0_0_0.png,suspected rectangular raster background in transparent source,f7eb914f436ed973d903b8c30e4d36df0da04abae94763f23997570b3bb831d1,SOURCE-REVIEW
"1,49,218,83",0.254063,0.0,0.003984,0.932773,1.0,1.0,1.0,0.236983,telekom-srbija,,,RECOVERY-SEARCH,16.0e,1_0_1_5F7_4E84_16E_A00000_0_0_0.png,picons/16.0e/telekom-srbija/transparent/1_0_1_5F7_4E84_16E_A00000_0_0_0.png,suspected rectangular raster background in transparent source,cff36a184c589d70d95fc3d41ccd8d28d18f41aeed9d3ebcf4c921c763d2ef43,SOURCE-REVIEW
"1,51,219,80",0.2177,0.0,0.0,0.913951,1.0,1.0,1.0,0.198967,telekom-srbija,,,RECOVERY-SEARCH,16.0e,1_0_1_6D_9F60_16E_A00000_0_0_0.png,picons/16.0e/telekom-srbija/transparent/1_0_1_6D_9F60_16E_A00000_0_0_0.png,suspected rectangular raster background in transparent source,aa2a949cff695b303a13716428c2113ed61f5c42b3058a67c01ca66451e41411,SOURCE-REVIEW
"1,28,219,103",0.563017,0.0,0.0,0.955474,1.0,1.0,1.0,0.537948,telekom-srbija,,,RECOVERY-SEARCH,16.0e,1_0_1_7A_9F60_16E_A00000_0_0_0.png,picons/16.0e/telekom-srbija/transparent/1_0_1_7A_9F60_16E_A00000_0_0_0.png,suspected rectangular raster background in transparent source,77410c0bb9e6095f0d69d8f839710aa3dcee463fe03db57886262946fba912c5,SOURCE-REVIEW
"24,1,195,131",0.765496,0.0,0.0,0.475304,1.0,1.0,1.0,0.363843,total-tv,,,RECOVERY-SEARCH,16.0e,1_0_1_54E_75FB_16E_A00000_0_0_0.png,picons/16.0e/total-tv/transparent/1_0_1_54E_75FB_16E_A00000_0_0_0.png,suspected rectangular raster background in transparent source,6add1606fca655618350058f9fe7a5c1c767af286cb2098f65d1810ef58a1cac,SOURCE-REVIEW
"2,51,218,80",0.215702,0.0,0.0,0.922414,1.0,1.0,1.0,0.198967,total-tv,,,RECOVERY-SEARCH,16.0e,1_0_1_55C_75FB_16E_A00000_0_0_0.png,picons/16.0e/total-tv/transparent/1_0_1_55C_75FB_16E_A00000_0_0_0.png,suspected rectangular raster background in transparent source,4ff265e84435068ecbb666fa39d83703ec50f0a6d04290e6507386726bcdb14c,SOURCE-REVIEW
"4,12,215,119",0.777445,0.0,0.0,0.943527,0.75,0.996855,0.999956,0.73354,total-tv,,,RECOVERY-SEARCH,16.0e,1_0_1_5AF_75FC_16E_A00000_0_0_0.png,picons/16.0e/total-tv/transparent/1_0_1_5AF_75FC_16E_A00000_0_0_0.png,suspected rectangular raster background in transparent source,e9027d8aecd02610d6e9aa2f9e44117a9875824a2ca38a7f331a82df89d1ca7e,SOURCE-REVIEW
"1,43,219,88",0.33781,0.0,0.0,0.938022,1.0,1.0,1.0,0.316873,ab-sat,,,RECOVERY-SEARCH,19.2e,1_0_19_4286_446_1_C00000_0_0_0.png,picons/19.2e/ab-sat/transparent/1_0_19_4286_446_1_C00000_0_0_0.png,suspected rectangular raster background in transparent source,ee26e69b0d4d656b5b3ba2c41cf6b1f44be7e262a713ea3ab64976abe197cde3,SOURCE-REVIEW
"45,1,175,131",0.581956,0.0,0.0,0.969467,1.0,1.0,1.0,0.564187,ab-sat,,,RECOVERY-SEARCH,19.2e,1_0_19_428E_446_1_C00000_0_0_0.png,picons/19.2e/ab-sat/transparent/1_0_19_428E_446_1_C00000_0_0_0.png,suspected rectangular raster background in transparent source,c9a4818784b0371ea8892a368da05111165268bffcdd8b9a9b80e15b5e79e773,SOURCE-REVIEW
"12,1,208,131",0.87741,0.0,0.0,0.964521,1.0,1.0,1.0,0.846281,ab-sat,,,RECOVERY-SEARCH,19.2e,1_0_2_23CD_446_1_C00000_0_0_0.png,picons/19.2e/ab-sat/transparent/1_0_2_23CD_446_1_C00000_0_0_0.png,suspected rectangular raster background in transparent source,ddeeb1f5a9fbf6cf42e5e698942ecb2200a2dca34384b729a5be31e7ccbac734,SOURCE-REVIEW
"45,1,175,131",0.581956,0.0,0.0,0.969467,1.0,1.0,1.0,0.564187,ab-sat,,,RECOVERY-SEARCH,19.2e,1_0_2_23D0_446_1_C00000_0_0_0.png,picons/19.2e/ab-sat/transparent/1_0_2_23D0_446_1_C00000_0_0_0.png,suspected rectangular raster background in transparent source,44d3f0d3e868cb61252ab57ceb26c3de5bdc174d4b55a00d25fe098b69bc69db,SOURCE-REVIEW
"45,1,175,131",0.581956,0.0,0.0,0.969467,1.0,1.0,1.0,0.564187,ab-sat,,,RECOVERY-SEARCH,19.2e,1_0_2_23E2_446_1_C00000_0_0_0.png,picons/19.2e/ab-sat/transparent/1_0_2_23E2_446_1_C00000_0_0_0.png,suspected rectangular raster background in transparent source,a2797753afc9c38e1c1c1fe872fbcd93637ec0ffbe33a79074aeb4e96b5e3230,SOURCE-REVIEW
"45,1,175,131",0.581956,0.0,0.0,0.969467,1.0,1.0,1.0,0.564187,ard-ndr,,,RECOVERY-SEARCH,19.2e,1_0_A_28A4_40F_1_C00000_0_0_0.png,picons/19.2e/ard-ndr/transparent/1_0_A_28A4_40F_1_C00000_0_0_0.png,suspected rectangular raster background in transparent source,84714b25dced1d16124db29306b7a52846e6b59eb4ba19d22581e68c74731ba2,SOURCE-REVIEW
"45,1,175,131",0.581956,0.0,0.0,0.969467,1.0,1.0,1.0,0.564187,ard-ndr,,,RECOVERY-SEARCH,19.2e,1_0_A_28A5_40F_1_C00000_0_0_0.png,picons/19.2e/ard-ndr/transparent/1_0_A_28A5_40F_1_C00000_0_0_0.png,suspected rectangular raster background in transparent source,bb4e22c69a4f5618cb8ec358d3e06f0d0a15ab538eb008bda1b0163cb225875d,SOURCE-REVIEW
"1,29,219,103",0.55551,0.0,0.0,0.95512,1.0,1.0,1.0,0.530579,betadigital,,,RECOVERY-SEARCH,19.2e,1_0_2_A9_7_85_C00000_0_0_0.png,picons/19.2e/betadigital/transparent/1_0_2_A9_7_85_C00000_0_0_0.png,suspected rectangular raster background in transparent source,00d6c8d90f36329a3a9084bbf7b78739a66c15544e30cbdcfc202e4c113fff78,SOURCE-REVIEW
"45,1,175,131",0.581956,0.0,0.0,0.969467,1.0,1.0,1.0,0.564187,csat,,,RECOVERY-SEARCH,19.2e,1_0_19_206D_432_1_C00000_0_0_0.png,picons/19.2e/csat/transparent/1_0_19_206D_432_1_C00000_0_0_0.png,suspected rectangular raster background in transparent source,877ffebddf569417b115acd50ce365c2dd6733934f8507a62d01a8467c4684dd,SOURCE-REVIEW
"1,34,219,97",0.472934,0.0,0.0,0.862167,1.0,1.0,1.0,0.407748,csat,,,RECOVERY-SEARCH,19.2e,1_0_19_232C_442_1_C00000_0_0_0.png,picons/19.2e/csat/transparent/1_0_19_232C_442_1_C00000_0_0_0.png,suspected rectangular raster background in transparent source,37b31a5487cf1f6ada7170dbf944f437b819fe0bc40c9c6009b3bce0b14f09e0,SOURCE-REVIEW
"1,47,219,84",0.277755,0.0,0.0,0.928589,1.0,1.0,1.0,0.25792,csat,,,RECOVERY-SEARCH,19.2e,1_0_19_2332_442_1_C00000_0_0_0.png,picons/19.2e/csat/transparent/1_0_19_2332_442_1_C00000_0_0_0.png,suspected rectangular raster background in transparent source,f2ffa45000cbe8d1eaa817e978e0896ea5ab4df25068629858659699ebd747b0,SOURCE-REVIEW
"16,1,204,131",0.841598,0.0,0.0,0.963666,1.0,1.0,1.0,0.811019,csat,,,RECOVERY-SEARCH,19.2e,1_0_19_24C6_43C_1_C00000_0_0_0.png,picons/19.2e/csat/transparent/1_0_19_24C6_43C_1_C00000_0_0_0.png,suspected rectangular raster background in transparent source,b176996acb15bd1970ddaebd2d09916ddad2460c20d2d012997de9093520e6b7,SOURCE-REVIEW
"1,40,219,91",0.382851,0.0,0.0,0.943155,1.0,1.0,1.0,0.361088,csat,,,RECOVERY-SEARCH,19.2e,1_0_19_2581_448_1_C00000_0_0_0.png,picons/19.2e/csat/transparent/1_0_19_2581_448_1_C00000_0_0_0.png,suspected rectangular raster background in transparent source,ecd6b0b36bf11420867469097c373b39f316f2bbba4be68ded2f5d3334bd192e,SOURCE-REVIEW
"45,1,175,131",0.581956,0.0,0.0,0.969467,1.0,1.0,1.0,0.564187,csat,,,RECOVERY-SEARCH,19.2e,1_0_19_271A_44C_1_C00000_0_0_0.png,picons/19.2e/csat/transparent/1_0_19_271A_44C_1_C00000_0_0_0.png,suspected rectangular raster background in transparent source,be8f5db81ed0609fc304c71ad7a19ec7eb84e5ff06dc373869dfa2af3002265d,SOURCE-REVIEW
"2,1,217,131",0.962466,0.0,0.0,0.947979,0.0,0.818841,0.982433,0.912397,deutsche-welle,,,RECOVERY-SEARCH,19.2e,1_0_19_1647_42C_1_C00000_0_0_0.png,picons/19.2e/deutsche-welle/transparent/1_0_19_1647_42C_1_C00000_0_0_0.png,source is almost fully opaque across the 220x132 canvas,de5abe2ef0ec4a5ac3b46a7635d25ef90809a1415de559502effcd8bed83e406,SOURCE-REVIEW
"4,50,215,82",0.232507,0.0,0.0,0.910841,0.75,0.987654,0.990373,0.211777,mb-satellite,,,RECOVERY-SEARCH,19.2e,1_0_2_3E8_1_1_C0ADAE_0_0_0.png,picons/19.2e/mb-satellite/transparent/1_0_2_3E8_1_1_C0ADAE_0_0_0.png,suspected rectangular raster background in transparent source,96f79279b79826c7cb9290deb0b6c09144db1e7735f327bb05a7d5e58b50cd92,SOURCE-REVIEW
"4,50,215,82",0.232507,0.0,0.0,0.910841,0.75,0.987654,0.990373,0.211777,mb-satellite,,,RECOVERY-SEARCH,19.2e,1_0_2_7D0_1_1_C0ADAE_0_0_0.png,picons/19.2e/mb-satellite/transparent/1_0_2_7D0_1_1_C0ADAE_0_0_0.png,suspected rectangular raster background in transparent source,96f79279b79826c7cb9290deb0b6c09144db1e7735f327bb05a7d5e58b50cd92,SOURCE-REVIEW
"1,46,219,85",0.292769,0.0,0.0,0.926958,1.0,1.0,1.0,0.271384,orf,,,RECOVERY-SEARCH,19.2e,1_0_19_1330_3EF_1_C00000_0_0_0.png,picons/19.2e/orf/transparent/1_0_19_1330_3EF_1_C00000_0_0_0.png,suspected rectangular raster background in transparent source,fb335bccbc2a22c373714abfc473e6cea924e28d701dd5732ae126d0462f82ca,SOURCE-REVIEW
"1,46,219,85",0.292769,0.0,0.0,0.926958,1.0,1.0,1.0,0.271384,orf,,,RECOVERY-SEARCH,19.2e,1_0_19_1334_3EF_1_C00000_0_0_0.png,picons/19.2e/orf/transparent/1_0_19_1334_3EF_1_C00000_0_0_0.png,suspected rectangular raster background in transparent source,9e830d6dbb9679e700311d34fc812b5f8dd70e830e861cc251dd2cb77d099172,SOURCE-REVIEW
"1,46,219,85",0.292769,0.0,0.0,0.926958,1.0,1.0,1.0,0.271384,orf,,,RECOVERY-SEARCH,19.2e,1_0_19_33F5_3ED_1_C00000_0_0_0.png,picons/19.2e/orf/transparent/1_0_19_33F5_3ED_1_C00000_0_0_0.png,suspected rectangular raster background in transparent source,609fc572cde4f7c01d4a8800ca27d2a8b3220bbb179498d20884a4dbab900d2b,SOURCE-REVIEW
"1,46,219,85",0.292769,0.0,0.0,0.926958,1.0,1.0,1.0,0.271384,orf,,,RECOVERY-SEARCH,19.2e,1_0_19_33F6_3ED_1_C00000_0_0_0.png,picons/19.2e/orf/transparent/1_0_19_33F6_3ED_1_C00000_0_0_0.png,suspected rectangular raster background in transparent source,eff0e98fc0153d8ad73846678645eb2f1d75e3db2cdadd785809336f35d00b5b,SOURCE-REVIEW
"1,46,219,85",0.292769,0.0,0.0,0.926958,1.0,1.0,1.0,0.271384,orf,,,RECOVERY-SEARCH,19.2e,1_0_19_33F7_3ED_1_C00000_0_0_0.png,picons/19.2e/orf/transparent/1_0_19_33F7_3ED_1_C00000_0_0_0.png,suspected rectangular raster background in transparent source,df33290e1e4671db3eb98fd86d4a82438025ac8794b2e1eb1112ccd0d9b4ef75,SOURCE-REVIEW
"1,46,219,85",0.292769,0.0,0.0,0.926958,1.0,1.0,1.0,0.271384,orf,,,RECOVERY-SEARCH,19.2e,1_0_19_33F8_3ED_1_C00000_0_0_0.png,picons/19.2e/orf/transparent/1_0_19_33F8_3ED_1_C00000_0_0_0.png,suspected rectangular raster background in transparent source,8b8349c2bf9912ca2a332415df766bade550dc80fa9f9df78dd0a23cf33d5cb8,SOURCE-REVIEW
"1,46,219,85",0.292769,0.0,0.0,0.926958,1.0,1.0,1.0,0.271384,orf,,,RECOVERY-SEARCH,19.2e,1_0_19_33F9_3ED_1_C00000_0_0_0.png,picons/19.2e/orf/transparent/1_0_19_33F9_3ED_1_C00000_0_0_0.png,suspected rectangular raster background in transparent source,50d79a9c49e9df273ce9b10bd96819b4e915675cbb9baaac377fcb963273f683,SOURCE-REVIEW
"1,46,219,85",0.292769,0.0,0.0,0.926958,1.0,1.0,1.0,0.271384,orf,,,RECOVERY-SEARCH,19.2e,1_0_19_33FA_3ED_1_C00000_0_0_0.png,picons/19.2e/orf/transparent/1_0_19_33FA_3ED_1_C00000_0_0_0.png,suspected rectangular raster background in transparent source,840cc73ea6036719fdabe89761a5f6e5ae6ca3204fd67a0c18691cd88f59b984,SOURCE-REVIEW
"1,46,219,85",0.292769,0.0,0.0,0.926958,1.0,1.0,1.0,0.271384,orf,,,RECOVERY-SEARCH,19.2e,1_0_19_33FB_3ED_1_C00000_0_0_0.png,picons/19.2e/orf/transparent/1_0_19_33FB_3ED_1_C00000_0_0_0.png,suspected rectangular raster background in transparent source,34c4c765a7e1f958049c2d13b37f24aa0280778a68a04c5db9250764d7c35bb3,SOURCE-REVIEW
"1,33,219,99",0.495455,0.0,0.0,0.951904,1.0,1.0,1.0,0.471625,orf,,,RECOVERY-SEARCH,19.2e,1_0_A_134E_3EF_1_C00000_0_0_0.png,picons/19.2e/orf/transparent/1_0_A_134E_3EF_1_C00000_0_0_0.png,suspected rectangular raster background in transparent source,1ff8e053ec40773a7c7e1b36e08c0d5ec7f916adc0ac62ec8423a3dd6512a079,SOURCE-REVIEW
"1,33,219,99",0.495455,0.0,0.0,0.951904,1.0,1.0,1.0,0.471625,orf,,,RECOVERY-SEARCH,19.2e,1_0_A_1352_3EF_1_C00000_0_0_0.png,picons/19.2e/orf/transparent/1_0_A_1352_3EF_1_C00000_0_0_0.png,suspected rectangular raster background in transparent source,1c430752fc68aa7d9bfc767e0484c5f81457bc39b2b22ec52d3ec9f4c445e2e6,SOURCE-REVIEW
"45,1,175,131",0.581956,0.0,0.0,0.969467,1.0,1.0,1.0,0.564187,orf,,,RECOVERY-SEARCH,19.2e,1_0_A_1354_3EF_1_C00000_0_0_0.png,picons/19.2e/orf/transparent/1_0_A_1354_3EF_1_C00000_0_0_0.png,suspected rectangular raster background in transparent source,bc721f7e101086fd1c49c6bd2ab4751b637dfe38fc5dc545deb4c6ee5580d190,SOURCE-REVIEW
"12,1,207,131",0.872934,0.0,0.0,0.964418,1.0,1.0,1.0,0.841873,prosiebensat-1,,,RECOVERY-SEARCH,19.2e,1_0_1_445E_453_1_C00000_0_0_0.png,picons/19.2e/prosiebensat-1/transparent/1_0_1_445E_453_1_C00000_0_0_0.png,suspected rectangular raster background in transparent source,aa06410822db9667518634c38e6bf1afea818c46601936351bde152a84a9e6f5,SOURCE-REVIEW
"45,1,175,131",0.581956,0.0,0.0,0.969467,1.0,1.0,1.0,0.564187,prosiebensat-1,,,RECOVERY-SEARCH,19.2e,1_0_1_4E27_43A_1_C00000_0_0_0.png,picons/19.2e/prosiebensat-1/transparent/1_0_1_4E27_43A_1_C00000_0_0_0.png,suspected rectangular raster background in transparent source,e411e0c943fdfea5031f6cb7a73711ceaa685d488545be70da800f7887263b40,SOURCE-REVIEW
"5,0,214,131",0.942803,0.0,0.0,0.958399,0.5,0.994118,0.999927,0.903581,rtl-deutschland,,,RECOVERY-SEARCH,19.2e,1_0_1_2F3A_441_1_C00000_0_0_0.png,picons/19.2e/rtl-deutschland/transparent/1_0_1_2F3A_441_1_C00000_0_0_0.png,source is almost fully opaque across the 220x132 canvas,cbfca515f1e91094489d479d6e6655956a2eb4783f4ba9a6fc20cb5b7d446bba,SOURCE-REVIEW
"1,53,218,78",0.186811,0.0,0.0,0.890691,1.0,0.995868,0.995392,0.166391,zdfvision,,,RECOVERY-SEARCH,19.2e,1_0_2_2BB6_3F3_1_C00000_0_0_0.png,picons/19.2e/zdfvision/transparent/1_0_2_2BB6_3F3_1_C00000_0_0_0.png,suspected rectangular raster background in transparent source,758e32bd5b760e949c4a01c6b1b943a21f91110f5496d27547333c7f3e540fe1,SOURCE-REVIEW
"1,50,218,82",0.239118,0.0,0.0,0.902938,1.0,0.995984,0.995392,0.215909,zdfvision,,,RECOVERY-SEARCH,19.2e,1_0_2_2BB7_3F3_1_C00000_0_0_0.png,picons/19.2e/zdfvision/transparent/1_0_2_2BB7_3F3_1_C00000_0_0_0.png,suspected rectangular raster background in transparent source,600f36235ad74848aa99cc1fe2292e3845c899383ffe43ebc3cf3501e3528b6e,SOURCE-REVIEW
"1,53,219,79",0.195179,0.0,0.0,0.893437,1.0,0.995902,0.995413,0.17438,zdfvision,,,RECOVERY-SEARCH,19.2e,1_0_2_2BB8_3F3_1_C00000_0_0_0.png,picons/19.2e/zdfvision/transparent/1_0_2_2BB8_3F3_1_C00000_0_0_0.png,suspected rectangular raster background in transparent source,675ec0cb3e3f2c86709d84ec852603541dbf95ce900443f65bfd8be05a6cd0ef,SOURCE-REVIEW
"45,1,175,131",0.581956,0.0,0.0,0.969467,1.0,1.0,1.0,0.564187,m7-group,,,RECOVERY-SEARCH,23.5e,1_0_16_524F_C99_3_EB0000_0_0_0.png,picons/23.5e/m7-group/transparent/1_0_16_524F_C99_3_EB0000_0_0_0.png,suspected rectangular raster background in transparent source,170673e83da989db74db47869a50a34b115deacc4008f883b5af2b415c6bbf2a,SOURCE-REVIEW
"45,1,175,131",0.581956,0.0,0.0,0.969467,1.0,1.0,1.0,0.564187,m7-group,,,RECOVERY-SEARCH,23.5e,1_0_2_1831_C82_3_EB0000_0_0_0.png,picons/23.5e/m7-group/transparent/1_0_2_1831_C82_3_EB0000_0_0_0.png,suspected rectangular raster background in transparent source,78b18c40c763b9683926e524f3abe6a7846d53742d21c6e1ccff036215efcfad,SOURCE-REVIEW
"1,40,219,91",0.382851,0.0,0.0,0.942975,1.0,1.0,1.0,0.361019,skylink,,,RECOVERY-SEARCH,23.5e,1_0_1_139D_3EA_1_C00000_0_0_0.png,picons/23.5e/skylink/transparent/1_0_1_139D_3EA_1_C00000_0_0_0.png,suspected rectangular raster background in transparent source,0654744167ddf3ed2975a41b82d3abbd7a6ec6a4b28417d31a2ef3f9bd8b89c4,SOURCE-REVIEW
"2,1,217,131",0.962466,0.0,0.0,0.947979,0.0,0.818841,0.982433,0.912397,skylink,,,RECOVERY-SEARCH,23.5e,1_0_1_1647_42C_1_C00000_0_0_0.png,picons/23.5e/skylink/transparent/1_0_1_1647_42C_1_C00000_0_0_0.png,source is almost fully opaque across the 220x132 canvas,de5abe2ef0ec4a5ac3b46a7635d25ef90809a1415de559502effcd8bed83e406,SOURCE-REVIEW
"27,8,193,124",0.663085,0.0,0.404255,0.982759,1.0,1.0,1.0,0.651653,skylink,,,RECOVERY-SEARCH,23.5e,1_0_1_17E8_C82_3_EB0000_0_0_0.png,picons/23.5e/skylink/transparent/1_0_1_17E8_C82_3_EB0000_0_0_0.png,suspected rectangular raster background in transparent source,943fca10d71a248b38841307db80c2b313fc071b72470fed92973343581b9edf,SOURCE-REVIEW
"45,1,175,131",0.581956,0.0,0.0,0.969408,1.0,1.0,1.0,0.564153,skylink,,,RECOVERY-SEARCH,23.5e,1_0_1_1AF9_3FE_1_C00000_0_0_0.png,picons/23.5e/skylink/transparent/1_0_1_1AF9_3FE_1_C00000_0_0_0.png,suspected rectangular raster background in transparent source,e3b7fef33fba0877f8934b318671f66e13f3bc1b18de008c5c1473a5ce8610ee,SOURCE-REVIEW
"52,8,168,124",0.463361,1.0,0.978448,0.980083,1.0,1.0,1.0,0.454132,skylink,,,RECOVERY-SEARCH,23.5e,1_0_1_1AFA_3FE_1_C00000_0_0_0.png,picons/23.5e/skylink/transparent/1_0_1_1AFA_3FE_1_C00000_0_0_0.png,suspected opaque rectangular background in transparent source; suspected rectangular raster background in transparent source,8e03bb20e773a00335655288e8b05f65b58661397cec5524009cffe5c8a3b9a0,SOURCE-REVIEW
,,,,,,,,,skylink,,,RECOVERY-SEARCH,23.5e,1_0_1_1B03_3FE_1_C00000_0_0_0.png,picons/23.5e/skylink/transparent/1_0_1_1B03_3FE_1_C00000_0_0_0.png,empty alpha/fully transparent source,3a9d989efb79825210897109b53e212c017f727b2579901a1eba9455eaab8844,SOURCE-ERROR
"5,0,214,131",0.942803,0.0,0.0,0.958399,0.5,0.994118,0.999927,0.903581,skylink,,,RECOVERY-SEARCH,23.5e,1_0_1_2F3A_441_1_C00000_0_0_0.png,picons/23.5e/skylink/transparent/1_0_1_2F3A_441_1_C00000_0_0_0.png,source is almost fully opaque across the 220x132 canvas,cbfca515f1e91094489d479d6e6655956a2eb4783f4ba9a6fc20cb5b7d446bba,SOURCE-REVIEW
"8,15,212,117",0.716529,1.0,1.0,1.0,1.0,1.0,1.0,0.716529,skylink,,,RECOVERY-SEARCH,23.5e,1_0_1_3733_C8E_3_EB0000_0_0_0.png,picons/23.5e/skylink/transparent/1_0_1_3733_C8E_3_EB0000_0_0_0.png,suspected opaque rectangular background in transparent source; suspected rectangular raster background in transparent source,365806ac3755d947da64f555413e49a4649fe3d4ac1bc8ccb9a578db170dc4e9,SOURCE-REVIEW
"12,1,207,131",0.872934,0.0,0.0,0.964418,1.0,1.0,1.0,0.841873,skylink,,,RECOVERY-SEARCH,23.5e,1_0_1_445E_453_1_C00000_0_0_0.png,picons/23.5e/skylink/transparent/1_0_1_445E_453_1_C00000_0_0_0.png,suspected rectangular raster background in transparent source,aa06410822db9667518634c38e6bf1afea818c46601936351bde152a84a9e6f5,SOURCE-REVIEW
"1,51,219,80",0.2177,0.0,0.0,0.913951,1.0,1.0,1.0,0.198967,telekom-srbija,,,RECOVERY-SEARCH,23.5e,1_0_1_4E43_C9C_3_EB0000_0_0_0.png,picons/23.5e/telekom-srbija/transparent/1_0_1_4E43_C9C_3_EB0000_0_0_0.png,suspected rectangular raster background in transparent source,126253a6c421f8936655c267b99a7795eb0c2a7f472f4a9c6518855faa4eb455,SOURCE-REVIEW
"4,49,215,83",0.247039,0.0,0.0,0.871341,0.75,0.995918,0.999861,0.215255,telekom-srbija,,,RECOVERY-SEARCH,23.5e,1_0_1_4E4E_CA7_3_EB0000_0_0_0.png,picons/23.5e/telekom-srbija/transparent/1_0_1_4E4E_CA7_3_EB0000_0_0_0.png,suspected rectangular raster background in transparent source,11cf5023b11e132357ce6a2674b49eb2187c82b89c5517b662d438fba42f0b34,SOURCE-REVIEW
"1,52,219,79",0.202686,0.0,0.0,0.908936,1.0,1.0,1.0,0.184229,telekom-srbija,,,RECOVERY-SEARCH,23.5e,1_0_1_4E52_CA7_3_EB0000_0_0_0.png,picons/23.5e/telekom-srbija/transparent/1_0_1_4E52_CA7_3_EB0000_0_0_0.png,suspected rectangular raster background in transparent source,9cbd336f0326ed8885c257e1a52116dd4fac90ba431390d8648f3046108f5286,SOURCE-REVIEW
"2,51,218,80",0.215702,0.0,0.0,0.922414,1.0,1.0,1.0,0.198967,telekom-srbija,,,RECOVERY-SEARCH,23.5e,1_0_1_4E57_CA6_3_EB0000_0_0_0.png,picons/23.5e/telekom-srbija/transparent/1_0_1_4E57_CA6_3_EB0000_0_0_0.png,suspected rectangular raster background in transparent source,6e51d9c03a5e16e63715de61336518bddc7aac79c87218ad941131a5d96f1d09,SOURCE-REVIEW
"4,51,215,81",0.217975,0.0,0.0,0.913902,1.0,1.0,1.0,0.199208,telekom-srbija,,,RECOVERY-SEARCH,23.5e,1_0_1_4E6B_CA5_3_EB0000_0_0_0.png,picons/23.5e/telekom-srbija/transparent/1_0_1_4E6B_CA5_3_EB0000_0_0_0.png,suspected rectangular raster background in transparent source,be9373fa1aba78aa44af6f53f051f7f00a0a229d983beb352a4bee5fdb658da1,SOURCE-REVIEW
"2,50,218,82",0.238017,0.0,0.862903,0.990741,1.0,1.0,1.0,0.235813,telekom-srbija,,,RECOVERY-SEARCH,23.5e,1_0_1_4E78_CA8_3_EB0000_0_0_0.png,picons/23.5e/telekom-srbija/transparent/1_0_1_4E78_CA8_3_EB0000_0_0_0.png,suspected rectangular raster background in transparent source,aec08b540e7c0da12d959288e7e7f476cd61d014ed6cdc1e07038139eea4c101,SOURCE-REVIEW
"1,50,219,81",0.232713,0.0,0.0,0.918319,1.0,1.0,1.0,0.213705,telekom-srbija,,,RECOVERY-SEARCH,23.5e,1_0_1_4E9A_C9F_3_EB0000_0_0_0.png,picons/23.5e/telekom-srbija/transparent/1_0_1_4E9A_C9F_3_EB0000_0_0_0.png,suspected rectangular raster background in transparent source,cb8da1d84728f637acccfd60cb5133b6bc556c8feabd164ce83137765900ea7e,SOURCE-REVIEW
"1,42,219,90",0.360331,0.0,0.0,0.940749,1.0,1.0,1.0,0.338981,telekom-srbija,,,RECOVERY-SEARCH,23.5e,1_0_1_4EAB_CA6_3_EB0000_0_0_0.png,picons/23.5e/telekom-srbija/transparent/1_0_1_4EAB_CA6_3_EB0000_0_0_0.png,suspected rectangular raster background in transparent source,13db0741f1c4388676d70d9a53ec19b6e62cbd50a4e1b29e10759dfdc612ddfd,SOURCE-REVIEW
"47,3,173,129",0.546694,0.0,0.0,0.960695,0.75,0.996032,0.999937,0.525207,telekom-srbija,,,RECOVERY-SEARCH,23.5e,1_0_1_4EBB_C9F_3_EB0000_0_0_0.png,picons/23.5e/telekom-srbija/transparent/1_0_1_4EBB_C9F_3_EB0000_0_0_0.png,suspected rectangular raster background in transparent source,def781cb9a4ff13b3119b6ad0d528501f113e590b8e1a8e58c495b03dc179762,SOURCE-REVIEW
"1,41,219,91",0.375344,0.0,0.0,0.920367,1.0,0.988806,0.986239,0.345455,telekom-srbija,,,RECOVERY-SEARCH,23.5e,1_0_1_4EC3_CA4_3_EB0000_0_0_0.png,picons/23.5e/telekom-srbija/transparent/1_0_1_4EC3_CA4_3_EB0000_0_0_0.png,suspected rectangular raster background in transparent source,f7581fa23e8c9710737bd0745ace61bb6f8c9fa23c3d31ea4cb7ac7fcc98ddea,SOURCE-REVIEW
"1,51,219,80",0.2177,0.0,0.0,0.913951,1.0,1.0,1.0,0.198967,telekom-srbija,,,RECOVERY-SEARCH,23.5e,1_0_1_4EEC_CA8_3_EB0000_0_0_0.png,picons/23.5e/telekom-srbija/transparent/1_0_1_4EEC_CA8_3_EB0000_0_0_0.png,suspected rectangular raster background in transparent source,6295aa0913c5b4a8d7f86a42d459b0caa3537f9d2d4e995e517a338c815b23a4,SOURCE-REVIEW
"4,13,215,119",0.770179,0.0,0.0,0.967182,0.75,0.996845,0.999955,0.744904,telekom-srbija,,,RECOVERY-SEARCH,23.5e,1_0_1_4EFB_CA5_3_EB0000_0_0_0.png,picons/23.5e/telekom-srbija/transparent/1_0_1_4EFB_CA5_3_EB0000_0_0_0.png,suspected rectangular raster background in transparent source,a4b0bc3b1ae4b8750fee26c8cd594eb8715b46d6b882be9a733364e641fd28c5,SOURCE-REVIEW
"45,1,175,131",0.581956,0.0,0.0,0.969467,1.0,1.0,1.0,0.564187,telekom-srbija,,,RECOVERY-SEARCH,23.5e,1_0_1_4F02_C9F_3_EB0000_0_0_0.png,picons/23.5e/telekom-srbija/transparent/1_0_1_4F02_C9F_3_EB0000_0_0_0.png,suspected rectangular raster background in transparent source,9f0f4e589163222ddc1465b8f7a3954274c00a2f07c7d8e419b06748e3807b7f,SOURCE-REVIEW
"45,1,174,131",0.577479,0.0,0.0,0.96935,1.0,1.0,1.0,0.55978,telekom-srbija,,,RECOVERY-SEARCH,23.5e,1_0_1_4F06_CA5_3_EB0000_0_0_0.png,picons/23.5e/telekom-srbija/transparent/1_0_1_4F06_CA5_3_EB0000_0_0_0.png,suspected rectangular raster background in transparent source,a571f77d32c8e570ed42ba77810d3fa6f48351ed948acfa8572bc5a6d5401daf,SOURCE-REVIEW
"45,1,175,131",0.581956,0.0,0.0,0.969467,1.0,1.0,1.0,0.564187,telekom-srbija,,,RECOVERY-SEARCH,23.5e,1_0_1_4F10_C9C_3_EB0000_0_0_0.png,picons/23.5e/telekom-srbija/transparent/1_0_1_4F10_C9C_3_EB0000_0_0_0.png,suspected rectangular raster background in transparent source,7993330d5030db00c175cc4abfec5ec09ccd555865b84b8c0c9d7ce01691df3f,SOURCE-REVIEW
"4,30,215,102",0.52314,0.0,0.0,0.922196,1.0,1.0,1.0,0.482438,telekom-srbija,,,RECOVERY-SEARCH,23.5e,1_0_1_4F3D_C9F_3_EB0000_0_0_0.png,picons/23.5e/telekom-srbija/transparent/1_0_1_4F3D_C9F_3_EB0000_0_0_0.png,suspected rectangular raster background in transparent source,d1fd280d1a7e7444df74d1b0eb69044a5c4ba6627a9beea13f8eab91a6366e30,SOURCE-REVIEW
"4,42,215,90",0.34876,0.0,0.0,0.94925,1.0,1.0,1.0,0.331061,eshailsat,,,RECOVERY-SEARCH,26.0e,1_0_2_5024_802_E0_1040000_0_0_0.png,picons/26.0e/eshailsat/transparent/1_0_2_5024_802_E0_1040000_0_0_0.png,suspected rectangular raster background in transparent source,8a300a0933cdac4dbe423de3be102a767f39a268682f11394de0409ee5826253,SOURCE-REVIEW
"45,1,175,131",0.581956,0.0,0.0,0.969467,1.0,1.0,1.0,0.564187,jmc,,,RECOVERY-SEARCH,26.0e,1_0_1_73A_1FA_2BE_1040000_0_0_0.png,picons/26.0e/jmc/transparent/1_0_1_73A_1FA_2BE_1040000_0_0_0.png,suspected rectangular raster background in transparent source,365ab6866203e3b2af2447914f3aa5a7d851fd4a4fa857d00d30d82e02acc96f,SOURCE-REVIEW
"2,26,217,107",0.59969,0.0,0.0,0.966236,0.75,0.996622,0.999943,0.579442,mbc,,,RECOVERY-SEARCH,26.0e,1_0_1_B_146E_2BE_1040000_0_0_0.png,picons/26.0e/mbc/transparent/1_0_1_B_146E_2BE_1040000_0_0_0.png,suspected rectangular raster background in transparent source,a418ecb207cfc23b415a4f7d082effd09d70d9a491133f9a8f2bd4d915b84d88,SOURCE-REVIEW
"2,16,218,115",0.736364,0.0,0.0,0.950711,1.0,1.0,1.0,0.700069,nilesat,,,RECOVERY-SEARCH,26.0e,1_0_19_5147_820_E0_1040000_0_0_0.png,picons/26.0e/nilesat/transparent/1_0_19_5147_820_E0_1040000_0_0_0.png,suspected rectangular raster background in transparent source,e4595550f56894276b5323f1294f9afc4d75f22fcc05866f31ca000362330096,SOURCE-REVIEW
"3,12,218,120",0.799587,0.0,0.0,0.642076,0.75,0.995356,0.999914,0.513395,snrt,,,RECOVERY-SEARCH,26.0e,1_0_1_2_1_1_104ABAC_0_0_0.png,picons/26.0e/snrt/transparent/1_0_1_2_1_1_104ABAC_0_0_0.png,suspected rectangular raster background in transparent source,1cd1eec9ef85d7738b0a1683ebb9bf6e3a98bce3fcba82cf5ce4888c4104796a,SOURCE-REVIEW
"3,12,218,120",0.799587,0.0,0.0,0.643928,0.75,0.996904,0.999957,0.514876,soread-2m,,,RECOVERY-SEARCH,26.0e,1_0_1_10_146F_2BE_1040000_0_0_0.png,picons/26.0e/soread-2m/transparent/1_0_1_10_146F_2BE_1040000_0_0_0.png,suspected rectangular raster background in transparent source,6e18b4f3935914baae8961e79d695a71fec170c0113c7bee08aa682f06f009ae,SOURCE-REVIEW
"4,42,215,90",0.34876,0.0,0.0,0.94925,1.0,1.0,1.0,0.331061,tda,,,RECOVERY-SEARCH,26.0e,1_0_2_14_2_FFFF_104B0EB_0_0_0.png,picons/26.0e/tda/transparent/1_0_2_14_2_FFFF_104B0EB_0_0_0.png,suspected rectangular raster background in transparent source,8a300a0933cdac4dbe423de3be102a767f39a268682f11394de0409ee5826253,SOURCE-REVIEW
"1,37,219,95",0.435399,0.0,0.0,0.878678,1.0,0.985507,0.981651,0.382576,bskyb,,,RECOVERY-SEARCH,28.2e,1_0_19_1792_7F2_2_11A0000_0_0_0.png,picons/28.2e/bskyb/transparent/1_0_19_1792_7F2_2_11A0000_0_0_0.png,suspected rectangular raster background in transparent source,52c303a9b2e236c7c24e47cd692e9513996fb871c81f2cdd0933c3d2d7a33b1e,SOURCE-REVIEW
"43,1,177,131",0.599862,0.0,0.0,0.96992,1.0,1.0,1.0,0.581818,bskyb,,,RECOVERY-SEARCH,28.2e,1_0_19_C530_813_2_11A0000_0_0_0.png,picons/28.2e/bskyb/transparent/1_0_19_C530_813_2_11A0000_0_0_0.png,suspected rectangular raster background in transparent source,2619270e8d549bcf0d5d5e2fb7ab89817473be37f86af1c90fd06a0c3546839b,SOURCE-REVIEW
"47,1,173,131",0.56405,0.0,0.0,0.968987,1.0,1.0,1.0,0.546556,bskyb,,,RECOVERY-SEARCH,28.2e,1_0_1_1DC1_82D_2_11A0000_0_0_0.png,picons/28.2e/bskyb/transparent/1_0_1_1DC1_82D_2_11A0000_0_0_0.png,suspected rectangular raster background in transparent source,04af6c84bf6c5da2ef7e13cb70b1f36d87b8131864d3b283c9d76656f92ddd8a,SOURCE-REVIEW
"45,1,175,131",0.581956,0.0,0.0,0.954438,1.0,1.0,1.0,0.555441,bskyb,,,RECOVERY-SEARCH,28.2e,1_0_1_CF9C_83A_2_11A0000_0_0_0.png,picons/28.2e/bskyb/transparent/1_0_1_CF9C_83A_2_11A0000_0_0_0.png,suspected rectangular raster background in transparent source,abd372f188e1a11a11936477abea9be62714d7e63aa529255e4a326eb7b143c9,SOURCE-REVIEW
"18,1,202,131",0.823691,0.0,0.0,0.960619,0.75,0.955414,0.99699,0.791253,bskyb,,,RECOVERY-SEARCH,28.2e,1_0_1_D3C2_839_2_11A0000_0_0_0.png,picons/28.2e/bskyb/transparent/1_0_1_D3C2_839_2_11A0000_0_0_0.png,suspected rectangular raster background in transparent source,a0bcd5eeb60767bd16ec6d3d09ccd8146d7448204a7d3dcf2e7789bc027f3b99,SOURCE-REVIEW
"1,3,219,128",0.938361,0.0,0.0,0.965945,0.75,0.997085,0.999963,0.906405,bskyb,,,RECOVERY-SEARCH,28.2e,1_0_1_D3CD_839_2_11A0000_0_0_0.png,picons/28.2e/bskyb/transparent/1_0_1_D3CD_839_2_11A0000_0_0_0.png,suspected rectangular raster background in transparent source; source is almost fully opaque across the 220x132 canvas,5dc3e04f5b0c805d00ecd8d6f700aea221c6e01fc1406b9056fe899243454c5f,SOURCE-REVIEW
"1,38,219,93",0.412879,0.0,0.0,0.945955,1.0,1.0,1.0,0.390565,bskyb,,,RECOVERY-SEARCH,28.2e,1_0_1_D748_82F_2_11A0000_0_0_0.png,picons/28.2e/bskyb/transparent/1_0_1_D748_82F_2_11A0000_0_0_0.png,suspected rectangular raster background in transparent source,3af3dea6407c54228db45ccb1213518ebb9b1c2c0b1a6957123f501460ee6585,SOURCE-REVIEW
"65,1,154,131",0.398416,0.0,0.0,0.940449,1.0,1.0,1.0,0.37469,bskyb,,,RECOVERY-SEARCH,28.2e,1_0_1_D78D_82F_2_11A0000_0_0_0.png,picons/28.2e/bskyb/transparent/1_0_1_D78D_82F_2_11A0000_0_0_0.png,suspected rectangular raster background in transparent source,5a700e92666fb2a24a93fe859bbeaa0db1763d3f869072638b1185f883bbce1d,SOURCE-REVIEW
"38,1,181,131",0.640152,0.0,0.0,0.970845,1.0,1.0,1.0,0.621488,bskyb,,,RECOVERY-SEARCH,28.2e,1_0_1_D791_82F_2_11A0000_0_0_0.png,picons/28.2e/bskyb/transparent/1_0_1_D791_82F_2_11A0000_0_0_0.png,suspected rectangular raster background in transparent source,0e5dbd083ceabfe101c6f66a323e26774de714b0f9921a36f8f33a2f30253f97,SOURCE-REVIEW
"41,2,179,130",0.608264,0.0,0.0,0.970109,1.0,1.0,1.0,0.590083,bskyb,,,RECOVERY-SEARCH,28.2e,1_0_1_D86C_82C_2_11A0000_0_0_0.png,picons/28.2e/bskyb/transparent/1_0_1_D86C_82C_2_11A0000_0_0_0.png,suspected rectangular raster background in transparent source,9a540dac30add4f48c82cb9fecafa32048b0bc5834668be0b7bbc8755245300a,SOURCE-REVIEW
"3,12,218,120",0.799587,0.0,0.0,0.642076,0.75,0.995356,0.999914,0.513395,soread-2m,,,RECOVERY-SEARCH,3.0e,1_0_1_67_1_1_1E2D88_0_0_0.png,picons/3.0e/soread-2m/transparent/1_0_1_67_1_1_1E2D88_0_0_0.png,suspected rectangular raster background in transparent source,1cd1eec9ef85d7738b0a1683ebb9bf6e3a98bce3fcba82cf5ce4888c4104796a,SOURCE-REVIEW
"1,1,219,130",0.968388,0.0,0.0,0.966432,1.0,1.0,1.0,0.935882,cnn-portugal,,,RECOVERY-SEARCH,30.0w,1_0_1_9C_65_53_CE40000_0_0_0.png,picons/30.0w/cnn-portugal/transparent/1_0_1_9C_65_53_CE40000_0_0_0.png,suspected rectangular raster background in transparent source; source is almost fully opaque across the 220x132 canvas,845204a4b0daaed51309ae3b3a9d98f01ab1b64d22939290f9ece02b392c8438,SOURCE-REVIEW
"48,0,173,132",0.568182,1.0,1.0,1.0,1.0,1.0,1.0,0.568182,jose-mederos,,,RECOVERY-SEARCH,30.0w,1_0_1_1_1_FFFF_CE43140_0_0_0.png,picons/30.0w/jose-mederos/transparent/1_0_1_1_1_FFFF_CE43140_0_0_0.png,suspected opaque rectangular background in transparent source; suspected rectangular raster background in transparent source,a26499ca8b50746c57800260b11522773b817e5f5e844cbb99377431c59ead06,SOURCE-REVIEW
"45,1,175,131",0.581956,0.0,0.0,0.969467,1.0,1.0,1.0,0.564187,sid-fuel-tv,,,RECOVERY-SEARCH,30.0w,1_0_1_329_2F_36_CE40000_0_0_0.png,picons/30.0w/sid-fuel-tv/transparent/1_0_1_329_2F_36_CE40000_0_0_0.png,suspected rectangular raster background in transparent source,2991a60c9183f97a715567e1e386f3f0e985fb6494c246e91f090ed4bb02ea8f,SOURCE-REVIEW
"16,1,203,131",0.837121,0.0,0.0,0.963554,1.0,1.0,1.0,0.806612,trace-toca,,,RECOVERY-SEARCH,30.0w,1_0_1_327_2F_36_CE40000_0_0_0.png,picons/30.0w/trace-toca/transparent/1_0_1_327_2F_36_CE40000_0_0_0.png,suspected rectangular raster background in transparent source,a80928f685e3274870fd3cbe44d62b27eadadf3a4dc2ce314b4115dd509f1759,SOURCE-REVIEW
"2,1,217,131",0.962466,0.0,0.0,0.947979,0.0,0.818841,0.982433,0.912397,tsa,,,RECOVERY-SEARCH,30.0w,1_0_1_834_6_6_CE40000_0_0_0.png,picons/30.0w/tsa/transparent/1_0_1_834_6_6_CE40000_0_0_0.png,source is almost fully opaque across the 220x132 canvas,de5abe2ef0ec4a5ac3b46a7635d25ef90809a1415de559502effcd8bed83e406,SOURCE-REVIEW
"3,12,218,120",0.799587,0.0,0.0,0.643928,0.75,0.996904,0.999957,0.514876,soread-2m,,,RECOVERY-SEARCH,30.5e,1_0_1_1_1_FFFF_1312B86_0_0_0.png,picons/30.5e/soread-2m/transparent/1_0_1_1_1_FFFF_1312B86_0_0_0.png,suspected rectangular raster background in transparent source,6e18b4f3935914baae8961e79d695a71fec170c0113c7bee08aa682f06f009ae,SOURCE-REVIEW
"1,42,219,90",0.360331,0.0,0.0,0.938933,1.0,1.0,1.0,0.338326,a1-bg,,,RECOVERY-SEARCH,39.0e,1_0_1F_85_B1_39E_1860000_0_0_0.png,picons/39.0e/a1-bg/transparent/1_0_1F_85_B1_39E_1860000_0_0_0.png,suspected rectangular raster background in transparent source,6c18930b691bd4a88b84ac6f97b24fc98b9e19a06c4071f7e4632161dc937af0,SOURCE-REVIEW
"1,8,219,124",0.870799,0.0,0.0,0.964726,1.0,1.0,1.0,0.840083,a1-bg,,,RECOVERY-SEARCH,39.0e,1_0_1F_90_B1_39E_1860000_0_0_0.png,picons/39.0e/a1-bg/transparent/1_0_1F_90_B1_39E_1860000_0_0_0.png,suspected rectangular raster background in transparent source,8a9df8b140278cbabb9c1c4721cf06de6aa3770863377b2a95471a8e31b275c9,SOURCE-REVIEW
"1,3,219,129",0.945868,0.0,0.0,0.964104,0.0,0.918605,0.997015,0.911915,bulsatcom,,,RECOVERY-SEARCH,39.0e,1_0_16_3F2_1_1_1862FEF_0_0_0.png,picons/39.0e/bulsatcom/transparent/1_0_16_3F2_1_1_1862FEF_0_0_0.png,source is almost fully opaque across the 220x132 canvas,33fef6416d1708545b90ba3184b95233f63afdbe3dbdc1b9f88d3f002b9df2b2,SOURCE-REVIEW
"17,35,204,98",0.405682,0.0,0.0,0.957898,1.0,1.0,1.0,0.388602,hellassat,,,RECOVERY-SEARCH,39.0e,1_0_1_D_2_20C4_1860000_0_0_0.png,picons/39.0e/hellassat/transparent/1_0_1_D_2_20C4_1860000_0_0_0.png,suspected rectangular raster background in transparent source,4e10619e4b3e84e8d24678122f61729fb22f70bf3dc5d2b66d3bd9fcb32b32c3,SOURCE-REVIEW
"1,42,219,89",0.352824,0.0,0.0,0.939879,1.0,1.0,1.0,0.331612,tring,,,RECOVERY-SEARCH,39.0e,1_0_1_6AE_3FC_39E_1860000_0_0_0.png,picons/39.0e/tring/transparent/1_0_1_6AE_3FC_39E_1860000_0_0_0.png,suspected rectangular raster background in transparent source,9e30af551c95cbdb4f1baeae67beed1ee85d49169550f0adba40e29b1132ad46,SOURCE-REVIEW
"1,51,219,81",0.225207,0.0,0.0,0.916208,1.0,1.0,1.0,0.206336,tring-tv,,,RECOVERY-SEARCH,39.0e,1_0_1_1194_3FC_39E_1860000_0_0_0.png,picons/39.0e/tring-tv/transparent/1_0_1_1194_3FC_39E_1860000_0_0_0.png,suspected rectangular raster background in transparent source,5dda1a5ba5af07af87afdf9f143690b41855d5968b39f2387b2b803cc40a2121,SOURCE-REVIEW
"1,44,219,88",0.330303,0.0,0.0,0.910759,1.0,0.98855,0.986239,0.300826,tring-tv,,,RECOVERY-SEARCH,39.0e,1_0_1_1874_3FC_39E_1860000_0_0_0.png,picons/39.0e/tring-tv/transparent/1_0_1_1874_3FC_39E_1860000_0_0_0.png,suspected rectangular raster background in transparent source,0b71ee7690814b699a8148713db8b5bca227e314b1d9b6fc8266302805efd33d,SOURCE-REVIEW
"1,43,219,89",0.345317,0.0,0.0,0.938971,1.0,1.0,1.0,0.324242,tring-tv,,,RECOVERY-SEARCH,39.0e,1_0_1_4BA_3F2_39E_1860000_0_0_0.png,picons/39.0e/tring-tv/transparent/1_0_1_4BA_3F2_39E_1860000_0_0_0.png,suspected rectangular raster background in transparent source,2311629853446f6b3f916e0c8ef2ff650fc6951da2365ca244f885aeb70a316b,SOURCE-REVIEW
"1,40,219,91",0.382851,0.0,0.0,0.943155,1.0,1.0,1.0,0.361088,tring-tv,,,RECOVERY-SEARCH,39.0e,1_0_1_7DA_3F2_39E_1860000_0_0_0.png,picons/39.0e/tring-tv/transparent/1_0_1_7DA_3F2_39E_1860000_0_0_0.png,suspected rectangular raster background in transparent source,2926db210f6f97a882af14adc66a13ea6214b2414e4d750cef60122f0f7518c4,SOURCE-REVIEW
"1,40,219,92",0.390358,0.0,0.0,0.943896,1.0,1.0,1.0,0.368457,tring-tv,,,RECOVERY-SEARCH,39.0e,1_0_1_8A2_3F2_39E_1860000_0_0_0.png,picons/39.0e/tring-tv/transparent/1_0_1_8A2_3F2_39E_1860000_0_0_0.png,suspected rectangular raster background in transparent source,008b68974de9be5ad6e78745baa571c52b76708fdb85118a16ea7eaf8f4dfacf,SOURCE-REVIEW
"1,40,219,91",0.382851,0.0,0.0,0.943155,1.0,1.0,1.0,0.361088,tring-tv,,,RECOVERY-SEARCH,39.0e,1_0_1_8D4_3F2_39E_1860000_0_0_0.png,picons/39.0e/tring-tv/transparent/1_0_1_8D4_3F2_39E_1860000_0_0_0.png,suspected rectangular raster background in transparent source,f5198592436e441b1301b94943300b8e865ad162f3fb0cce953322d8ade839c0,SOURCE-REVIEW
"1,35,219,96",0.45792,0.0,0.0,0.949466,1.0,1.0,1.0,0.43478,tring-tv,,,RECOVERY-SEARCH,39.0e,1_0_1_938_3F2_39E_1860000_0_0_0.png,picons/39.0e/tring-tv/transparent/1_0_1_938_3F2_39E_1860000_0_0_0.png,suspected rectangular raster background in transparent source,ab0ff99d8f60c2b8ff4e6bb98be1313035d72f2df2399b9e27c8d7ca0c5d2a3d,SOURCE-REVIEW
"1,43,219,89",0.345317,0.0,0.0,0.938971,1.0,1.0,1.0,0.324242,tring-tv,,,RECOVERY-SEARCH,39.0e,1_0_1_96A_3F2_39E_1860000_0_0_0.png,picons/39.0e/tring-tv/transparent/1_0_1_96A_3F2_39E_1860000_0_0_0.png,suspected rectangular raster background in transparent source,162f7580ded97979b49688d9b3d504820b535045fa9bac5e005c1f8bad24fa16,SOURCE-REVIEW
"1,43,219,88",0.33781,0.0,0.0,0.938022,1.0,1.0,1.0,0.316873,tring-tv,,,RECOVERY-SEARCH,39.0e,1_0_1_99C_3F2_39E_1860000_0_0_0.png,picons/39.0e/tring-tv/transparent/1_0_1_99C_3F2_39E_1860000_0_0_0.png,suspected rectangular raster background in transparent source,11f1259620c12a20002f2598532e38c70e4c5a3bc79ffd3cfee880e04280571f,SOURCE-REVIEW
"1,41,219,90",0.367837,0.0,0.0,0.941584,1.0,1.0,1.0,0.34635,tring-tv,,,RECOVERY-SEARCH,39.0e,1_0_1_9CE_3FC_39E_1860000_0_0_0.png,picons/39.0e/tring-tv/transparent/1_0_1_9CE_3FC_39E_1860000_0_0_0.png,suspected rectangular raster background in transparent source,50b810ed2fb48ffe28a0de12df0a2e2e24c9db0c79428f21dcf64547ffb24cba,SOURCE-REVIEW
"1,42,219,89",0.352824,0.0,0.0,0.939879,1.0,1.0,1.0,0.331612,tring-tv,,,RECOVERY-SEARCH,39.0e,1_0_1_A64_3FC_39E_1860000_0_0_0.png,picons/39.0e/tring-tv/transparent/1_0_1_A64_3FC_39E_1860000_0_0_0.png,suspected rectangular raster background in transparent source,c3a2f1ac170afb65b40e29771f073bff4036f6c9d4a7330e17d8fa2aad95d40c,SOURCE-REVIEW
"1,43,219,88",0.33781,0.0,0.0,0.938022,1.0,1.0,1.0,0.316873,tring-tv,,,RECOVERY-SEARCH,39.0e,1_0_1_A96_3F2_39E_1860000_0_0_0.png,picons/39.0e/tring-tv/transparent/1_0_1_A96_3F2_39E_1860000_0_0_0.png,suspected rectangular raster background in transparent source,7fc3903c301ba1808462e1ff1080187c5ad71c50a36fd409a301aec9755867f0,SOURCE-REVIEW
"1,42,219,89",0.352824,0.0,0.0,0.939879,1.0,1.0,1.0,0.331612,tring-tv,,,RECOVERY-SEARCH,39.0e,1_0_1_AC8_3F2_39E_1860000_0_0_0.png,picons/39.0e/tring-tv/transparent/1_0_1_AC8_3F2_39E_1860000_0_0_0.png,suspected rectangular raster background in transparent source,66bd17140af26f87179e8ba6a899cef144fd71fc51218be080f6cb89e70a1cc4,SOURCE-REVIEW
"1,49,219,83",0.255234,0.0,0.0,0.902321,1.0,0.992063,0.990826,0.230303,tring-tv,,,RECOVERY-SEARCH,39.0e,1_0_1_AFA_3F2_39E_1860000_0_0_0.png,picons/39.0e/tring-tv/transparent/1_0_1_AFA_3F2_39E_1860000_0_0_0.png,suspected rectangular raster background in transparent source,1d55fa789147d8e7401d66ffed8e2373468d83c2208ba6a8613683614282b4e5,SOURCE-REVIEW
"1,44,219,88",0.330303,0.0,0.0,0.910759,1.0,0.98855,0.986239,0.300826,tring-tv,,,RECOVERY-SEARCH,39.0e,1_0_1_B2C_3F2_39E_1860000_0_0_0.png,picons/39.0e/tring-tv/transparent/1_0_1_B2C_3F2_39E_1860000_0_0_0.png,suspected rectangular raster background in transparent source,7edfe30531344568dd07f51eb4a207da0c706431407c41636b161b318c503384,SOURCE-REVIEW
"1,44,219,88",0.330303,0.0,0.0,0.910759,1.0,0.98855,0.986239,0.300826,tring-tv,,,RECOVERY-SEARCH,39.0e,1_0_1_B5E_3F2_39E_1860000_0_0_0.png,picons/39.0e/tring-tv/transparent/1_0_1_B5E_3F2_39E_1860000_0_0_0.png,suspected rectangular raster background in transparent source,236e3ff0fafde9bb1d80c28be80483864764cf3bcb1a583f495699a053249afc,SOURCE-REVIEW
"1,38,219,94",0.420386,0.0,0.0,0.946592,1.0,1.0,1.0,0.397934,tring-tv,,,RECOVERY-SEARCH,39.0e,1_0_1_C26_3FC_39E_1860000_0_0_0.png,picons/39.0e/tring-tv/transparent/1_0_1_C26_3FC_39E_1860000_0_0_0.png,suspected rectangular raster background in transparent source,477e86f92bcd3bc96d5ad55b2ab8d13d080f9e3716a17e4cb1f3f367be908871,SOURCE-REVIEW
"1,38,219,93",0.412879,0.0,0.0,0.932694,1.0,1.0,1.0,0.38509,tring-tv,,,RECOVERY-SEARCH,39.0e,1_0_1_C58_3F2_39E_1860000_0_0_0.png,picons/39.0e/tring-tv/transparent/1_0_1_C58_3F2_39E_1860000_0_0_0.png,suspected rectangular raster background in transparent source,496fcdc6839606c4f7b7263f8895d38398d08cbbd2d93ecea5d31e44a51df40c,SOURCE-REVIEW
"1,44,219,88",0.330303,0.0,0.0,0.910759,1.0,0.98855,0.986239,0.300826,tring-tv,,,RECOVERY-SEARCH,39.0e,1_0_1_C8A_3F2_39E_1860000_0_0_0.png,picons/39.0e/tring-tv/transparent/1_0_1_C8A_3F2_39E_1860000_0_0_0.png,suspected rectangular raster background in transparent source,92fbc4fdf37090cfd7a83570fc4dfc77a5fd8144dfb841f38c2673d0e04f7599,SOURCE-REVIEW
"1,46,219,85",0.292769,0.0,0.0,0.93131,1.0,1.0,1.0,0.272658,tring-tv,,,RECOVERY-SEARCH,39.0e,1_0_1_C8A_3FC_39E_1860000_0_0_0.png,picons/39.0e/tring-tv/transparent/1_0_1_C8A_3FC_39E_1860000_0_0_0.png,suspected rectangular raster background in transparent source,b84d81a19997123154d01e94912d8c8efd18b8bb8cf4c0b1c8e0568cc5310999,SOURCE-REVIEW
"1,34,219,97",0.472934,0.0,0.0,0.950488,1.0,1.0,1.0,0.449518,tring-tv,,,RECOVERY-SEARCH,39.0e,1_0_1_CEE_3F2_39E_1860000_0_0_0.png,picons/39.0e/tring-tv/transparent/1_0_1_CEE_3F2_39E_1860000_0_0_0.png,suspected rectangular raster background in transparent source,e7570dfa4ca76759de07bfa75cfea7b49706b7d535c89a6a6e9687c9f160aa96,SOURCE-REVIEW
"1,42,219,89",0.352824,0.0,0.0,0.939879,1.0,1.0,1.0,0.331612,tring-tv,,,RECOVERY-SEARCH,39.0e,1_0_1_E7E_3F2_39E_1860000_0_0_0.png,picons/39.0e/tring-tv/transparent/1_0_1_E7E_3F2_39E_1860000_0_0_0.png,suspected rectangular raster background in transparent source,dc4cbdfc4480b9c49a9bcde81b03c0ba5709a708f521d7bbe4ba544cca6b0170,SOURCE-REVIEW
"1,43,219,89",0.345317,0.0,0.0,0.938971,1.0,1.0,1.0,0.324242,tring-tv,,,RECOVERY-SEARCH,39.0e,1_0_1_EB0_3F2_39E_1860000_0_0_0.png,picons/39.0e/tring-tv/transparent/1_0_1_EB0_3F2_39E_1860000_0_0_0.png,suspected rectangular raster background in transparent source,e9d8d73495c4f4ecb53fa618bb523ad48f0f8d947b4b7f28f57992fdff03aca2,SOURCE-REVIEW
"1,40,219,92",0.390358,0.0,0.0,0.943896,1.0,1.0,1.0,0.368457,ebu-eurovision,,,RECOVERY-SEARCH,4.8e,1_0_19_1EE9_2E_55_300000_0_0_0.png,picons/4.8e/ebu-eurovision/transparent/1_0_19_1EE9_2E_55_300000_0_0_0.png,suspected rectangular raster background in transparent source,fefb29cc7f096f3f976532c02f2683e9f09bb170923e7c1e82bc1cb1fdc2c124,SOURCE-REVIEW
"4,36,215,96",0.43595,0.0,0.0,0.8906,1.0,1.0,1.0,0.388258,sis-limited,,,RECOVERY-SEARCH,4.8e,1_0_1_7_C9_1_300000_0_0_0.png,picons/4.8e/sis-limited/transparent/1_0_1_7_C9_1_300000_0_0_0.png,suspected rectangular raster background in transparent source,2f0792bd7c4733a56f9569daa68b3f3630e7b8565ee750d0b9437f6f0b3e5996,SOURCE-REVIEW
"4,36,215,96",0.43595,0.0,0.0,0.9391,1.0,1.0,1.0,0.409401,sis-limited,,,RECOVERY-SEARCH,4.8e,1_0_1_8_C9_1_300000_0_0_0.png,picons/4.8e/sis-limited/transparent/1_0_1_8_C9_1_300000_0_0_0.png,suspected rectangular raster background in transparent source,09996a992c6b0162f462b36025e221848c5f7d927c7c20b0d08f6a936f7df005,SOURCE-REVIEW
"34,1,186,131",0.680441,0.0,0.0,0.97166,1.0,1.0,1.0,0.661157,viasat,,,RECOVERY-SEARCH,4.8e,1_0_16_17F7_C_55_300000_0_0_0.png,picons/4.8e/viasat/transparent/1_0_16_17F7_C_55_300000_0_0_0.png,suspected rectangular raster background in transparent source,98b371685d357c2c54e5b880afc1736114d9e4ba5f3c34e60332ce130a76b2a0,SOURCE-REVIEW
"1,41,219,90",0.367837,0.0,0.0,0.941584,1.0,1.0,1.0,0.34635,viasat,,,RECOVERY-SEARCH,4.8e,1_0_1F_9F3_18_44_300000_0_0_0.png,picons/4.8e/viasat/transparent/1_0_1F_9F3_18_44_300000_0_0_0.png,suspected rectangular raster background in transparent source,64b6b124a62abdea3303dcae74b8c9e0e99600e243a9989467660ff07d62c231,SOURCE-REVIEW
"16,1,204,131",0.841598,0.0,0.0,0.963666,1.0,1.0,1.0,0.811019,demiroren-medya,,,RECOVERY-SEARCH,42.0e,1_0_19_77F_9_42_1A40000_0_0_0.png,picons/42.0e/demiroren-medya/transparent/1_0_19_77F_9_42_1A40000_0_0_0.png,suspected rectangular raster background in transparent source,b176996acb15bd1970ddaebd2d09916ddad2460c20d2d012997de9093520e6b7,SOURCE-REVIEW
"45,1,175,131",0.581956,0.0,0.0,0.969408,1.0,1.0,1.0,0.564153,digital-platform,,,RECOVERY-SEARCH,42.0e,1_0_11_4270_78B5_2A_1A40000_0_0_0.png,picons/42.0e/digital-platform/transparent/1_0_11_4270_78B5_2A_1A40000_0_0_0.png,suspected rectangular raster background in transparent source,e3b7fef33fba0877f8934b318671f66e13f3bc1b18de008c5c1473a5ce8610ee,SOURCE-REVIEW
"46,2,174,130",0.564187,0.0,0.0,0.968994,0.75,0.996094,0.999939,0.546694,digital-platform,,,RECOVERY-SEARCH,42.0e,1_0_2_4217_A929_2A_1A40000_0_0_0.png,picons/42.0e/digital-platform/transparent/1_0_2_4217_A929_2A_1A40000_0_0_0.png,suspected rectangular raster background in transparent source,0843c6dcef858b8260993cb46764b6dc4f40c6bc69a22f4ea2a132418a10995f,SOURCE-REVIEW
"4,32,215,99",0.486811,0.0,0.0,0.960954,1.0,1.0,1.0,0.467803,turksat,,,RECOVERY-SEARCH,42.0e,1_0_1_4396_EAC5_42E_1A40000_0_0_0.png,picons/42.0e/turksat/transparent/1_0_1_4396_EAC5_42E_1A40000_0_0_0.png,suspected rectangular raster background in transparent source,9c91a39eee74c93c30199d0d12bee3dbd7873d883a93f30cac9e4112c3323eb4,SOURCE-REVIEW
"47,3,173,129",0.546694,0.0,0.0,0.953074,0.75,0.996032,0.999937,0.52104,turksat,,,RECOVERY-SEARCH,42.0e,1_0_1_439B_EAC5_42E_1A40000_0_0_0.png,picons/42.0e/turksat/transparent/1_0_1_439B_EAC5_42E_1A40000_0_0_0.png,suspected rectangular raster background in transparent source,b2fe8d285edf11ace6afa97610c7751b4d6017bae1d466dc0ed9fa19329dddc3,SOURCE-REVIEW
"4,32,215,99",0.486811,0.0,0.0,0.960954,1.0,1.0,1.0,0.467803,turksat,,,RECOVERY-SEARCH,42.0e,1_0_1_43C8_7D6C_42E_1A40000_0_0_0.png,picons/42.0e/turksat/transparent/1_0_1_43C8_7D6C_42E_1A40000_0_0_0.png,suspected rectangular raster background in transparent source,9c91a39eee74c93c30199d0d12bee3dbd7873d883a93f30cac9e4112c3323eb4,SOURCE-REVIEW
"47,3,173,129",0.546694,0.0,0.0,0.953074,0.75,0.996032,0.999937,0.52104,turksat,,,RECOVERY-SEARCH,42.0e,1_0_1_43CD_7D6C_42E_1A40000_0_0_0.png,picons/42.0e/turksat/transparent/1_0_1_43CD_7D6C_42E_1A40000_0_0_0.png,suspected rectangular raster background in transparent source,b2fe8d285edf11ace6afa97610c7751b4d6017bae1d466dc0ed9fa19329dddc3,SOURCE-REVIEW
"1,39,219,93",0.405372,0.0,0.0,0.932042,1.0,1.0,1.0,0.377824,turksat,,,RECOVERY-SEARCH,42.0e,1_0_1_CA5D_7B0E_42E_1A40000_0_0_0.png,picons/42.0e/turksat/transparent/1_0_1_CA5D_7B0E_42E_1A40000_0_0_0.png,suspected rectangular raster background in transparent source,9fd217192c7e28f01b0eff2188e862582f4dcfa86c3d1a0b4cbb4876123e7077,SOURCE-REVIEW
"1,39,219,93",0.405372,0.0,0.0,0.932042,1.0,1.0,1.0,0.377824,turksat,,,RECOVERY-SEARCH,42.0e,1_0_1_CA66_9E38_42E_1A40000_0_0_0.png,picons/42.0e/turksat/transparent/1_0_1_CA66_9E38_42E_1A40000_0_0_0.png,suspected rectangular raster background in transparent source,5d27da88095b4ad036d3e4ddf2a434a853b001a6a8ec7c9188e736b865536214,SOURCE-REVIEW
"11,1,209,131",0.886364,0.0,0.0,0.964569,1.0,1.0,1.0,0.854959,canale-italia,,,RECOVERY-SEARCH,5.0w,1_0_1_26BA_A801_217C_DDE0000_0_0_0.png,picons/5.0w/canale-italia/transparent/1_0_1_26BA_A801_217C_DDE0000_0_0_0.png,suspected rectangular raster background in transparent source,8b1cc2d46f944b4320bfbdd79eb24f34582da2ea4d4ffd1c1fb39fc0198867a2,SOURCE-REVIEW
"4,15,215,117",0.741116,0.0,0.0,0.971099,1.0,1.0,1.0,0.719697,canale-italia,,,RECOVERY-SEARCH,5.0w,1_0_1_26C3_A801_217C_DDE0000_0_0_0.png,picons/5.0w/canale-italia/transparent/1_0_1_26C3_A801_217C_DDE0000_0_0_0.png,suspected rectangular raster background in transparent source,3023fd03433375c0bab45a8c3f6bf42a7af132fbe59d85574c2937f4ff89379a,SOURCE-REVIEW
"47,3,173,129",0.546694,0.0,0.0,0.952948,0.75,0.996032,0.999937,0.520971,eutelsat,,,RECOVERY-SEARCH,5.0w,1_0_2_BF8_4E84_55F_DDE0000_0_0_0.png,picons/5.0w/eutelsat/transparent/1_0_2_BF8_4E84_55F_DDE0000_0_0_0.png,suspected rectangular raster background in transparent source,4300f08b89b3d435ea5a4e566a793f0b780987090c8833535d650a486181d072,SOURCE-REVIEW
"47,3,173,129",0.546694,0.0,0.0,0.952948,0.75,0.996032,0.999937,0.520971,eutelsat,,,RECOVERY-SEARCH,5.0w,1_0_2_BFB_4E84_55F_DDE0000_0_0_0.png,picons/5.0w/eutelsat/transparent/1_0_2_BFB_4E84_55F_DDE0000_0_0_0.png,suspected rectangular raster background in transparent source,2867b2f0c803ca6f640ddab49bd0310a0b6f96f8ccfe0b69d9e88a1111e5f2f7,SOURCE-REVIEW
"4,21,215,110",0.64666,0.0,0.0,0.957133,0.75,0.996667,0.999947,0.618939,fm-dvb-tdf-rmv,,,RECOVERY-SEARCH,5.0w,1_0_2_1004_2711_90_DDE0000_0_0_0.png,picons/5.0w/fm-dvb-tdf-rmv/transparent/1_0_2_1004_2711_90_DDE0000_0_0_0.png,suspected rectangular raster background in transparent source,74858f8070ac2caaa9dc8eac5a5892d202ef5293ed51b39da0022adb5a2f9812,SOURCE-REVIEW
"47,3,173,129",0.546694,0.0,0.0,0.952948,0.75,0.996032,0.999937,0.520971,fm-dvb-tdf-rmv,,,RECOVERY-SEARCH,5.0w,1_0_2_13EC_2711_90_DDE0000_0_0_0.png,picons/5.0w/fm-dvb-tdf-rmv/transparent/1_0_2_13EC_2711_90_DDE0000_0_0_0.png,suspected rectangular raster background in transparent source,4300f08b89b3d435ea5a4e566a793f0b780987090c8833535d650a486181d072,SOURCE-REVIEW
"47,3,173,129",0.546694,0.0,0.0,0.952948,0.75,0.996032,0.999937,0.520971,fm-dvb-tdf-rmv,,,RECOVERY-SEARCH,5.0w,1_0_2_1518_2711_90_DDE0000_0_0_0.png,picons/5.0w/fm-dvb-tdf-rmv/transparent/1_0_2_1518_2711_90_DDE0000_0_0_0.png,suspected rectangular raster background in transparent source,2867b2f0c803ca6f640ddab49bd0310a0b6f96f8ccfe0b69d9e88a1111e5f2f7,SOURCE-REVIEW
"1,48,219,83",0.262741,0.0,0.0,0.925557,1.0,1.0,1.0,0.243182,harmonic,,,RECOVERY-SEARCH,5.0w,1_0_1_26AF_A801_217C_DDE0000_0_0_0.png,picons/5.0w/harmonic/transparent/1_0_1_26AF_A801_217C_DDE0000_0_0_0.png,suspected rectangular raster background in transparent source,014cf3c08bfc5eb76f2d24fa7666b804566c85cc1a074c8d9bcaf357453855e4,SOURCE-REVIEW
"1,0,219,132",0.990909,0.0,0.0,0.947456,0.0,0.802857,0.995343,0.938843,aref,,,RECOVERY-SEARCH,52.0e,1_0_1_387_20D_73_2080000_0_0_0.png,picons/52.0e/aref/transparent/1_0_1_387_20D_73_2080000_0_0_0.png,source is almost fully opaque across the 220x132 canvas,06f7ce9d4de94c5e54fc64f1d67403e3111b31d9e68f297814917b1a4bd8a6e5,SOURCE-REVIEW
"1,44,219,87",0.322796,0.0,0.0,0.931619,1.0,1.0,1.0,0.300723,wns,,,RECOVERY-SEARCH,52.0e,1_0_1_11_211E_211E_2080000_0_0_0.png,picons/52.0e/wns/transparent/1_0_1_11_211E_211E_2080000_0_0_0.png,suspected rectangular raster background in transparent source,d788b691b07234c07c0069bdb1009264c0745d3eda28fb5c6e41d7cc9fcd9c7d,SOURCE-REVIEW
"49,2,177,130",0.564187,1.0,1.0,1.0,1.0,1.0,1.0,0.564187,wns,,,RECOVERY-SEARCH,52.0e,1_0_1_16_211E_211E_2080000_0_0_0.png,picons/52.0e/wns/transparent/1_0_1_16_211E_211E_2080000_0_0_0.png,suspected opaque rectangular background in transparent source; suspected rectangular raster background in transparent source,99cd24ad50af83126fa81ec655bbfc41af6df21c1f7d7b91c56dad63094d2b62,SOURCE-REVIEW
"23,1,196,131",0.774449,0.0,0.0,0.175145,1.0,1.0,1.0,0.13564,wns,,,RECOVERY-SEARCH,52.0e,1_0_1_3_194E_194E_2080000_0_0_0.png,picons/52.0e/wns/transparent/1_0_1_3_194E_194E_2080000_0_0_0.png,suspected rectangular raster background in transparent source,f7a603560d8f72424446e3bc3addcf2e1cfd26c129abfcc1a24d0739483ff16d,SOURCE-REVIEW
"42,0,178,132",0.618182,1.0,1.0,1.0,1.0,1.0,1.0,0.618182,wns,,,RECOVERY-SEARCH,52.0e,1_0_1_4_3_1_2080000_0_0_0.png,picons/52.0e/wns/transparent/1_0_1_4_3_1_2080000_0_0_0.png,suspected opaque rectangular background in transparent source; suspected rectangular raster background in transparent source,6a3c17b4f97c18db2554f65336c2d968e1651c6c2cb54d53ab7d188911ba0e69,SOURCE-REVIEW
"45,1,175,131",0.581956,0.0,0.0,0.939645,1.0,1.0,1.0,0.546832,htb,,,RECOVERY-SEARCH,54.9e,1_0_2_D9C7_22D_70_2250000_0_0_0.png,picons/54.9e/htb/transparent/1_0_2_D9C7_22D_70_2250000_0_0_0.png,suspected rectangular raster background in transparent source,4cb549413377de559d37df7b316fe7ef476bfb67de035fcb43513c11608d7371,SOURCE-REVIEW
"47,2,173,130",0.555372,0.0,0.0,0.96875,1.0,1.0,1.0,0.538017,rai-radio-televisione-italiana,,,RECOVERY-SEARCH,7.0e,1_0_1_1_1_1_46AB79_0_0_0.png,picons/7.0e/rai-radio-televisione-italiana/transparent/1_0_1_1_1_1_46AB79_0_0_0.png,suspected rectangular raster background in transparent source,cafd6b34f6b5fba6ddf4efc8af42d1c538ece02b29f0c6010110ff6d27cb6864,SOURCE-REVIEW
"4,48,215,84",0.26157,0.0,0.0,0.907978,0.75,0.995951,0.999868,0.2375,du,,,RECOVERY-SEARCH,7.0w,1_0_1_E_9C68_77E_DCA0000_0_0_0.png,picons/7.0w/du/transparent/1_0_1_E_9C68_77E_DCA0000_0_0_0.png,suspected rectangular raster background in transparent source,1a287cb849d3f992f4c6ce93c1d308684666c84bf350bb5b4ae902101b64f62d,SOURCE-REVIEW
"41,14,178,117",0.485916,0.0,0.0,0.966267,1.0,1.0,1.0,0.469525,eutelsat,,,RECOVERY-SEARCH,7.0w,1_0_2_407_320_800_DCA0000_0_0_0.png,picons/7.0w/eutelsat/transparent/1_0_2_407_320_800_DCA0000_0_0_0.png,suspected rectangular raster background in transparent source,2a9c439bbe4f3a9b1856c9fc2147141a0f5378cbd43c41c105f1bdf9365f77d2,SOURCE-REVIEW
"3,12,218,120",0.799587,0.0,0.0,0.643928,0.75,0.996904,0.999957,0.514876,nilesat,,,RECOVERY-SEARCH,7.0w,1_0_1_51C_D_800_DCA0000_0_0_0.png,picons/7.0w/nilesat/transparent/1_0_1_51C_D_800_DCA0000_0_0_0.png,suspected rectangular raster background in transparent source,6e18b4f3935914baae8961e79d695a71fec170c0113c7bee08aa682f06f009ae,SOURCE-REVIEW
"0,0,220,132",1.0,0.0,0.0,0.374242,1.0,1.0,0.984435,0.374242,nilesat,,,RECOVERY-SEARCH,7.0w,1_0_1_648_10_800_DCA0000_0_0_0.png,picons/7.0w/nilesat/transparent/1_0_1_648_10_800_DCA0000_0_0_0.png,suspected rectangular raster background in transparent source,339fa07ace40019ea1e8a742e473030ae97388cfe75421ff7f137204a063c9d5,SOURCE-REVIEW
"4,35,215,96",0.443216,0.0,0.0,0.90801,0.75,0.996324,0.999922,0.402445,sba,,,RECOVERY-SEARCH,7.0w,1_0_1_A2C_0_0_DCA2FFC_0_0_0.png,picons/7.0w/sba/transparent/1_0_1_A2C_0_0_DCA2FFC_0_0_0.png,suspected rectangular raster background in transparent source,d042226785f670f283afbe60163780eeaa1710fcf158cd3d53757f0593c04a94,SOURCE-REVIEW
"3,12,218,120",0.799587,0.0,0.0,0.643928,0.75,0.996904,0.999957,0.514876,snrt,,,RECOVERY-SEARCH,7.0w,1_0_1_2_9D08_77E_DCA0000_0_0_0.png,picons/7.0w/snrt/transparent/1_0_1_2_9D08_77E_DCA0000_0_0_0.png,suspected rectangular raster background in transparent source,6e18b4f3935914baae8961e79d695a71fec170c0113c7bee08aa682f06f009ae,SOURCE-REVIEW
"3,12,218,120",0.799587,0.0,0.0,0.636822,0.75,0.996904,0.999957,0.509194,soread-2m,,,RECOVERY-SEARCH,7.0w,1_0_1_169_C9_800_DCA0000_0_0_0.png,picons/7.0w/soread-2m/transparent/1_0_1_169_C9_800_DCA0000_0_0_0.png,suspected rectangular raster background in transparent source,dbbca495bfdce93e4dc6b1cefdd5c126b1cf4fd26ac8032ccb9e73f15ae1e4d4,SOURCE-REVIEW
"3,27,218,105",0.577479,0.0,0.0,0.934705,0.75,0.996587,0.99994,0.539773,stn,,,RECOVERY-SEARCH,7.0w,1_0_1_25C_C21_6E_DCA0000_0_0_0.png,picons/7.0w/stn/transparent/1_0_1_25C_C21_6E_DCA0000_0_0_0.png,suspected rectangular raster background in transparent source,97197e0b6fb1951ee8ab78316c1ef7f719142a921697ed4cc4fcc947e7b21e4e,SOURCE-REVIEW
"4,42,215,90",0.34876,0.0,0.0,0.94925,1.0,1.0,1.0,0.331061,tda,,,RECOVERY-SEARCH,7.0w,1_0_2_14_1_FFFF_DCA2DA0_0_0_0.png,picons/7.0w/tda/transparent/1_0_2_14_1_FFFF_DCA2DA0_0_0_0.png,suspected rectangular raster background in transparent source,8a300a0933cdac4dbe423de3be102a767f39a268682f11394de0409ee5826253,SOURCE-REVIEW
"1,40,219,91",0.382851,0.0,0.003717,0.932722,0.75,0.996283,0.99991,0.357094,viewmedia,,,RECOVERY-SEARCH,7.0w,1_0_1_2_1_FFFF_DCA2A3F_0_0_0.png,picons/7.0w/viewmedia/transparent/1_0_1_2_1_FFFF_DCA2A3F_0_0_0.png,suspected rectangular raster background in transparent source,a0bac930ac9aff159a7b4cc7793feb5362d9f187b02ca579d422162a521675f4,SOURCE-REVIEW
"1,40,219,91",0.382851,0.0,0.003717,0.932722,0.75,0.996283,0.99991,0.357094,viewmedia,,,RECOVERY-SEARCH,7.0w,1_0_1_32_1_FFFF_DCA2A3F_0_0_0.png,picons/7.0w/viewmedia/transparent/1_0_1_32_1_FFFF_DCA2A3F_0_0_0.png,suspected rectangular raster background in transparent source,a0bac930ac9aff159a7b4cc7793feb5362d9f187b02ca579d422162a521675f4,SOURCE-REVIEW
"9,30,210,102",0.498347,0.0,0.0,0.0,1.0,1.0,1.0,0.0,orion-express,,,RECOVERY-SEARCH,80.0e,1_0_1_198_CA_1_3200000_0_0_0.png,picons/80.0e/orion-express/transparent/1_0_1_198_CA_1_3200000_0_0_0.png,suspected rectangular raster background in transparent source,25d4857741b6329f8c3e813669f661c0b8ac9d248698470a42c98f2da1ba0efd,SOURCE-REVIEW
"47,3,173,129",0.546694,0.0,0.0,0.960695,1.0,1.0,1.0,0.525207,orion-express,,,RECOVERY-SEARCH,80.0e,1_0_1_200_CB_1_3200000_0_0_0.png,picons/80.0e/orion-express/transparent/1_0_1_200_CB_1_3200000_0_0_0.png,suspected rectangular raster background in transparent source,135b67a8fb9cda5ed388e2497ad8fd1f3e5657bfa63bd8d5c223746bfc974e8c,SOURCE-REVIEW
"9,30,210,102",0.498347,0.0,0.0,0.0,1.0,1.0,1.0,0.0,orion-express,,,RECOVERY-SEARCH,80.0e,1_0_1_353_D1_1_3200000_0_0_0.png,picons/80.0e/orion-express/transparent/1_0_1_353_D1_1_3200000_0_0_0.png,suspected rectangular raster background in transparent source,25d4857741b6329f8c3e813669f661c0b8ac9d248698470a42c98f2da1ba0efd,SOURCE-REVIEW
"4,42,215,90",0.34876,0.0,0.0,0.92654,1.0,0.988417,0.985782,0.32314,orion-express,,,RECOVERY-SEARCH,80.0e,1_0_1_396_CF_1_3200000_0_0_0.png,picons/80.0e/orion-express/transparent/1_0_1_396_CF_1_3200000_0_0_0.png,suspected rectangular raster background in transparent source,13c9d27c8d5245a367b31d05191b9908ea1ea86fabb25f461694cb6ef35643e3,SOURCE-REVIEW
"4,41,215,90",0.356026,0.0,0.0,0.931908,0.75,0.984615,0.990231,0.331784,orion-express,,,RECOVERY-SEARCH,80.0e,1_0_1_D0_66_1_3200000_0_0_0.png,picons/80.0e/orion-express/transparent/1_0_1_D0_66_1_3200000_0_0_0.png,suspected rectangular raster background in transparent source,40d27c0a4a76cf6a3590cb0467a829aa78b7054c2c766f1ded19a9b71b937dbd,SOURCE-REVIEW
"45,1,175,131",0.581956,0.0,0.0,0.969467,1.0,1.0,1.0,0.564187,rscc,,,RECOVERY-SEARCH,80.0e,1_0_1_1_13_1113_3200000_0_0_0.png,picons/80.0e/rscc/transparent/1_0_1_1_13_1113_3200000_0_0_0.png,suspected rectangular raster background in transparent source,8cc65a99667eb74bb13dc11f61f3ed7325981f6c64d48163901ac3a23513c9aa,SOURCE-REVIEW
"69,2,151,130",0.361433,0.0,0.007143,0.960652,1.0,1.0,1.0,0.347211,rscc,,,RECOVERY-SEARCH,80.0e,1_0_2_B_14_1113_3200000_0_0_0.png,picons/80.0e/rscc/transparent/1_0_2_B_14_1113_3200000_0_0_0.png,suspected rectangular raster background in transparent source,c77c757e2cebe5e670241e9bdec40be4f17b60ef25ad25ffbd2d938cea98d444,SOURCE-REVIEW
"4,16,216,116",0.730028,0.0,0.0,0.970755,0.75,0.996795,0.999953,0.708678,canale-italia,,,RECOVERY-SEARCH,9.0e,1_0_1_12CD_48E1_217C_5A0000_0_0_0.png,picons/9.0e/canale-italia/transparent/1_0_1_12CD_48E1_217C_5A0000_0_0_0.png,suspected rectangular raster background in transparent source,4472b913cc75337d3b76a6a68b9472f002602c1563ddda30ad899f5492c8d04f,SOURCE-REVIEW
"4,16,216,116",0.730028,0.0,0.0,0.970755,0.75,0.996795,0.999953,0.708678,canale-italia,,,RECOVERY-SEARCH,9.0e,1_0_1_139A_50E1_217C_5A0000_0_0_0.png,picons/9.0e/canale-italia/transparent/1_0_1_139A_50E1_217C_5A0000_0_0_0.png,suspected rectangular raster background in transparent source,4472b913cc75337d3b76a6a68b9472f002602c1563ddda30ad899f5492c8d04f,SOURCE-REVIEW
"4,16,216,116",0.730028,0.0,0.0,0.970755,0.75,0.996795,0.999953,0.708678,canale-italia,,,RECOVERY-SEARCH,9.0e,1_0_1_1775_60E1_217C_5A0000_0_0_0.png,picons/9.0e/canale-italia/transparent/1_0_1_1775_60E1_217C_5A0000_0_0_0.png,suspected rectangular raster background in transparent source,4472b913cc75337d3b76a6a68b9472f002602c1563ddda30ad899f5492c8d04f,SOURCE-REVIEW
"4,15,215,117",0.741116,0.0,0.0,0.971099,1.0,1.0,1.0,0.719697,canale-italia,,,RECOVERY-SEARCH,9.0e,1_0_1_1789_60E1_217C_5A0000_0_0_0.png,picons/9.0e/canale-italia/transparent/1_0_1_1789_60E1_217C_5A0000_0_0_0.png,suspected rectangular raster background in transparent source,8070d762cc8641a5c014454d0c9cf21546e771f395b38876ee017ad57e86a797,SOURCE-REVIEW
"4,16,216,116",0.730028,0.0,0.0,0.970755,0.75,0.996795,0.999953,0.708678,canale-italia,,,RECOVERY-SEARCH,9.0e,1_0_1_1A9C_68E1_217C_5A0000_0_0_0.png,picons/9.0e/canale-italia/transparent/1_0_1_1A9C_68E1_217C_5A0000_0_0_0.png,suspected rectangular raster background in transparent source,4472b913cc75337d3b76a6a68b9472f002602c1563ddda30ad899f5492c8d04f,SOURCE-REVIEW
"4,16,216,116",0.730028,0.0,0.0,0.970755,0.75,0.996795,0.999953,0.708678,canale-italia,,,RECOVERY-SEARCH,9.0e,1_0_1_1B62_70E1_217C_5A0000_0_0_0.png,picons/9.0e/canale-italia/transparent/1_0_1_1B62_70E1_217C_5A0000_0_0_0.png,suspected rectangular raster background in transparent source,4472b913cc75337d3b76a6a68b9472f002602c1563ddda30ad899f5492c8d04f,SOURCE-REVIEW
"4,15,215,117",0.741116,0.0,0.0,0.971099,1.0,1.0,1.0,0.719697,canale-italia,,,RECOVERY-SEARCH,9.0e,1_0_1_1B76_70E1_217C_5A0000_0_0_0.png,picons/9.0e/canale-italia/transparent/1_0_1_1B76_70E1_217C_5A0000_0_0_0.png,suspected rectangular raster background in transparent source,8070d762cc8641a5c014454d0c9cf21546e771f395b38876ee017ad57e86a797,SOURCE-REVIEW
"4,16,216,116",0.730028,0.0,0.0,0.970755,0.75,0.996795,0.999953,0.708678,canale-italia,,,RECOVERY-SEARCH,9.0e,1_0_1_1F60_80E3_217C_5A0000_0_0_0.png,picons/9.0e/canale-italia/transparent/1_0_1_1F60_80E3_217C_5A0000_0_0_0.png,suspected rectangular raster background in transparent source,4472b913cc75337d3b76a6a68b9472f002602c1563ddda30ad899f5492c8d04f,SOURCE-REVIEW
"4,16,216,116",0.730028,0.0,0.0,0.970755,0.75,0.996795,0.999953,0.708678,canale-italia,,,RECOVERY-SEARCH,9.0e,1_0_1_2652_98E1_217C_5A0000_0_0_0.png,picons/9.0e/canale-italia/transparent/1_0_1_2652_98E1_217C_5A0000_0_0_0.png,suspected rectangular raster background in transparent source,4472b913cc75337d3b76a6a68b9472f002602c1563ddda30ad899f5492c8d04f,SOURCE-REVIEW
"4,15,215,117",0.741116,0.0,0.0,0.971099,1.0,1.0,1.0,0.719697,canale-italia,,,RECOVERY-SEARCH,9.0e,1_0_1_2666_98E1_217C_5A0000_0_0_0.png,picons/9.0e/canale-italia/transparent/1_0_1_2666_98E1_217C_5A0000_0_0_0.png,suspected rectangular raster background in transparent source,8070d762cc8641a5c014454d0c9cf21546e771f395b38876ee017ad57e86a797,SOURCE-REVIEW
"4,16,216,116",0.730028,0.0,0.0,0.970755,0.75,0.996795,0.999953,0.708678,canale-italia,,,RECOVERY-SEARCH,9.0e,1_0_1_3EE_10E1_217C_5A0000_0_0_0.png,picons/9.0e/canale-italia/transparent/1_0_1_3EE_10E1_217C_5A0000_0_0_0.png,suspected rectangular raster background in transparent source,4472b913cc75337d3b76a6a68b9472f002602c1563ddda30ad899f5492c8d04f,SOURCE-REVIEW
"20,2,201,130",0.797796,0.0,0.0,0.971987,1.0,1.0,1.0,0.775448,canale-italia,,,RECOVERY-SEARCH,9.0e,1_0_1_3EF_10E1_217C_5A0000_0_0_0.png,picons/9.0e/canale-italia/transparent/1_0_1_3EF_10E1_217C_5A0000_0_0_0.png,suspected rectangular raster background in transparent source,94be39687e46d7bde1978258f16363bfc126910164eca739dd28db097e1a5be5,SOURCE-REVIEW
"4,16,216,116",0.730028,0.0,0.0,0.970755,0.75,0.996795,0.999953,0.708678,canale-italia,,,RECOVERY-SEARCH,9.0e,1_0_1_70B_18E1_217C_5A0000_0_0_0.png,picons/9.0e/canale-italia/transparent/1_0_1_70B_18E1_217C_5A0000_0_0_0.png,suspected rectangular raster background in transparent source,4472b913cc75337d3b76a6a68b9472f002602c1563ddda30ad899f5492c8d04f,SOURCE-REVIEW
"70,1,149,131",0.35365,0.0,0.0,0.935151,1.0,1.0,1.0,0.330716,canale-italia,,,RECOVERY-SEARCH,9.0e,1_0_1_714_18E1_217C_5A0000_0_0_0.png,picons/9.0e/canale-italia/transparent/1_0_1_714_18E1_217C_5A0000_0_0_0.png,suspected rectangular raster background in transparent source,39b3e56260a82190bcdb35672a9e957d2cb03489ccd39745d867ae10ac72cff3,SOURCE-REVIEW
"4,15,215,117",0.741116,0.0,0.0,0.971099,1.0,1.0,1.0,0.719697,canale-italia,,,RECOVERY-SEARCH,9.0e,1_0_1_71F_18E1_217C_5A0000_0_0_0.png,picons/9.0e/canale-italia/transparent/1_0_1_71F_18E1_217C_5A0000_0_0_0.png,suspected rectangular raster background in transparent source,3023fd03433375c0bab45a8c3f6bf42a7af132fbe59d85574c2937f4ff89379a,SOURCE-REVIEW
"4,16,216,116",0.730028,0.0,0.0,0.970755,0.75,0.996795,0.999953,0.708678,canale-italia,,,RECOVERY-SEARCH,9.0e,1_0_1_AFB_28E1_217C_5A0000_0_0_0.png,picons/9.0e/canale-italia/transparent/1_0_1_AFB_28E1_217C_5A0000_0_0_0.png,suspected rectangular raster background in transparent source,4472b913cc75337d3b76a6a68b9472f002602c1563ddda30ad899f5492c8d04f,SOURCE-REVIEW
"4,15,215,117",0.741116,0.0,0.0,0.971099,1.0,1.0,1.0,0.719697,canale-italia,,,RECOVERY-SEARCH,9.0e,1_0_1_B0F_28E1_217C_5A0000_0_0_0.png,picons/9.0e/canale-italia/transparent/1_0_1_B0F_28E1_217C_5A0000_0_0_0.png,suspected rectangular raster background in transparent source,3023fd03433375c0bab45a8c3f6bf42a7af132fbe59d85574c2937f4ff89379a,SOURCE-REVIEW
"4,16,216,116",0.730028,0.0,0.0,0.970755,0.75,0.996795,0.999953,0.708678,canale-italia,,,RECOVERY-SEARCH,9.0e,1_0_1_FA9_40E1_217C_5A0000_0_0_0.png,picons/9.0e/canale-italia/transparent/1_0_1_FA9_40E1_217C_5A0000_0_0_0.png,suspected rectangular raster background in transparent source,4472b913cc75337d3b76a6a68b9472f002602c1563ddda30ad899f5492c8d04f,SOURCE-REVIEW
"4,15,215,117",0.741116,0.0,0.0,0.971099,1.0,1.0,1.0,0.719697,canale-italia,,,RECOVERY-SEARCH,9.0e,1_0_1_FBD_40E1_217C_5A0000_0_0_0.png,picons/9.0e/canale-italia/transparent/1_0_1_FBD_40E1_217C_5A0000_0_0_0.png,suspected rectangular raster background in transparent source,8070d762cc8641a5c014454d0c9cf21546e771f395b38876ee017ad57e86a797,SOURCE-REVIEW
"1,37,219,94",0.427893,0.0,0.0,0.947207,1.0,1.0,1.0,0.405303,epiqa,,,RECOVERY-SEARCH,9.0e,1_0_16_1C02_384_110_5A0000_0_0_0.png,picons/9.0e/epiqa/transparent/1_0_16_1C02_384_110_5A0000_0_0_0.png,suspected rectangular raster background in transparent source,8b623b3e9b8c77a7a755b983d2b09f18bb2b2d9d70fa5c9fd397f199a744847d,SOURCE-REVIEW
"1,50,219,81",0.232713,0.0,0.0,0.918319,1.0,1.0,1.0,0.213705,m7-group,,,RECOVERY-SEARCH,9.0e,1_0_1_200_2134_9C_5A0000_0_0_0.png,picons/9.0e/m7-group/transparent/1_0_1_200_2134_9C_5A0000_0_0_0.png,suspected rectangular raster background in transparent source,f781b6ad2c1cb0cddecc380814edc4fe16a4f0636e02feabf1373a0de740115a,SOURCE-REVIEW
"57,13,164,120",0.394249,0.0,0.0,0.962966,1.0,1.0,1.0,0.379649,ote,,,RECOVERY-SEARCH,9.0e,1_0_1_3E9_2_AA_5A0000_0_0_0.png,picons/9.0e/ote/transparent/1_0_1_3E9_2_AA_5A0000_0_0_0.png,suspected rectangular raster background in transparent source,b9b9484a35932ae46a48b6560f2a94bff64c5781134eb2f20e62da742a3f2fd0,SOURCE-REVIEW
"57,13,164,120",0.394249,0.0,0.0,0.962966,1.0,1.0,1.0,0.379649,ote,,,RECOVERY-SEARCH,9.0e,1_0_1_3EF_5_AA_5A0000_0_0_0.png,picons/9.0e/ote/transparent/1_0_1_3EF_5_AA_5A0000_0_0_0.png,suspected rectangular raster background in transparent source,b9b9484a35932ae46a48b6560f2a94bff64c5781134eb2f20e62da742a3f2fd0,SOURCE-REVIEW
"57,13,164,120",0.394249,0.0,0.0,0.962966,1.0,1.0,1.0,0.379649,ote,,,RECOVERY-SEARCH,9.0e,1_0_1_3F3_5_AA_5A0000_0_0_0.png,picons/9.0e/ote/transparent/1_0_1_3F3_5_AA_5A0000_0_0_0.png,suspected rectangular raster background in transparent source,b9b9484a35932ae46a48b6560f2a94bff64c5781134eb2f20e62da742a3f2fd0,SOURCE-REVIEW
"57,13,164,120",0.394249,0.0,0.0,0.962966,1.0,1.0,1.0,0.379649,ote,,,RECOVERY-SEARCH,9.0e,1_0_1_3F6_2_AA_5A0000_0_0_0.png,picons/9.0e/ote/transparent/1_0_1_3F6_2_AA_5A0000_0_0_0.png,suspected rectangular raster background in transparent source,b9b9484a35932ae46a48b6560f2a94bff64c5781134eb2f20e62da742a3f2fd0,SOURCE-REVIEW
"57,13,164,120",0.394249,0.0,0.0,0.962966,1.0,1.0,1.0,0.379649,ote,,,RECOVERY-SEARCH,9.0e,1_0_1_3FA_6_AA_5A0000_0_0_0.png,picons/9.0e/ote/transparent/1_0_1_3FA_6_AA_5A0000_0_0_0.png,suspected rectangular raster background in transparent source,b9b9484a35932ae46a48b6560f2a94bff64c5781134eb2f20e62da742a3f2fd0,SOURCE-REVIEW
"57,13,164,120",0.394249,0.0,0.0,0.962966,1.0,1.0,1.0,0.379649,ote,,,RECOVERY-SEARCH,9.0e,1_0_1_41F_5_AA_5A0000_0_0_0.png,picons/9.0e/ote/transparent/1_0_1_41F_5_AA_5A0000_0_0_0.png,suspected rectangular raster background in transparent source,b9b9484a35932ae46a48b6560f2a94bff64c5781134eb2f20e62da742a3f2fd0,SOURCE-REVIEW
"57,13,164,120",0.394249,0.0,0.0,0.962966,1.0,1.0,1.0,0.379649,ote,,,RECOVERY-SEARCH,9.0e,1_0_1_448_4_AA_5A0000_0_0_0.png,picons/9.0e/ote/transparent/1_0_1_448_4_AA_5A0000_0_0_0.png,suspected rectangular raster background in transparent source,b9b9484a35932ae46a48b6560f2a94bff64c5781134eb2f20e62da742a3f2fd0,SOURCE-REVIEW
"57,13,164,120",0.394249,0.0,0.0,0.962966,1.0,1.0,1.0,0.379649,ote,,,RECOVERY-SEARCH,9.0e,1_0_1_456_5_AA_5A0000_0_0_0.png,picons/9.0e/ote/transparent/1_0_1_456_5_AA_5A0000_0_0_0.png,suspected rectangular raster background in transparent source,b9b9484a35932ae46a48b6560f2a94bff64c5781134eb2f20e62da742a3f2fd0,SOURCE-REVIEW
"57,13,164,120",0.394249,0.0,0.0,0.962966,1.0,1.0,1.0,0.379649,ote,,,RECOVERY-SEARCH,9.0e,1_0_1_45A_1_AA_5A0000_0_0_0.png,picons/9.0e/ote/transparent/1_0_1_45A_1_AA_5A0000_0_0_0.png,suspected rectangular raster background in transparent source,b9b9484a35932ae46a48b6560f2a94bff64c5781134eb2f20e62da742a3f2fd0,SOURCE-REVIEW
"57,13,164,120",0.394249,0.0,0.0,0.962966,1.0,1.0,1.0,0.379649,ote,,,RECOVERY-SEARCH,9.0e,1_0_1_45F_1_AA_5A0000_0_0_0.png,picons/9.0e/ote/transparent/1_0_1_45F_1_AA_5A0000_0_0_0.png,suspected rectangular raster background in transparent source,b9b9484a35932ae46a48b6560f2a94bff64c5781134eb2f20e62da742a3f2fd0,SOURCE-REVIEW
"57,13,164,120",0.394249,0.0,0.0,0.962966,1.0,1.0,1.0,0.379649,ote,,,RECOVERY-SEARCH,9.0e,1_0_1_46B_8_AA_5A0000_0_0_0.png,picons/9.0e/ote/transparent/1_0_1_46B_8_AA_5A0000_0_0_0.png,suspected rectangular raster background in transparent source,b9b9484a35932ae46a48b6560f2a94bff64c5781134eb2f20e62da742a3f2fd0,SOURCE-REVIEW
