path	git_blob_sha1
picons/0.8w/harmonic/black/1_0_1_3FD_519_2_E080000_0_0_0.png	2aa9962c8e2f699f1122fa117edfe389767ab3d2
picons/0.8w/harmonic/black/1_0_1_40E_519_2_E080000_0_0_0.png	a6782353559d0d346a7662c870042b3ceb76ee34
picons/0.8w/harmonic/black/1_0_1_411_519_2_E080000_0_0_0.png	60e729d2e55d190b02fcb86e130d7b87cb87247a
picons/0.8w/harmonic/black/1_0_1_413_519_2_E080000_0_0_0.png	5220354238bb82e2a29dcb4427c1e1834030c8ff
picons/0.8w/harmonic/transparent/1_0_1_3FD_519_2_E080000_0_0_0.png	c93af5d393e888dd063ea63bb0d7ed06aac87084
picons/0.8w/harmonic/transparent/1_0_1_40E_519_2_E080000_0_0_0.png	954fb8c7bb57a2cbb79d1cce76782ee852f5a83b
picons/0.8w/harmonic/transparent/1_0_1_411_519_2_E080000_0_0_0.png	87d89e38df8d94a80086ce8c5d22d86d25b01bb3
picons/0.8w/harmonic/transparent/1_0_1_413_519_2_E080000_0_0_0.png	bcb12db8a8ccc78714791cdf651aa719065ccff4
picons/0.8w/harmonic/white/1_0_1_3FD_519_2_E080000_0_0_0.png	598f4f57da876b414c062f0955bdbcff7b68a6c3
picons/0.8w/harmonic/white/1_0_1_40E_519_2_E080000_0_0_0.png	219d8c8a1fd12cb27ac72a6071fde251b9a4f7b5
picons/0.8w/harmonic/white/1_0_1_411_519_2_E080000_0_0_0.png	47c337745be3fe527568e996c5949447be72d802
picons/0.8w/harmonic/white/1_0_1_413_519_2_E080000_0_0_0.png	d8912924567b2d66ee01f80b829ed8dfd2eaa151
picons/0.8w/telenor/black/1_0_1_1D23_55_46_E080000_0_0_0.png	0c12b31c9fff1132736bfd0b213daa43baee9af9
picons/0.8w/telenor/transparent/1_0_1_1D23_55_46_E080000_0_0_0.png	a06f4d71fbf088cef1009f2f662bc3258b008ab8
picons/0.8w/telenor/white/1_0_1_1D23_55_46_E080000_0_0_0.png	bea8e390d53ec1a0f1e2662e076c6776ae225e39
picons/1.9e/neosat/black/1_0_1_25D_1A_3_130000_0_0_0.png	e79276aafc8dd26c0059a3acf4dff7b0b8d573a5
picons/1.9e/neosat/transparent/1_0_1_25D_1A_3_130000_0_0_0.png	67d41802c8685d82bdcaf6c691e4c2c46451265f
picons/1.9e/neosat/white/1_0_1_25D_1A_3_130000_0_0_0.png	08b0d629d75fbf0bf6e308c2e6f650d21c73a53f
picons/13.0e/amagi/black/1_0_1_5DD_20D0_13E_820000_0_0_0.png	a6782353559d0d346a7662c870042b3ceb76ee34
picons/13.0e/amagi/transparent/1_0_1_5DD_20D0_13E_820000_0_0_0.png	954fb8c7bb57a2cbb79d1cce76782ee852f5a83b
picons/13.0e/amagi/white/1_0_1_5DD_20D0_13E_820000_0_0_0.png	219d8c8a1fd12cb27ac72a6071fde251b9a4f7b5
picons/13.0e/du/black/1_0_1_398_2134_13E_820000_0_0_0.png	be53294d98e4618d86b5ffbe4836057d544e2452
picons/13.0e/du/black/1_0_2_399_2134_13E_820000_0_0_0.png	a2e1e3ff240ae560e154b8c49467ef9615dcc4eb
picons/13.0e/du/black/1_0_2_39A_2134_13E_820000_0_0_0.png	a2e1e3ff240ae560e154b8c49467ef9615dcc4eb
picons/13.0e/du/black/1_0_2_39B_2134_13E_820000_0_0_0.png	65d1bbb2425f64f9981938fbabd056ea2500ae27
picons/13.0e/du/black/1_0_2_39C_2134_13E_820000_0_0_0.png	a2e1e3ff240ae560e154b8c49467ef9615dcc4eb
picons/13.0e/du/transparent/1_0_1_398_2134_13E_820000_0_0_0.png	8e8456ddd4d3339c533bebce8d02a13c9b7595dc
picons/13.0e/du/transparent/1_0_2_399_2134_13E_820000_0_0_0.png	44300123ff890bc360c7d4727fd6e6c5e0e3e5bc
picons/13.0e/du/transparent/1_0_2_39A_2134_13E_820000_0_0_0.png	44300123ff890bc360c7d4727fd6e6c5e0e3e5bc
picons/13.0e/du/transparent/1_0_2_39B_2134_13E_820000_0_0_0.png	02e9a9d02584b8c6591de1ff8f95719046ca6e63
picons/13.0e/du/transparent/1_0_2_39C_2134_13E_820000_0_0_0.png	44300123ff890bc360c7d4727fd6e6c5e0e3e5bc
picons/13.0e/du/white/1_0_1_398_2134_13E_820000_0_0_0.png	e433c6fbaf2376b0dc1a00e40479b52f4e0a146b
picons/13.0e/du/white/1_0_2_399_2134_13E_820000_0_0_0.png	19b511cc2f2eb4c40019074248a2fad215b7b90a
picons/13.0e/du/white/1_0_2_39A_2134_13E_820000_0_0_0.png	19b511cc2f2eb4c40019074248a2fad215b7b90a
picons/13.0e/du/white/1_0_2_39B_2134_13E_820000_0_0_0.png	1bc43857ae5901fb60ffa9416de9782b2c2f7043
picons/13.0e/du/white/1_0_2_39C_2134_13E_820000_0_0_0.png	19b511cc2f2eb4c40019074248a2fad215b7b90a
picons/13.0e/myintprovider/black/1_0_1_320_3E8_2_820000_0_0_0.png	0447ab63071fc854bfd3b2fede981d4cc0f63074
picons/13.0e/myintprovider/black/1_0_1_320_7D5_2_820000_0_0_0.png	0447ab63071fc854bfd3b2fede981d4cc0f63074
picons/13.0e/myintprovider/transparent/1_0_1_320_3E8_2_820000_0_0_0.png	27f32d812ebe0619f4a7a91b639154a3d0c9d175
picons/13.0e/myintprovider/transparent/1_0_1_320_7D5_2_820000_0_0_0.png	27f32d812ebe0619f4a7a91b639154a3d0c9d175
picons/13.0e/myintprovider/white/1_0_1_320_3E8_2_820000_0_0_0.png	d3013598a0e2415363791e53adf2aa38dfa2c281
picons/13.0e/myintprovider/white/1_0_1_320_7D5_2_820000_0_0_0.png	d3013598a0e2415363791e53adf2aa38dfa2c281
picons/13.0e/skyitalia/black/1_0_1_F89_2198_FBFF_820000_0_0_0.png	3970316b3e80e3fda31b19a4d93606066b78ba08
picons/13.0e/skyitalia/transparent/1_0_1_F89_2198_FBFF_820000_0_0_0.png	82e1fdbd3fc862891aca66ee06424df8c22d73be
picons/13.0e/skyitalia/white/1_0_1_F89_2198_FBFF_820000_0_0_0.png	4f4b742badf74eb72685fb5b666ae13ed4faa5e8
picons/16.0e/nova-broadcasting-group/black/1_0_1_4_14B4_2064_A00000_0_0_0.png	2d329a97325ce1c5c032f13459af70f06ad510e3
picons/16.0e/nova-broadcasting-group/black/1_0_1_5_14B4_2064_A00000_0_0_0.png	c92b4d0ee23c1a19176c9bff2b91d6e590088f1e
picons/16.0e/nova-broadcasting-group/black/1_0_1_8_14B4_2064_A00000_0_0_0.png	33451136b973943e462a5a6a36be528b042ffc80
picons/16.0e/nova-broadcasting-group/transparent/1_0_1_4_14B4_2064_A00000_0_0_0.png	0d793e224ce00da250cd9fe1c9f70b723d9aef52
picons/16.0e/nova-broadcasting-group/transparent/1_0_1_5_14B4_2064_A00000_0_0_0.png	ada456cc6d9780dbd7250daa6640c677200441d2
picons/16.0e/nova-broadcasting-group/transparent/1_0_1_8_14B4_2064_A00000_0_0_0.png	ebfaa2110d67a6e4ef09312f658ca81424c3d97a
picons/16.0e/nova-broadcasting-group/white/1_0_1_4_14B4_2064_A00000_0_0_0.png	02c077bfd720a1b11f0eda6eeebb85097de86d33
picons/16.0e/nova-broadcasting-group/white/1_0_1_5_14B4_2064_A00000_0_0_0.png	a57a1fe59c43c60c3bd5f44f9eece51a2956c8bf
picons/16.0e/nova-broadcasting-group/white/1_0_1_8_14B4_2064_A00000_0_0_0.png	70c626cdcb82c4e8f2c3a8259af1b30e28e80c9d
picons/16.0e/srtv/black/1_0_1_12_C8_1_A00000_0_0_0.png	e9d9de06d00292d33386792c1b65673cbf1b8938
picons/16.0e/srtv/black/1_0_1_13_C8_1_A00000_0_0_0.png	5b914887109f57afcd4308884d57a3f566c6f1c4
picons/16.0e/srtv/black/1_0_1_3_C8_1_A00000_0_0_0.png	bec88b0b7f89ac2e5bd4b97e576d770d01a7ea05
picons/16.0e/srtv/transparent/1_0_1_12_C8_1_A00000_0_0_0.png	c3a6449be26dd2962a46723f075e4bf72c464660
picons/16.0e/srtv/transparent/1_0_1_13_C8_1_A00000_0_0_0.png	1020e1a51e11218f4fc8607d0e961abfe814603a
picons/16.0e/srtv/transparent/1_0_1_3_C8_1_A00000_0_0_0.png	87fe390fcae0e6f66ef4ca932e5323a05e3a2c69
picons/16.0e/srtv/white/1_0_1_12_C8_1_A00000_0_0_0.png	09326a59dc68828813798e8962255cbf8052c32f
picons/16.0e/srtv/white/1_0_1_13_C8_1_A00000_0_0_0.png	57ace5438c9fa96c55c2c54b97c32fcb273088e1
picons/16.0e/srtv/white/1_0_1_3_C8_1_A00000_0_0_0.png	f60223e3f20ece2d3e909743e21487b0f9571456
picons/16.0e/total-tv/black/1_0_1_5B9_75FC_16E_A00000_0_0_0.png	aaa74c428c68dd9527c58efa82ebe8f2cbdc690e
picons/16.0e/total-tv/black/1_0_2_30F_9D08_16E_A00000_0_0_0.png	46afd3815b1ed66858a1ade9252a34c5ca95dd30
picons/16.0e/total-tv/transparent/1_0_1_5B9_75FC_16E_A00000_0_0_0.png	6ba9feee39b3eeeb5d87f84feb3444576afe3085
picons/16.0e/total-tv/transparent/1_0_2_30F_9D08_16E_A00000_0_0_0.png	bbd0a6d484d04be0cf9960c3875d066403091eb1
picons/16.0e/total-tv/white/1_0_1_5B9_75FC_16E_A00000_0_0_0.png	61af30bed62dd0b520aa50c6ad9e9faced470c0f
picons/16.0e/total-tv/white/1_0_2_30F_9D08_16E_A00000_0_0_0.png	ebfab6abea394db5ab7638a16553e9e53e931597
picons/19.2e/ab-sat/black/1_0_2_23B7_446_1_C00000_0_0_0.png	cb0a50da7dd2025c6752b5508a56db4645d03b59
picons/19.2e/ab-sat/black/1_0_2_23B8_446_1_C00000_0_0_0.png	01965f5fdf0eecab7f357c5c1c0dbc13c27d72e8
picons/19.2e/ab-sat/black/1_0_2_23C4_446_1_C00000_0_0_0.png	7263ffa5af4d159038f79ea2cd58f8df0713938c
picons/19.2e/ab-sat/black/1_0_2_23CB_446_1_C00000_0_0_0.png	e869cb41c76c5496e2930b9042f237ca38e6894e
picons/19.2e/ab-sat/black/1_0_2_23DE_446_1_C00000_0_0_0.png	a44fb3dc1dc24307efb3a445e7ed85c377724be5
picons/19.2e/ab-sat/transparent/1_0_2_23B7_446_1_C00000_0_0_0.png	fbf1267ebda39775dad6e2d48e5d5c3edab9eb9c
picons/19.2e/ab-sat/transparent/1_0_2_23B8_446_1_C00000_0_0_0.png	88d452db13edf4f6c33a406b86ac151357416d16
picons/19.2e/ab-sat/transparent/1_0_2_23C4_446_1_C00000_0_0_0.png	6d6b3a90458dac0a9637250f21251b31bf1f0163
picons/19.2e/ab-sat/transparent/1_0_2_23CB_446_1_C00000_0_0_0.png	5a5d59b631cfa9b605d5fb25cacd6c996ce75e56
picons/19.2e/ab-sat/transparent/1_0_2_23DE_446_1_C00000_0_0_0.png	470430c0ca79654fc306513b69fbd937e61b1533
picons/19.2e/ab-sat/white/1_0_2_23B7_446_1_C00000_0_0_0.png	9049e3c8b3a9df33813a12071a66246e15f52d0c
picons/19.2e/ab-sat/white/1_0_2_23B8_446_1_C00000_0_0_0.png	94a336d8b6dd79fcc83f2294e31c66ad5586e6e4
picons/19.2e/ab-sat/white/1_0_2_23C4_446_1_C00000_0_0_0.png	ea67f001e17ff64a5a64430da2cdaa5fe7eae7f9
picons/19.2e/ab-sat/white/1_0_2_23CB_446_1_C00000_0_0_0.png	3ffd70b8d424ede5bea3e898180a030b153be222
picons/19.2e/ab-sat/white/1_0_2_23DE_446_1_C00000_0_0_0.png	74b8c0f80ad64d1909d9de94dbda2ca7abe6a0e8
picons/19.2e/sky/black/1_0_1_DAD_4_85_C00000_0_0_0.png	87ca1003f36b62e68d0ec3c6ad27cf7d298d4755
picons/19.2e/sky/black/1_0_1_DAE_4_85_C00000_0_0_0.png	87ca1003f36b62e68d0ec3c6ad27cf7d298d4755
picons/19.2e/sky/black/1_0_1_DAF_4_85_C00000_0_0_0.png	87ca1003f36b62e68d0ec3c6ad27cf7d298d4755
picons/19.2e/sky/transparent/1_0_1_DAD_4_85_C00000_0_0_0.png	66aeb30785f5a9add680a57abfbe8ee417fbeed0
picons/19.2e/sky/transparent/1_0_1_DAE_4_85_C00000_0_0_0.png	66aeb30785f5a9add680a57abfbe8ee417fbeed0
picons/19.2e/sky/transparent/1_0_1_DAF_4_85_C00000_0_0_0.png	66aeb30785f5a9add680a57abfbe8ee417fbeed0
picons/19.2e/sky/white/1_0_1_DAD_4_85_C00000_0_0_0.png	ebc51804806d6e9da1734efd1ded0d6ceec9faf7
picons/19.2e/sky/white/1_0_1_DAE_4_85_C00000_0_0_0.png	ebc51804806d6e9da1734efd1ded0d6ceec9faf7
picons/19.2e/sky/white/1_0_1_DAF_4_85_C00000_0_0_0.png	ebc51804806d6e9da1734efd1ded0d6ceec9faf7
picons/19.2e/tsa/black/1_0_1_7A4A_410_1_C00000_0_0_0.png	f1068be620e0c298175569d16b287939e9132936
picons/19.2e/tsa/transparent/1_0_1_7A4A_410_1_C00000_0_0_0.png	9317f1a8759222769d985e1417b32e3058ce7f27
picons/19.2e/tsa/white/1_0_1_7A4A_410_1_C00000_0_0_0.png	dd37b0e0f3a14ce9f203dccaeeb4f2a60ce01d79
picons/23.5e/telekom-srbija/black/1_0_1_4E60_CA5_3_EB0000_0_0_0.png	250db00e16b35e03da85f3d594b4e30b914cc00b
picons/23.5e/telekom-srbija/black/1_0_1_4ED5_CA4_3_EB0000_0_0_0.png	b8a752f08ad289f893a4609f0bfd8fc2833f2e99
picons/23.5e/telekom-srbija/black/1_0_1_4EED_CA4_3_EB0000_0_0_0.png	643089938a6554a4bddb5dec7902d53d052773e4
picons/23.5e/telekom-srbija/black/1_0_1_4F25_CA6_3_EB0000_0_0_0.png	a659ce8eddd526a98ed146ea913471de6510028c
picons/23.5e/telekom-srbija/black/1_0_1_4F27_CA6_3_EB0000_0_0_0.png	67b534a94d1b813645e4d759b5a4c38f888a6216
picons/23.5e/telekom-srbija/black/1_0_1_4F28_CA6_3_EB0000_0_0_0.png	564f880e18034e5d05cc540bc9af43d2db664724
picons/23.5e/telekom-srbija/black/1_0_1_4F29_CA6_3_EB0000_0_0_0.png	6bf85502d74fd1a2d8203eb838b7a48364f0caf0
picons/23.5e/telekom-srbija/black/1_0_1_4F2A_CA6_3_EB0000_0_0_0.png	453f374550af45b6b867d81654766203be2c1ae5
picons/23.5e/telekom-srbija/black/1_0_1_4F2B_CA6_3_EB0000_0_0_0.png	c6b24fbed4d86668cea793b456ed0bbcd7551f4f
picons/23.5e/telekom-srbija/black/1_0_1_4F2C_CA6_3_EB0000_0_0_0.png	bc0a4cc425a5379fa5c3cc194f0f2e5f6f313f4e
picons/23.5e/telekom-srbija/black/1_0_1_4F2D_CA6_3_EB0000_0_0_0.png	edfdc5f4b1585dd50127cefe4409f97375d6c2f7
picons/23.5e/telekom-srbija/black/1_0_1_4F2E_CA6_3_EB0000_0_0_0.png	473eb1ca93ac543b48f07ec51e67b6c834d30e9e
picons/23.5e/telekom-srbija/transparent/1_0_1_4E60_CA5_3_EB0000_0_0_0.png	354d74138853f3fd5d836945f2600ae73cf95015
picons/23.5e/telekom-srbija/transparent/1_0_1_4ED5_CA4_3_EB0000_0_0_0.png	25d5e9326714b683df86c8aa2163cd180ecd5ec8
picons/23.5e/telekom-srbija/transparent/1_0_1_4EED_CA4_3_EB0000_0_0_0.png	457b572ebbd8c93079ded8b32a3041ba531ce83b
picons/23.5e/telekom-srbija/transparent/1_0_1_4F25_CA6_3_EB0000_0_0_0.png	7d33c5404d4ce67ecdea635651edd4834388eca2
picons/23.5e/telekom-srbija/transparent/1_0_1_4F27_CA6_3_EB0000_0_0_0.png	af5a87fb4922c7a374322afa19aa07ec437a41ec
picons/23.5e/telekom-srbija/transparent/1_0_1_4F28_CA6_3_EB0000_0_0_0.png	5865b91d738df490876abe47e1fdc029cbbb176d
picons/23.5e/telekom-srbija/transparent/1_0_1_4F29_CA6_3_EB0000_0_0_0.png	ed5a484a51c160439f8c04ec098e3625c29f89ee
picons/23.5e/telekom-srbija/transparent/1_0_1_4F2A_CA6_3_EB0000_0_0_0.png	252d4a08c203917b3a07638c17d6d73eb826df01
picons/23.5e/telekom-srbija/transparent/1_0_1_4F2B_CA6_3_EB0000_0_0_0.png	8c9b8a294d3be4efb09665fa3779f385c739b7d6
picons/23.5e/telekom-srbija/transparent/1_0_1_4F2C_CA6_3_EB0000_0_0_0.png	6285e18acd8b6de46a1fb25c7bd87053c6466bb2
picons/23.5e/telekom-srbija/transparent/1_0_1_4F2D_CA6_3_EB0000_0_0_0.png	ce62420cae2ae00bb0b7202346da82460d7d8bfe
picons/23.5e/telekom-srbija/transparent/1_0_1_4F2E_CA6_3_EB0000_0_0_0.png	232dfa2276bb8312c93ef45fc9210ca03881fc30
picons/23.5e/telekom-srbija/white/1_0_1_4E60_CA5_3_EB0000_0_0_0.png	38cc54912be897e2cb2930f3ecaea1102af96813
picons/23.5e/telekom-srbija/white/1_0_1_4ED5_CA4_3_EB0000_0_0_0.png	2e046aee17d6414ad7bc459cf1b05a2da8e9f9f0
picons/23.5e/telekom-srbija/white/1_0_1_4EED_CA4_3_EB0000_0_0_0.png	a898b0bc5d52518098851bd65a5b4428f6c59bbf
picons/23.5e/telekom-srbija/white/1_0_1_4F25_CA6_3_EB0000_0_0_0.png	113607d060da2ef15adccfadc7b0b1ea81c9eca5
picons/23.5e/telekom-srbija/white/1_0_1_4F27_CA6_3_EB0000_0_0_0.png	1ee122067502bd92fa409d3fd429ad2bfb587834
picons/23.5e/telekom-srbija/white/1_0_1_4F28_CA6_3_EB0000_0_0_0.png	e798adfde1a8347a39234c019a903f8f3f18bc01
picons/23.5e/telekom-srbija/white/1_0_1_4F29_CA6_3_EB0000_0_0_0.png	52b8f3828c240c8f1e95e61dc7568a705c608e5b
picons/23.5e/telekom-srbija/white/1_0_1_4F2A_CA6_3_EB0000_0_0_0.png	d30342ccf70182258ced8f74b240fc3acf9457aa
picons/23.5e/telekom-srbija/white/1_0_1_4F2B_CA6_3_EB0000_0_0_0.png	8557b7a92057d2089882e78db6e2cb687101e9d8
picons/23.5e/telekom-srbija/white/1_0_1_4F2C_CA6_3_EB0000_0_0_0.png	ec6c11956339f5785e2c80e016f955e553b192f1
picons/23.5e/telekom-srbija/white/1_0_1_4F2D_CA6_3_EB0000_0_0_0.png	80b889ba43861e545e0036da209eb06d92ef90d8
picons/23.5e/telekom-srbija/white/1_0_1_4F2E_CA6_3_EB0000_0_0_0.png	b140d5708bad3dbc407bf8afa233c60b5e3de2ec
picons/24.5w/tda/black/1_0_2_10_0_FFFF_D1B2FDA_0_0_0.png	c31e3abe22570b765c64eeccee5454492149d6cd
picons/24.5w/tda/black/1_0_2_11_0_FFFF_D1B2FDA_0_0_0.png	a639ddd0282c5bd620eb2af286cd82889d1ad928
picons/24.5w/tda/black/1_0_2_12_0_FFFF_D1B2FDA_0_0_0.png	6423550a940f3218bc918a120116bc9b34c48d9a
picons/24.5w/tda/black/1_0_2_13_0_FFFF_D1B2FDA_0_0_0.png	5d3cb97181aa3e232169934c5b573ae2cd77a4af
picons/24.5w/tda/black/1_0_2_14_0_FFFF_D1B2FDA_0_0_0.png	3458a9bbe93a77ba32377a80d3c3d1a8227492d1
picons/24.5w/tda/black/1_0_2_15_0_FFFF_D1B2FDA_0_0_0.png	f3f57d98963c8a06df2eebfcc2dd1da82f5b0ce9
picons/24.5w/tda/black/1_0_2_16_0_FFFF_D1B2FDA_0_0_0.png	93585665e26e0b873f78a8fc31726eacf134b52f
picons/24.5w/tda/black/1_0_2_17_0_FFFF_D1B2FDA_0_0_0.png	c2a1ffbce89191b3ced5a77bc095005ade5c34c7
picons/24.5w/tda/black/1_0_2_18_0_FFFF_D1B2FDA_0_0_0.png	137291b58829b4780e61e7d9071a56e88ad69c30
picons/24.5w/tda/black/1_0_2_19_0_FFFF_D1B2FDA_0_0_0.png	39f3a32be9d44e2f5ce4d5eeb8a30ef8626a4f2f
picons/24.5w/tda/black/1_0_2_1A_0_FFFF_D1B2FDA_0_0_0.png	913071b1723826fb9df41b9e2836a46eb6d30749
picons/24.5w/tda/black/1_0_2_1D_0_FFFF_D1B2FDA_0_0_0.png	9344b27376ca8c28716be46633d81889b8d62d0e
picons/24.5w/tda/black/1_0_2_1E_0_FFFF_D1B2FDA_0_0_0.png	d28cedacaf743ae15afc308b0c84cb426ddcb015
picons/24.5w/tda/black/1_0_2_1F_0_FFFF_D1B2FDA_0_0_0.png	5e9d0246a373a94f3d621c388df3321ba886887b
picons/24.5w/tda/black/1_0_2_20_0_FFFF_D1B2FDA_0_0_0.png	5cc6107df2323ec65348a96467df2e01af61096c
picons/24.5w/tda/black/1_0_2_21_0_FFFF_D1B2FDA_0_0_0.png	feef23bdff706a72fef04bc1dcb12628e99e8e72
picons/24.5w/tda/black/1_0_2_22_0_FFFF_D1B2FDA_0_0_0.png	cde14659b84a9fd4fafd6cb53df695519cfa6394
picons/24.5w/tda/black/1_0_2_23_0_FFFF_D1B2FDA_0_0_0.png	b506dc514fdb78fcfa427d0681327c8e8d68e186
picons/24.5w/tda/black/1_0_2_24_0_FFFF_D1B2FDA_0_0_0.png	29b7591cc71d97ba62fb5f41a9361641b055ac69
picons/24.5w/tda/black/1_0_2_25_0_FFFF_D1B2FDA_0_0_0.png	2606ee866d3373ef9f63fcdd66a71b4c8d028c43
picons/24.5w/tda/black/1_0_2_26_0_FFFF_D1B2FDA_0_0_0.png	40b65dbbbb793991ca42440c02e3442721e841e1
picons/24.5w/tda/black/1_0_2_27_0_FFFF_D1B2FDA_0_0_0.png	9e50e5b60fbc866a8b96cccf5f15a8e7a4d89ac6
picons/24.5w/tda/black/1_0_2_28_0_FFFF_D1B2FDA_0_0_0.png	db88553cc1b15b7949fbe4f0f58162efd8125a6c
picons/24.5w/tda/black/1_0_2_296_0_FFFF_D1B2FDA_0_0_0.png	bbecf80b1ca6754495ba0780a58b8314362ecd29
picons/24.5w/tda/black/1_0_2_298_0_FFFF_D1B2FDA_0_0_0.png	c8629fea473af7fc20cc501180028a1e8fe6bddf
picons/24.5w/tda/black/1_0_2_299_0_FFFF_D1B2FDA_0_0_0.png	c7e05fc80ef69c726ac214ca490bb387dfab0e9e
picons/24.5w/tda/black/1_0_2_29_0_FFFF_D1B2FDA_0_0_0.png	3ce45578c3c7214a7a3186c62adb5bf524a37cff
picons/24.5w/tda/black/1_0_2_2A_0_FFFF_D1B2FDA_0_0_0.png	614801573842053b9fd3d8abe49068ecb7a3c425
picons/24.5w/tda/black/1_0_2_2B_0_FFFF_D1B2FDA_0_0_0.png	722a1ed63de0e9ae85ac4518f8ac1370b000d70a
picons/24.5w/tda/black/1_0_2_2C_0_FFFF_D1B2FDA_0_0_0.png	3c71cf65f11af901a7703a0afdb455ec1bd4ad5b
picons/24.5w/tda/black/1_0_2_2D_0_FFFF_D1B2FDA_0_0_0.png	19c387c9918fdc6611f5e9b35e82c9aa5b775222
picons/24.5w/tda/black/1_0_2_2E_0_FFFF_D1B2FDA_0_0_0.png	1e386574e5af08365215c8aedb5096813bbb628c
picons/24.5w/tda/black/1_0_2_2F_0_FFFF_D1B2FDA_0_0_0.png	5de08b2ccef24828d1dbe923eb00a63bb15929f1
picons/24.5w/tda/black/1_0_2_30_0_FFFF_D1B2FDA_0_0_0.png	c87bd286b40cc15110eecdcdc3c55480a32ae9d3
picons/24.5w/tda/black/1_0_2_31_0_FFFF_D1B2FDA_0_0_0.png	8e5a49d89111173217a8962ae4b229cab319e2c4
picons/24.5w/tda/black/1_0_2_32_0_FFFF_D1B2FDA_0_0_0.png	f56d2571e7d805d6a5244e939bd98c6f0b765097
picons/24.5w/tda/black/1_0_2_33_0_FFFF_D1B2FDA_0_0_0.png	9058bdbc6e379f1206035f25ed7cd633d785ee3b
picons/24.5w/tda/black/1_0_2_34_0_FFFF_D1B2FDA_0_0_0.png	b10c784f8e0af58c1b3c4b812348ac6975703595
picons/24.5w/tda/black/1_0_2_35_0_FFFF_D1B2FDA_0_0_0.png	7d9b0acf0e26ec452d3997bce2d33c7d6d676c6b
picons/24.5w/tda/black/1_0_2_36_0_FFFF_D1B2FDA_0_0_0.png	9b9f7d427536f6253ec889221eaa03db75f9f5cd
picons/24.5w/tda/black/1_0_2_37_0_FFFF_D1B2FDA_0_0_0.png	9cabf0d33ceb3527f256ef1af805683eda518ff3
picons/24.5w/tda/black/1_0_2_38_0_FFFF_D1B2FDA_0_0_0.png	39e0be196dc8556eab07030b4123c6e0959ff677
picons/24.5w/tda/black/1_0_2_39_0_FFFF_D1B2FDA_0_0_0.png	68ab8ee2dc34ef8d302daa4971449e6c2b8cf748
picons/24.5w/tda/black/1_0_2_3A_0_FFFF_D1B2FDA_0_0_0.png	3c71cf65f11af901a7703a0afdb455ec1bd4ad5b
picons/24.5w/tda/black/1_0_2_3B_0_FFFF_D1B2FDA_0_0_0.png	6fe001e94c0e8bbf41ef218149b395339ab44e9b
picons/24.5w/tda/black/1_0_2_3C_0_FFFF_D1B2FDA_0_0_0.png	4ffe4ff85a7eafcd5a4b92e6dd970f759c76fd17
picons/24.5w/tda/black/1_0_2_3D_0_FFFF_D1B2FDA_0_0_0.png	10199ca26cda6ab68302387a4d2fe2b83554c53d
picons/24.5w/tda/black/1_0_2_3F_0_FFFF_D1B2FDA_0_0_0.png	abfc596927e1efe9941157f8b769e43f683aed36
picons/24.5w/tda/black/1_0_2_6_0_FFFF_D1B2FDA_0_0_0.png	ddeda04a4b2d6ea164840ce03d73ef947dc9ae0f
picons/24.5w/tda/black/1_0_2_7_0_FFFF_D1B2FDA_0_0_0.png	39f3a32be9d44e2f5ce4d5eeb8a30ef8626a4f2f
picons/24.5w/tda/black/1_0_2_8_0_FFFF_D1B2FDA_0_0_0.png	10199ca26cda6ab68302387a4d2fe2b83554c53d
picons/24.5w/tda/black/1_0_2_9_0_FFFF_D1B2FDA_0_0_0.png	01110db2adcd42e717dec071c339e2f256d3907d
picons/24.5w/tda/black/1_0_2_A_0_FFFF_D1B2FDA_0_0_0.png	2b6804e3cca23da239b25c3d751766dc9776ba17
picons/24.5w/tda/black/1_0_2_B_0_FFFF_D1B2FDA_0_0_0.png	367195ee36837dc06bda06b5fece969615716f6c
picons/24.5w/tda/black/1_0_2_C_0_FFFF_D1B2FDA_0_0_0.png	fe014e05a94b413a38f6a5717bf3ca0416afab87
picons/24.5w/tda/black/1_0_2_D_0_FFFF_D1B2FDA_0_0_0.png	8b3c38e9943c06139f8d3da09dfe1efc5eeb8a0c
picons/24.5w/tda/black/1_0_2_E_0_FFFF_D1B2FDA_0_0_0.png	aba77860870d91963f1197724b56ccaa6d0db15d
picons/24.5w/tda/black/1_0_2_F_0_FFFF_D1B2FDA_0_0_0.png	e61c5aa9a787ec49acff3548963d871873f3132d
picons/24.5w/tda/transparent/1_0_2_10_0_FFFF_D1B2FDA_0_0_0.png	299247213f317f3d6ef664650552e46a965b9559
picons/24.5w/tda/transparent/1_0_2_11_0_FFFF_D1B2FDA_0_0_0.png	7bf7ddf816be2a25068b7a2ef92b3e64af4ab348
picons/24.5w/tda/transparent/1_0_2_12_0_FFFF_D1B2FDA_0_0_0.png	f8a866f2741479c3c816d2974f363157b00989e1
picons/24.5w/tda/transparent/1_0_2_13_0_FFFF_D1B2FDA_0_0_0.png	5df143ac9838b617b0a483144c08892331c06d7e
picons/24.5w/tda/transparent/1_0_2_14_0_FFFF_D1B2FDA_0_0_0.png	f7539e47d7e64f2c7b2bdfc18117e8599db49d0c
picons/24.5w/tda/transparent/1_0_2_15_0_FFFF_D1B2FDA_0_0_0.png	ed2905b5e65823a49958151c2a330f84d967dd84
picons/24.5w/tda/transparent/1_0_2_16_0_FFFF_D1B2FDA_0_0_0.png	a6579e7bc31ddd5a206a891aa9bb99f4db4d2cf0
picons/24.5w/tda/transparent/1_0_2_17_0_FFFF_D1B2FDA_0_0_0.png	663d2803f375ab6b297ddff3597f7d598b005815
picons/24.5w/tda/transparent/1_0_2_18_0_FFFF_D1B2FDA_0_0_0.png	60721c42e3d8b35fed531551d42dd47ccea0b187
picons/24.5w/tda/transparent/1_0_2_19_0_FFFF_D1B2FDA_0_0_0.png	1eab3b63519924e89e15721d28bdf734ba036d86
picons/24.5w/tda/transparent/1_0_2_1A_0_FFFF_D1B2FDA_0_0_0.png	ceee738b824f52d333eadf74a0c712c9795bfb8b
picons/24.5w/tda/transparent/1_0_2_1D_0_FFFF_D1B2FDA_0_0_0.png	dee17e2cbad320a80fa734b6f6d63b825c8fef68
picons/24.5w/tda/transparent/1_0_2_1E_0_FFFF_D1B2FDA_0_0_0.png	d1438bb0e16b9bbf2badf52112962f352d4404a0
picons/24.5w/tda/transparent/1_0_2_1F_0_FFFF_D1B2FDA_0_0_0.png	8fc6b84b3e7683b95edda1693a4a69fd3e61b7ed
picons/24.5w/tda/transparent/1_0_2_20_0_FFFF_D1B2FDA_0_0_0.png	e5e2bee962f43f58f7f0302cc8ee3a800a2a5cbd
picons/24.5w/tda/transparent/1_0_2_21_0_FFFF_D1B2FDA_0_0_0.png	39d45fa93b80d40e63ed921d85e2522e48902f8e
picons/24.5w/tda/transparent/1_0_2_22_0_FFFF_D1B2FDA_0_0_0.png	f823dcfeddc4a240b540cfff89e798384dfa189a
picons/24.5w/tda/transparent/1_0_2_23_0_FFFF_D1B2FDA_0_0_0.png	03f98595eeb55260c89ef8bc028cdfae813b729e
picons/24.5w/tda/transparent/1_0_2_24_0_FFFF_D1B2FDA_0_0_0.png	c0e81d83137def869522365c3e3c55db329d5ec2
picons/24.5w/tda/transparent/1_0_2_25_0_FFFF_D1B2FDA_0_0_0.png	c4a09a4d336887d0b06d4ea29052b49c30b5b1fd
picons/24.5w/tda/transparent/1_0_2_26_0_FFFF_D1B2FDA_0_0_0.png	fadc6a8688998e6652defd3670d0ec84438f84a1
picons/24.5w/tda/transparent/1_0_2_27_0_FFFF_D1B2FDA_0_0_0.png	dc477c394af3c10acd26639f8b2c885a4f2b2959
picons/24.5w/tda/transparent/1_0_2_28_0_FFFF_D1B2FDA_0_0_0.png	9564941ad630ce76f5d89b451e1411ce6a1f5723
picons/24.5w/tda/transparent/1_0_2_296_0_FFFF_D1B2FDA_0_0_0.png	ce4e066bd17df8c77b9babeac8539633291a1efa
picons/24.5w/tda/transparent/1_0_2_298_0_FFFF_D1B2FDA_0_0_0.png	9b9f3e9ce3adee24bc53c6140d578e368b9726e6
picons/24.5w/tda/transparent/1_0_2_299_0_FFFF_D1B2FDA_0_0_0.png	0c777ffbf9cd88a5652f8370890778dca3a67851
picons/24.5w/tda/transparent/1_0_2_29_0_FFFF_D1B2FDA_0_0_0.png	757507596109c79b088f56e5a36e074d2d23f3b7
picons/24.5w/tda/transparent/1_0_2_2A_0_FFFF_D1B2FDA_0_0_0.png	c4503a8c1fe3bab37f8a823d101402576323e41a
picons/24.5w/tda/transparent/1_0_2_2B_0_FFFF_D1B2FDA_0_0_0.png	63dd6406f83e8599bd2655085ca400360c56ec0a
picons/24.5w/tda/transparent/1_0_2_2C_0_FFFF_D1B2FDA_0_0_0.png	0f2a6d259a75594436e797d8f6c790bcdc8cd7a0
picons/24.5w/tda/transparent/1_0_2_2D_0_FFFF_D1B2FDA_0_0_0.png	37a78c4bcea662fa0215645808b94d483270aa41
picons/24.5w/tda/transparent/1_0_2_2E_0_FFFF_D1B2FDA_0_0_0.png	0e15a03bf9ce5eb1d53ec048e596dde092986e60
picons/24.5w/tda/transparent/1_0_2_2F_0_FFFF_D1B2FDA_0_0_0.png	b5bec1e7bc803b661139373321432d2284e59785
picons/24.5w/tda/transparent/1_0_2_30_0_FFFF_D1B2FDA_0_0_0.png	1e2dd7af4d96661c02350e65dc28b3585211c4cb
picons/24.5w/tda/transparent/1_0_2_31_0_FFFF_D1B2FDA_0_0_0.png	7abee54e96a22e6ef9d26abab3dd4b86e7e7f9fb
picons/24.5w/tda/transparent/1_0_2_32_0_FFFF_D1B2FDA_0_0_0.png	2fb25ade6d1da74045a0aa3cb599f17aec0fcb1e
picons/24.5w/tda/transparent/1_0_2_33_0_FFFF_D1B2FDA_0_0_0.png	884eff248b6392d9867f6012dfad61822828f115
picons/24.5w/tda/transparent/1_0_2_34_0_FFFF_D1B2FDA_0_0_0.png	b8b882e140c7a756e9410e69521671b3f2b9ea43
picons/24.5w/tda/transparent/1_0_2_35_0_FFFF_D1B2FDA_0_0_0.png	511dd1173c1473f005de857fc868564f01cbe1b8
picons/24.5w/tda/transparent/1_0_2_36_0_FFFF_D1B2FDA_0_0_0.png	5503e4ff6d64b5902e0ac2540f3d545777945b2e
picons/24.5w/tda/transparent/1_0_2_37_0_FFFF_D1B2FDA_0_0_0.png	9569bbf08c85f10a6c4c19ff74671ac891be2691
picons/24.5w/tda/transparent/1_0_2_38_0_FFFF_D1B2FDA_0_0_0.png	cb1ea8848b6c1abffd9689f0a66389e7729c04d3
picons/24.5w/tda/transparent/1_0_2_39_0_FFFF_D1B2FDA_0_0_0.png	50b5cf43e79d7d2868d66723301514c5c0efd448
picons/24.5w/tda/transparent/1_0_2_3A_0_FFFF_D1B2FDA_0_0_0.png	0f2a6d259a75594436e797d8f6c790bcdc8cd7a0
picons/24.5w/tda/transparent/1_0_2_3B_0_FFFF_D1B2FDA_0_0_0.png	3d6561713232dc5f34566a33c9c005c82acf2d12
picons/24.5w/tda/transparent/1_0_2_3C_0_FFFF_D1B2FDA_0_0_0.png	fc84be44c4fb19d1ef3b2848dfd5de6abc1eea3f
picons/24.5w/tda/transparent/1_0_2_3D_0_FFFF_D1B2FDA_0_0_0.png	817d0078c43a75064debb6bcf3d675a52d9252d6
picons/24.5w/tda/transparent/1_0_2_3F_0_FFFF_D1B2FDA_0_0_0.png	7c1c2c40b57d97b5fd81452591462db56bfb5af1
picons/24.5w/tda/transparent/1_0_2_6_0_FFFF_D1B2FDA_0_0_0.png	181a6fa13d0b0c6263a59e0e31d57f4adca9de3d
picons/24.5w/tda/transparent/1_0_2_7_0_FFFF_D1B2FDA_0_0_0.png	1eab3b63519924e89e15721d28bdf734ba036d86
picons/24.5w/tda/transparent/1_0_2_8_0_FFFF_D1B2FDA_0_0_0.png	817d0078c43a75064debb6bcf3d675a52d9252d6
picons/24.5w/tda/transparent/1_0_2_9_0_FFFF_D1B2FDA_0_0_0.png	4d6f349d073f5ab4ff655fb20edc83279da3da65
picons/24.5w/tda/transparent/1_0_2_A_0_FFFF_D1B2FDA_0_0_0.png	7cadfe29bc36a56e477347d169a96f99b47fe08d
picons/24.5w/tda/transparent/1_0_2_B_0_FFFF_D1B2FDA_0_0_0.png	93678db17630765092bc179840c755612e5991fd
picons/24.5w/tda/transparent/1_0_2_C_0_FFFF_D1B2FDA_0_0_0.png	53cda7a96e013b7a967bb664a85c3e625e311602
picons/24.5w/tda/transparent/1_0_2_D_0_FFFF_D1B2FDA_0_0_0.png	0a762677ab81fc86eba6085ff14a1fa8bb9c24d8
picons/24.5w/tda/transparent/1_0_2_E_0_FFFF_D1B2FDA_0_0_0.png	98ba96b987e344ae84fad481dae98528476b9e83
picons/24.5w/tda/transparent/1_0_2_F_0_FFFF_D1B2FDA_0_0_0.png	dbd540887668ac296048910ed7e22d768a6fb24b
picons/24.5w/tda/white/1_0_2_10_0_FFFF_D1B2FDA_0_0_0.png	e43f1dc313593af064acc9de61a3e89735069a97
picons/24.5w/tda/white/1_0_2_11_0_FFFF_D1B2FDA_0_0_0.png	ba19bfb4dacdb12df151e160a501d3c09fc2b783
picons/24.5w/tda/white/1_0_2_12_0_FFFF_D1B2FDA_0_0_0.png	a56661e35fd482a086b1c8cc10cdbcda9bf57640
picons/24.5w/tda/white/1_0_2_13_0_FFFF_D1B2FDA_0_0_0.png	2000422126f6eb793a239fdf597d8a2f56fbc443
picons/24.5w/tda/white/1_0_2_14_0_FFFF_D1B2FDA_0_0_0.png	46454c4b2472149126efa2e216f56915386b2e9f
picons/24.5w/tda/white/1_0_2_15_0_FFFF_D1B2FDA_0_0_0.png	ebac412eacefb1d36914561cfc66c260915ee28a
picons/24.5w/tda/white/1_0_2_16_0_FFFF_D1B2FDA_0_0_0.png	3d6fe3007a7d0f6e265aa426bb1f9b2a37a7e526
picons/24.5w/tda/white/1_0_2_17_0_FFFF_D1B2FDA_0_0_0.png	41838ddba1be7f35db453b463da10f9af0b02eec
picons/24.5w/tda/white/1_0_2_18_0_FFFF_D1B2FDA_0_0_0.png	cd2b748f03f0a189ed7556eb8efdcde85aa6ac41
picons/24.5w/tda/white/1_0_2_19_0_FFFF_D1B2FDA_0_0_0.png	b8a08a6426503c3d5e2ddb8d8de8c9b751b4b312
picons/24.5w/tda/white/1_0_2_1A_0_FFFF_D1B2FDA_0_0_0.png	4aaa6c24d12dc991015e738bc3b43beb110d280d
picons/24.5w/tda/white/1_0_2_1D_0_FFFF_D1B2FDA_0_0_0.png	53f57b6c4f68a0e84f8d01349d4f7767fb899c8e
picons/24.5w/tda/white/1_0_2_1E_0_FFFF_D1B2FDA_0_0_0.png	43d79fd1568e897a69e40f93b36c5f85c215223d
picons/24.5w/tda/white/1_0_2_1F_0_FFFF_D1B2FDA_0_0_0.png	381d25e0ee8254b57fc04a90d53a66d1fa43fcfb
picons/24.5w/tda/white/1_0_2_20_0_FFFF_D1B2FDA_0_0_0.png	062fee8d4bb9e22e5ca77f78f6045294e9c7b531
picons/24.5w/tda/white/1_0_2_21_0_FFFF_D1B2FDA_0_0_0.png	aaeddf1de51f0e8c4ce47ea9007715c386e3088e
picons/24.5w/tda/white/1_0_2_22_0_FFFF_D1B2FDA_0_0_0.png	649ab513952bb6ea34bb0ea97c4c08c58a0575a5
picons/24.5w/tda/white/1_0_2_23_0_FFFF_D1B2FDA_0_0_0.png	7ea72b38aa897464695ecd4ae07a8b24595c59c3
picons/24.5w/tda/white/1_0_2_24_0_FFFF_D1B2FDA_0_0_0.png	1d579310c8c18ea049d1e8f9dc154602676a0a5d
picons/24.5w/tda/white/1_0_2_25_0_FFFF_D1B2FDA_0_0_0.png	8014bc0ed382e20aa04b27aee5cb064f21c371da
picons/24.5w/tda/white/1_0_2_26_0_FFFF_D1B2FDA_0_0_0.png	cee2647a9e25b2cfc80cb4314a0e8f02e9c65cdf
picons/24.5w/tda/white/1_0_2_27_0_FFFF_D1B2FDA_0_0_0.png	4df64f16bd624dceb443a668e4614cdc1314a385
picons/24.5w/tda/white/1_0_2_28_0_FFFF_D1B2FDA_0_0_0.png	9b5ec21acb0cc02dd31af391e29ba2a2e8c3a184
picons/24.5w/tda/white/1_0_2_296_0_FFFF_D1B2FDA_0_0_0.png	e4f6438f0e886db085083322e6d766ae3eea504d
picons/24.5w/tda/white/1_0_2_298_0_FFFF_D1B2FDA_0_0_0.png	22bb0bcc45ff6d2c459448e9440bafe5dda50a2d
picons/24.5w/tda/white/1_0_2_299_0_FFFF_D1B2FDA_0_0_0.png	964a6876271068b907206f285991ec2afe72b09a
picons/24.5w/tda/white/1_0_2_29_0_FFFF_D1B2FDA_0_0_0.png	e3ca7087489206d426cccd8f66dfe47045567800
picons/24.5w/tda/white/1_0_2_2A_0_FFFF_D1B2FDA_0_0_0.png	1bf63c46b62e5532b594cab7cbca7cf127da4e12
picons/24.5w/tda/white/1_0_2_2B_0_FFFF_D1B2FDA_0_0_0.png	6eb908457b0f84c863a425b74f3f01fb0ee26667
picons/24.5w/tda/white/1_0_2_2C_0_FFFF_D1B2FDA_0_0_0.png	e6464277515d9cf96ee980801beeffb293ab20a3
picons/24.5w/tda/white/1_0_2_2D_0_FFFF_D1B2FDA_0_0_0.png	0aff9c89b90208ea57f0c47786a259b4f8eab15d
picons/24.5w/tda/white/1_0_2_2E_0_FFFF_D1B2FDA_0_0_0.png	551f6b3ef3806f49ec38fd5e5956515103ab9f56
picons/24.5w/tda/white/1_0_2_2F_0_FFFF_D1B2FDA_0_0_0.png	7bcee3bb5708383675bf5e3eed0a44b13e11d608
picons/24.5w/tda/white/1_0_2_30_0_FFFF_D1B2FDA_0_0_0.png	d8b44e34c0824e70c819fea68681ecabfbab7fbf
picons/24.5w/tda/white/1_0_2_31_0_FFFF_D1B2FDA_0_0_0.png	f9cb36c89fbe93db803a166bb35978d9dd215031
picons/24.5w/tda/white/1_0_2_32_0_FFFF_D1B2FDA_0_0_0.png	1f7521df78f19ac8525cb46836f36dd9bd2d4284
picons/24.5w/tda/white/1_0_2_33_0_FFFF_D1B2FDA_0_0_0.png	c4f0fb4caee1126e8e097da7d26ef69aa72f4f41
picons/24.5w/tda/white/1_0_2_34_0_FFFF_D1B2FDA_0_0_0.png	49843896b43e088b936e9cff03240d20196de40b
picons/24.5w/tda/white/1_0_2_35_0_FFFF_D1B2FDA_0_0_0.png	7e6bf22cda3dbf2c75ed53a90b4d05ba13425533
picons/24.5w/tda/white/1_0_2_36_0_FFFF_D1B2FDA_0_0_0.png	ffbe9be939a775ed6ae588dc7b5ee0e0b762181a
picons/24.5w/tda/white/1_0_2_37_0_FFFF_D1B2FDA_0_0_0.png	44a8966d12c70daa63807e771d08d9bedadafd46
picons/24.5w/tda/white/1_0_2_38_0_FFFF_D1B2FDA_0_0_0.png	b00ecebd9cdb5aa97a271429bde5b5b727cdb1b0
picons/24.5w/tda/white/1_0_2_39_0_FFFF_D1B2FDA_0_0_0.png	889c0649f1fc40b6a250573b02bbecd8d2fa3529
picons/24.5w/tda/white/1_0_2_3A_0_FFFF_D1B2FDA_0_0_0.png	e6464277515d9cf96ee980801beeffb293ab20a3
picons/24.5w/tda/white/1_0_2_3B_0_FFFF_D1B2FDA_0_0_0.png	00466be715867fa14b07beba0ad3b1561105b48a
picons/24.5w/tda/white/1_0_2_3C_0_FFFF_D1B2FDA_0_0_0.png	2280f829fb8600bbcc2d853ae3c9eed462fbee84
picons/24.5w/tda/white/1_0_2_3D_0_FFFF_D1B2FDA_0_0_0.png	c2bf5e8c8ffd3ffff10026d42e990e0ddfa54809
picons/24.5w/tda/white/1_0_2_3F_0_FFFF_D1B2FDA_0_0_0.png	4bca9309b15da5bd737d4f2cb09415fb76e60a42
picons/24.5w/tda/white/1_0_2_6_0_FFFF_D1B2FDA_0_0_0.png	502bb62b8ed433a47cdc53a08e2db357a926f1ad
picons/24.5w/tda/white/1_0_2_7_0_FFFF_D1B2FDA_0_0_0.png	92ceb5c1fa171c25250eb2c91e65c2257b06ef8f
picons/24.5w/tda/white/1_0_2_8_0_FFFF_D1B2FDA_0_0_0.png	c2bf5e8c8ffd3ffff10026d42e990e0ddfa54809
picons/24.5w/tda/white/1_0_2_9_0_FFFF_D1B2FDA_0_0_0.png	725de883815a556eefb355bbd795fe3f1fd26658
picons/24.5w/tda/white/1_0_2_A_0_FFFF_D1B2FDA_0_0_0.png	9d46f97d51cfefe34514035b35b190be45ece033
picons/24.5w/tda/white/1_0_2_B_0_FFFF_D1B2FDA_0_0_0.png	da6a9e78f7894ed4027d0f1e6a7fa2692a559c90
picons/24.5w/tda/white/1_0_2_C_0_FFFF_D1B2FDA_0_0_0.png	ab3010eef31475623bde08630856d488473b2b56
picons/24.5w/tda/white/1_0_2_D_0_FFFF_D1B2FDA_0_0_0.png	efc2916350783ccad40c0eb2afc7414f8f073bd4
picons/24.5w/tda/white/1_0_2_E_0_FFFF_D1B2FDA_0_0_0.png	5836700c51065534009a1d4803301cfd7e0c65d4
picons/24.5w/tda/white/1_0_2_F_0_FFFF_D1B2FDA_0_0_0.png	53e68aa9d6ecb097054ea233f4667ee3f069e2a0
picons/26.0e/al-jazeera/black/1_0_1_290A_41A_E0_1040000_0_0_0.png	0c12b31c9fff1132736bfd0b213daa43baee9af9
picons/26.0e/al-jazeera/transparent/1_0_1_290A_41A_E0_1040000_0_0_0.png	a06f4d71fbf088cef1009f2f662bc3258b008ab8
picons/26.0e/al-jazeera/white/1_0_1_290A_41A_E0_1040000_0_0_0.png	bea8e390d53ec1a0f1e2662e076c6776ae225e39
picons/26.0e/globecast/black/1_0_1_12D_1FE_2BE_1040000_0_0_0.png	d5b37571c26ebcdab6c5b8bb32a347d2f88b1487
picons/26.0e/globecast/transparent/1_0_1_12D_1FE_2BE_1040000_0_0_0.png	72c0ce1f759bf7216a4f545b73a2e81c9705c7a7
picons/26.0e/globecast/white/1_0_1_12D_1FE_2BE_1040000_0_0_0.png	281e19d3c23d1720a0d3cc8a78b3c7874ad43019
picons/26.0e/henmax/black/1_0_1_2CB_2025_2BE_1040000_0_0_0.png	c610f028c9fa27cede5dd2f8d05df994c16480f2
picons/26.0e/henmax/black/1_0_1_2CC_2025_2BE_1040000_0_0_0.png	5d12575dccbb054b7fbe303344f7c2bed2802e03
picons/26.0e/henmax/black/1_0_1_2CD_2025_2BE_1040000_0_0_0.png	2da727b68f5ad06c8f32c8d4dec3f4b347081021
picons/26.0e/henmax/black/1_0_1_2CE_2025_2BE_1040000_0_0_0.png	790ef002ae1b7f9031eb26fd68018b451dd04b01
picons/26.0e/henmax/black/1_0_1_2CF_2025_2BE_1040000_0_0_0.png	6fb9d7d87c4595dfdbf7ae997c8cee0596854b48
picons/26.0e/henmax/black/1_0_1_2D3_2025_2BE_1040000_0_0_0.png	8b865a3e0f8d04b39aca03b15c1bb1a26cd23c73
picons/26.0e/henmax/black/1_0_1_2D6_2025_2BE_1040000_0_0_0.png	30c8577ae89cb7ff32f620e7c6aa612f77a7cdc8
picons/26.0e/henmax/black/1_0_1_2DE_2025_2BE_1040000_0_0_0.png	e49006cbb570830baa6de7758c7173477df0ef09
picons/26.0e/henmax/black/1_0_1_2E1_2025_2BE_1040000_0_0_0.png	67ff24e276526aa9fc440eb5b7765526a176c423
picons/26.0e/henmax/black/1_0_1_2E2_2025_2BE_1040000_0_0_0.png	af092502690c49602c714da37818a2083098c713
picons/26.0e/henmax/black/1_0_1_2E3_2025_2BE_1040000_0_0_0.png	c2a4cb815f4b80c034534182a668b3d4311bcdf2
picons/26.0e/henmax/black/1_0_1_2E4_2025_2BE_1040000_0_0_0.png	dded9a7b09e3cf38a276bd22b1ab3669e99caa9b
picons/26.0e/henmax/black/1_0_1_2EF_2025_2BE_1040000_0_0_0.png	212735b8613ffe5887e1d46ed0ef5ef57126c62e
picons/26.0e/henmax/transparent/1_0_1_2CB_2025_2BE_1040000_0_0_0.png	b37263c2d1c462daffed8ab9ceb9c04bb56f591a
picons/26.0e/henmax/transparent/1_0_1_2CC_2025_2BE_1040000_0_0_0.png	c9a44ff468de3b90681918abf90cc8a2241bf461
picons/26.0e/henmax/transparent/1_0_1_2CD_2025_2BE_1040000_0_0_0.png	4870513fc854e177fa3df8a9515527a98136ad94
picons/26.0e/henmax/transparent/1_0_1_2CE_2025_2BE_1040000_0_0_0.png	bcd5d7e51eaca9ad130520ef6e368675f90df612
picons/26.0e/henmax/transparent/1_0_1_2CF_2025_2BE_1040000_0_0_0.png	4bcac4330f3a2b156743b85c4620047d0e7168f4
picons/26.0e/henmax/transparent/1_0_1_2D3_2025_2BE_1040000_0_0_0.png	0e2923bc15b00649912a6fa8ba81d88499693324
picons/26.0e/henmax/transparent/1_0_1_2D6_2025_2BE_1040000_0_0_0.png	338a196cdbe5bf8e20339d9eaf75fb52079754c3
picons/26.0e/henmax/transparent/1_0_1_2DE_2025_2BE_1040000_0_0_0.png	81cdd00649da40ad2266677d880be05118f63f39
picons/26.0e/henmax/transparent/1_0_1_2E1_2025_2BE_1040000_0_0_0.png	6027e01c6e2f661803d6aae9ea455d2c8e75c1a9
picons/26.0e/henmax/transparent/1_0_1_2E2_2025_2BE_1040000_0_0_0.png	2e708caa39d7427bb33270bd2027f86a00478d99
picons/26.0e/henmax/transparent/1_0_1_2E3_2025_2BE_1040000_0_0_0.png	227511e48fd01f00bf7612caeaf9db50ea08544c
picons/26.0e/henmax/transparent/1_0_1_2E4_2025_2BE_1040000_0_0_0.png	1860e0bfad51bc22b1a91e338e4885e3abdfb3f9
picons/26.0e/henmax/transparent/1_0_1_2EF_2025_2BE_1040000_0_0_0.png	b66cce1aba74590d0ceac374b58f9e76aeb1d7ec
picons/26.0e/henmax/white/1_0_1_2CB_2025_2BE_1040000_0_0_0.png	2f673175ff55d5394fcc86a01d68c1f9d598e38e
picons/26.0e/henmax/white/1_0_1_2CC_2025_2BE_1040000_0_0_0.png	e4d3a9e1e06b79d076edf381a70679906a4cec8f
picons/26.0e/henmax/white/1_0_1_2CD_2025_2BE_1040000_0_0_0.png	4e62caaf8ac7497aad141ce5f8e6fbef6f7d0795
picons/26.0e/henmax/white/1_0_1_2CE_2025_2BE_1040000_0_0_0.png	66adf298e2a3941f7104abb9de6d7c77fa1ee28f
picons/26.0e/henmax/white/1_0_1_2CF_2025_2BE_1040000_0_0_0.png	e919f6164190eb91c0566e4f174b1a56e8cd42d5
picons/26.0e/henmax/white/1_0_1_2D3_2025_2BE_1040000_0_0_0.png	2cbfb9246760e952aa0dfca838091c13472a221c
picons/26.0e/henmax/white/1_0_1_2D6_2025_2BE_1040000_0_0_0.png	a0cc6c083515e5fa720276ccf62020185bd078f9
picons/26.0e/henmax/white/1_0_1_2DE_2025_2BE_1040000_0_0_0.png	be4ed71a6e92826e243024a3cf9817176913eda7
picons/26.0e/henmax/white/1_0_1_2E1_2025_2BE_1040000_0_0_0.png	37f017817301ce4ac33b198767a3f5dc6f8ce9d9
picons/26.0e/henmax/white/1_0_1_2E2_2025_2BE_1040000_0_0_0.png	c62feea260049d621d4343b9ce5af0d69298ca99
picons/26.0e/henmax/white/1_0_1_2E3_2025_2BE_1040000_0_0_0.png	7b3d5efbd8887802180b9b5f25ec92824ad938f6
picons/26.0e/henmax/white/1_0_1_2E4_2025_2BE_1040000_0_0_0.png	1a6164cc29fb230998f4dec84df3fc999eeb0f69
picons/26.0e/henmax/white/1_0_1_2EF_2025_2BE_1040000_0_0_0.png	07d495c370c96533b0d1f88112b55ebef6217a62
picons/26.0e/jmc/black/1_0_1_15_1F6_2BE_1040000_0_0_0.png	5b28c600139e2aa0f0063d1f5f28072b3eaf683a
picons/26.0e/jmc/black/1_0_1_23A_1F6_2BE_1040000_0_0_0.png	83d3fe55e244d86db6c929829c3cd2219fd7cd63
picons/26.0e/jmc/black/1_0_1_2_12D_2BE_1040000_0_0_0.png	b67043bf0cd32a2e6f263a15894dd6b5347c3c83
picons/26.0e/jmc/black/1_0_1_6A7_12D_2BE_1040000_0_0_0.png	1ae313958f7a36edd4260ab852ae81b33dfc1dc4
picons/26.0e/jmc/black/1_0_1_70E_1FA_2BE_1040000_0_0_0.png	d4b7ed185573e31ab7f03b83453871dd6f14ac8a
picons/26.0e/jmc/black/1_0_1_7_1F6_2BE_1040000_0_0_0.png	11c29d761e13ea463df40388e8bb156c29604eec
picons/26.0e/jmc/black/1_0_2_107_12D_2BE_1040000_0_0_0.png	444f399981fb2f5c2c5f4594542a7ab455c85a50
picons/26.0e/jmc/black/1_0_2_4_12D_2BE_1040000_0_0_0.png	9c1e46a5327b7214949fb875e06fa9204fae0cb5
picons/26.0e/jmc/transparent/1_0_1_15_1F6_2BE_1040000_0_0_0.png	f1af74dee1510a59aabe5e58c16ba0482bc53c45
picons/26.0e/jmc/transparent/1_0_1_23A_1F6_2BE_1040000_0_0_0.png	5183401402dee23f9b585377155158afc4a91c89
picons/26.0e/jmc/transparent/1_0_1_2_12D_2BE_1040000_0_0_0.png	a853b625d3daf50c24227e95c7a26a4384bafecc
picons/26.0e/jmc/transparent/1_0_1_6A7_12D_2BE_1040000_0_0_0.png	e56061c1377711099794e3c1844d0f58a81250a3
picons/26.0e/jmc/transparent/1_0_1_70E_1FA_2BE_1040000_0_0_0.png	e3665b14f61c6c5edbc77dc907842f45525ae260
picons/26.0e/jmc/transparent/1_0_1_7_1F6_2BE_1040000_0_0_0.png	e0fa9bc5fb35e8cdaa9af1b9fea4612aebc419d0
picons/26.0e/jmc/transparent/1_0_2_107_12D_2BE_1040000_0_0_0.png	b032695c7e179a98b72f6a926299f012e8f61d54
picons/26.0e/jmc/transparent/1_0_2_4_12D_2BE_1040000_0_0_0.png	4f9b2abd81b056e8171a1e16051907ab067a9eaf
picons/26.0e/jmc/white/1_0_1_15_1F6_2BE_1040000_0_0_0.png	1cdae5bf277fde4a31e0da1b8f8158b4f91955be
picons/26.0e/jmc/white/1_0_1_23A_1F6_2BE_1040000_0_0_0.png	b2b18e63b6475f91e8d141a0b977914d43847b99
picons/26.0e/jmc/white/1_0_1_2_12D_2BE_1040000_0_0_0.png	f06c1a3bb929c8d3d80271051bc526f84456b720
picons/26.0e/jmc/white/1_0_1_6A7_12D_2BE_1040000_0_0_0.png	68fb2b9eacf8d732382676d8020017c34180017c
picons/26.0e/jmc/white/1_0_1_70E_1FA_2BE_1040000_0_0_0.png	4cdb64bd65f89199de16b7d6e8d6107ac5c925f4
picons/26.0e/jmc/white/1_0_1_7_1F6_2BE_1040000_0_0_0.png	48536b1faef3963e8cd45971b00fb87e81df185c
picons/26.0e/jmc/white/1_0_2_107_12D_2BE_1040000_0_0_0.png	99bbf2b5305f618ae4e6cfd4dbf92503ca955748
picons/26.0e/jmc/white/1_0_2_4_12D_2BE_1040000_0_0_0.png	d90e18684906c65d14a4578bb233fd1c12d58d13
picons/26.0e/mbc/black/1_0_1_B_1BC0_2BE_1040000_0_0_0.png	4fa683b6f04e4ed9ec8f46d7fc2f7c7848626d2f
picons/26.0e/mbc/transparent/1_0_1_B_1BC0_2BE_1040000_0_0_0.png	7cdf771e2b36071ec06e078f458c4a60da82b422
picons/26.0e/mbc/white/1_0_1_B_1BC0_2BE_1040000_0_0_0.png	18716340a20f5fb7e4215c90ebd161fa7d1ba02f
picons/26.0e/qmc/black/1_0_1_3_2_1_104AA12_0_0_0.png	f54493c2d540aaa99eebe65897c6f7fcd114c88b
picons/26.0e/qmc/black/1_0_1_5_2_1_104AA12_0_0_0.png	766b73ab753643e3b1b53160f4dba319a442ec89
picons/26.0e/qmc/black/1_0_1_5_3_1_1040000_0_0_0.png	766b73ab753643e3b1b53160f4dba319a442ec89
picons/26.0e/qmc/black/1_0_1_6_2_1_104AA12_0_0_0.png	766b73ab753643e3b1b53160f4dba319a442ec89
picons/26.0e/qmc/black/1_0_1_6_3_1_1040000_0_0_0.png	766b73ab753643e3b1b53160f4dba319a442ec89
picons/26.0e/qmc/black/1_0_2_19_2_1_104AA12_0_0_0.png	f5370d9082e02c76cf63ef0830caeda16a25ef3f
picons/26.0e/qmc/transparent/1_0_1_3_2_1_104AA12_0_0_0.png	fb532243d6d6159976401b3cc59bc437181c120d
picons/26.0e/qmc/transparent/1_0_1_5_2_1_104AA12_0_0_0.png	016116fb74b7b9abb57902611ac8d278e2d453f4
picons/26.0e/qmc/transparent/1_0_1_5_3_1_1040000_0_0_0.png	016116fb74b7b9abb57902611ac8d278e2d453f4
picons/26.0e/qmc/transparent/1_0_1_6_2_1_104AA12_0_0_0.png	016116fb74b7b9abb57902611ac8d278e2d453f4
picons/26.0e/qmc/transparent/1_0_1_6_3_1_1040000_0_0_0.png	016116fb74b7b9abb57902611ac8d278e2d453f4
picons/26.0e/qmc/transparent/1_0_2_19_2_1_104AA12_0_0_0.png	9565ba0dfaa2d0b8511d2915947a6654e96007f1
picons/26.0e/qmc/white/1_0_1_3_2_1_104AA12_0_0_0.png	87b59d6fc10dc9408c057dd0709b0f112de8fbb0
picons/26.0e/qmc/white/1_0_1_5_2_1_104AA12_0_0_0.png	0760aaf76c214a74151edbdfc6fe27eb47964dbb
picons/26.0e/qmc/white/1_0_1_5_3_1_1040000_0_0_0.png	0760aaf76c214a74151edbdfc6fe27eb47964dbb
picons/26.0e/qmc/white/1_0_1_6_2_1_104AA12_0_0_0.png	0760aaf76c214a74151edbdfc6fe27eb47964dbb
picons/26.0e/qmc/white/1_0_1_6_3_1_1040000_0_0_0.png	0760aaf76c214a74151edbdfc6fe27eb47964dbb
picons/26.0e/qmc/white/1_0_2_19_2_1_104AA12_0_0_0.png	43c9a17bd697994e78679f6695a784473845e302
picons/39.0e/dolce/black/1_0_1_110_D_1C_1860000_0_0_0.png	691b3d04ef2f6acf18661fa85420f5adc385d746
picons/39.0e/dolce/black/1_0_1_131_10_1C_1860000_0_0_0.png	ce4afffeb0effd396956ae970ac01adbfa8469e6
picons/39.0e/dolce/black/1_0_1_138_D_1C_1860000_0_0_0.png	724009f126c42d98f03101c8462210418cfaf246
picons/39.0e/dolce/black/1_0_1_148_11_1C_1860000_0_0_0.png	7804175834b79571955a03dc900ed7627f98b021
picons/39.0e/dolce/black/1_0_1_19F_11_1C_1860000_0_0_0.png	023044c70cff2c4948bcb41ef1e8a418a7522665
picons/39.0e/dolce/black/1_0_1_1C7_11_1C_1860000_0_0_0.png	25189625c8a070319c4c0e873f97a3f0a4f547b6
picons/39.0e/dolce/black/1_0_1_201_10_1C_1860000_0_0_0.png	fb25df1871f009025d89411e7cec196039782122
picons/39.0e/dolce/black/1_0_1_20F_11_1C_1860000_0_0_0.png	6254ae0739b197f09b4621a77e0c9865fb9c52e8
picons/39.0e/dolce/black/1_0_1_2D0_D_1C_1860000_0_0_0.png	8cf9990eff394ed52f3608da5af289fc26d7c384
picons/39.0e/dolce/black/1_0_1_68_D_1C_1860000_0_0_0.png	373e01fa7d5bb36cd1a74b2542c0f68ebed0433d
picons/39.0e/dolce/black/1_0_1_6B_10_1C_1860000_0_0_0.png	6aebffe32937bbaef2ee544c2cdecd11e79c14bb
picons/39.0e/dolce/black/1_0_1_74_10_1C_1860000_0_0_0.png	7aad45c55aa8f0129534b802dd83385a57d74cb3
picons/39.0e/dolce/black/1_0_1_7C_10_1C_1860000_0_0_0.png	7dcb703ecf37aba4397baa69d8f81418268fdada
picons/39.0e/dolce/black/1_0_1_7D_D_1C_1860000_0_0_0.png	4c6abc65648e11d9dfc720b99dc9fb1da51549ec
picons/39.0e/dolce/black/1_0_1_8D_D_1C_1860000_0_0_0.png	3a0833c15c6899763bf35dcd15a42c9b90520506
picons/39.0e/dolce/black/1_0_1_94_D_1C_1860000_0_0_0.png	ea2b05a3c57a5413bc117a8b193c55da39fa80f2
picons/39.0e/dolce/black/1_0_1_9D_10_1C_1860000_0_0_0.png	c8a19a6650711b5281f1df99cf53be781fa9ee69
picons/39.0e/dolce/black/1_0_1_A1_10_1C_1860000_0_0_0.png	39ee40298c150f23c58d8690212b6461282d4682
picons/39.0e/dolce/black/1_0_1_A2_10_1C_1860000_0_0_0.png	965f8c942e6f9a75a72b66f3a36dc6fb6f13ef6b
picons/39.0e/dolce/black/1_0_1_BE_D_1C_1860000_0_0_0.png	08451af93d43827464b7f73dd1685b18532f50e2
picons/39.0e/dolce/black/1_0_1_C6_10_1C_1860000_0_0_0.png	fa262bc058d9ad2cdf738ff0611732da0d99ef74
picons/39.0e/dolce/black/1_0_1_CC_10_1C_1860000_0_0_0.png	434480a5d884d67927510ee94b1b3f53097a8edf
picons/39.0e/dolce/black/1_0_1_D1_D_1C_1860000_0_0_0.png	35d4f8b6babf5ffc48b8216719b83f457f0f9268
picons/39.0e/dolce/black/1_0_1_D3_11_1C_1860000_0_0_0.png	701fc1043b3adc6f826810cfd07f5a2894ed6d91
picons/39.0e/dolce/black/1_0_1_D4_11_1C_1860000_0_0_0.png	062030822ee72a4a241a1833f7b636c3a20f9c6a
picons/39.0e/dolce/black/1_0_1_D6_10_1C_1860000_0_0_0.png	4ad7e43a19dd74acb1dfc232e130e6e9e404fdf0
picons/39.0e/dolce/black/1_0_1_DF_10_1C_1860000_0_0_0.png	02fa6312fad843886f7270f355369e90d813881e
picons/39.0e/dolce/black/1_0_1_E0_10_1C_1860000_0_0_0.png	d7b9dd58241ec5569659fd080aa1760a608aba54
picons/39.0e/dolce/black/1_0_1_E7_11_1C_1860000_0_0_0.png	c21c345697fe8d898dd51548bd9f7400aacf9704
picons/39.0e/dolce/black/1_0_1_FC_D_1C_1860000_0_0_0.png	f85828d9ce7f57c20c4b5bf31456964cd507b322
picons/39.0e/dolce/transparent/1_0_1_110_D_1C_1860000_0_0_0.png	21bb8b1884436481370d13ee046ee0bdc4b53f4e
picons/39.0e/dolce/transparent/1_0_1_131_10_1C_1860000_0_0_0.png	18f30d8935db8b90732d1faa4ff218d76efe9213
picons/39.0e/dolce/transparent/1_0_1_138_D_1C_1860000_0_0_0.png	99434192af62d3a1d46899a3b9d69c8896eb350e
picons/39.0e/dolce/transparent/1_0_1_148_11_1C_1860000_0_0_0.png	d8426e8f60715c8e292d2635a34ec205c49728e0
picons/39.0e/dolce/transparent/1_0_1_19F_11_1C_1860000_0_0_0.png	fee31d0a6419e9a047298db004b1496fade0b1b0
picons/39.0e/dolce/transparent/1_0_1_1C7_11_1C_1860000_0_0_0.png	0c048160c0305bcbc3a68cc1f096b5d5d3c3535d
picons/39.0e/dolce/transparent/1_0_1_201_10_1C_1860000_0_0_0.png	65c72bb26aaaf03329713bc2ca067e854da2f129
picons/39.0e/dolce/transparent/1_0_1_20F_11_1C_1860000_0_0_0.png	fbeb7f6af14df4fb3a3e0283a464c97889ac4acb
picons/39.0e/dolce/transparent/1_0_1_2D0_D_1C_1860000_0_0_0.png	2899c1c2bcbdf5f011ca1570cacee9bc55498d20
picons/39.0e/dolce/transparent/1_0_1_68_D_1C_1860000_0_0_0.png	8e3fe76503fc8109dc90201f1815942738934611
picons/39.0e/dolce/transparent/1_0_1_6B_10_1C_1860000_0_0_0.png	172c4293ac9d6e470d23da7fc978550edaa6c623
picons/39.0e/dolce/transparent/1_0_1_74_10_1C_1860000_0_0_0.png	7163fe31089da303617948dd6a6e9aa0bcdf8db3
picons/39.0e/dolce/transparent/1_0_1_7C_10_1C_1860000_0_0_0.png	76267f63686f0806b456ff04fe061a05503725d8
picons/39.0e/dolce/transparent/1_0_1_7D_D_1C_1860000_0_0_0.png	10f4a3d6855775cca6275ce61381864717fc7216
picons/39.0e/dolce/transparent/1_0_1_8D_D_1C_1860000_0_0_0.png	3eaf96c199ecb9d0f949797e02061fb61a47eb7f
picons/39.0e/dolce/transparent/1_0_1_94_D_1C_1860000_0_0_0.png	b118fe335dc4d03874de18ca1068539bc23c3dd0
picons/39.0e/dolce/transparent/1_0_1_9D_10_1C_1860000_0_0_0.png	ecef75531c85abd1c2084a2b1e8e751a83ddac45
picons/39.0e/dolce/transparent/1_0_1_A1_10_1C_1860000_0_0_0.png	400e5181ab22daab4b08264c70097012ee6a433b
picons/39.0e/dolce/transparent/1_0_1_A2_10_1C_1860000_0_0_0.png	a4962b2490677cb8f417ab8987ae132bb8075ce3
picons/39.0e/dolce/transparent/1_0_1_BE_D_1C_1860000_0_0_0.png	730cb21225eb7d52352cef0363e5b0272daea3e4
picons/39.0e/dolce/transparent/1_0_1_C6_10_1C_1860000_0_0_0.png	8d8abe74f5d3816a81f14cca3da011ff3722f23d
picons/39.0e/dolce/transparent/1_0_1_CC_10_1C_1860000_0_0_0.png	c631c16ac7c33754269491c74d14c79f29e6821e
picons/39.0e/dolce/transparent/1_0_1_D1_D_1C_1860000_0_0_0.png	0d7de3f1753cbb52ba0dc86e56dadf1ed46cecb5
picons/39.0e/dolce/transparent/1_0_1_D3_11_1C_1860000_0_0_0.png	3c9a32f498f465fa5c965e52297b4bc909d1d2ab
picons/39.0e/dolce/transparent/1_0_1_D4_11_1C_1860000_0_0_0.png	b22b202d82619ed85c48a41a8687dce7be6fafdf
picons/39.0e/dolce/transparent/1_0_1_D6_10_1C_1860000_0_0_0.png	10dc05e357e8cd6b0fe8397783e97868851337b5
picons/39.0e/dolce/transparent/1_0_1_DF_10_1C_1860000_0_0_0.png	d46cdd19cdd3c210b79a907c93ee387f7684ad29
picons/39.0e/dolce/transparent/1_0_1_E0_10_1C_1860000_0_0_0.png	7afa471ea66e58e8669f170a52d79498d26a9b1e
picons/39.0e/dolce/transparent/1_0_1_E7_11_1C_1860000_0_0_0.png	0933c0593ba28f8405f98c0c5786d5eb6cee77c6
picons/39.0e/dolce/transparent/1_0_1_FC_D_1C_1860000_0_0_0.png	da013d4b8cf7475d742c015cf2785725cb40d2f5
picons/39.0e/dolce/white/1_0_1_110_D_1C_1860000_0_0_0.png	f184445ca7e3c60cb162a51fec284fa41f6287c7
picons/39.0e/dolce/white/1_0_1_131_10_1C_1860000_0_0_0.png	d0f46af942508ce4028a8a3000084e888efbdcde
picons/39.0e/dolce/white/1_0_1_138_D_1C_1860000_0_0_0.png	cb06af2a6e5de932037159e7b5034266fcd91c33
picons/39.0e/dolce/white/1_0_1_148_11_1C_1860000_0_0_0.png	133a525934affe4aef4fab2b695443e282f7b017
picons/39.0e/dolce/white/1_0_1_19F_11_1C_1860000_0_0_0.png	5326749b32c449251c4567cb89ab6def4faeb421
picons/39.0e/dolce/white/1_0_1_1C7_11_1C_1860000_0_0_0.png	02876171bf539395371c4321339582eeea1eb8f3
picons/39.0e/dolce/white/1_0_1_201_10_1C_1860000_0_0_0.png	3b64876a3da5d185c4f14a597eb4e1a223276c89
picons/39.0e/dolce/white/1_0_1_20F_11_1C_1860000_0_0_0.png	866119824912dd840dbe8f8dca3437e6ea3cdd2b
picons/39.0e/dolce/white/1_0_1_2D0_D_1C_1860000_0_0_0.png	1e04104d3aa72ce6be3d8ddabe8de51d4f095044
picons/39.0e/dolce/white/1_0_1_68_D_1C_1860000_0_0_0.png	9be260e7958f89b880aaf8454a06ed27a08f4982
picons/39.0e/dolce/white/1_0_1_6B_10_1C_1860000_0_0_0.png	597e7d611b690309de5755a9f66143968ed1d4ee
picons/39.0e/dolce/white/1_0_1_74_10_1C_1860000_0_0_0.png	939038c65c9e18eaf07af74f145a8466fe15a6c0
picons/39.0e/dolce/white/1_0_1_7C_10_1C_1860000_0_0_0.png	4b46ed22bef1ce359df560cf2807dc3d5ae948d7
picons/39.0e/dolce/white/1_0_1_7D_D_1C_1860000_0_0_0.png	dbb94c3892c5548b30018c3c86c0aa3dd2f03370
picons/39.0e/dolce/white/1_0_1_8D_D_1C_1860000_0_0_0.png	546a9b42722c82c0a316d76b804e77756be5028b
picons/39.0e/dolce/white/1_0_1_94_D_1C_1860000_0_0_0.png	6b4d4bba3574c0912442204a9ede519097ed2944
picons/39.0e/dolce/white/1_0_1_9D_10_1C_1860000_0_0_0.png	02eaa6638afcd58c0dbddf2561718fd179ebc1ad
picons/39.0e/dolce/white/1_0_1_A1_10_1C_1860000_0_0_0.png	a4d38ecf6f49a90188f613ed198ec242a91badd2
picons/39.0e/dolce/white/1_0_1_A2_10_1C_1860000_0_0_0.png	36d4bbfd64c0d81c1daad842648a1b588f573aa8
picons/39.0e/dolce/white/1_0_1_BE_D_1C_1860000_0_0_0.png	0fe2eeeadbf3ad690e63f6d5c18a47143a5714ed
picons/39.0e/dolce/white/1_0_1_C6_10_1C_1860000_0_0_0.png	601831b769213ed3684a49d4bb1682ae87150f81
picons/39.0e/dolce/white/1_0_1_CC_10_1C_1860000_0_0_0.png	e7f98a37531fbbf620aa3a1e49a4182ce224d6ec
picons/39.0e/dolce/white/1_0_1_D1_D_1C_1860000_0_0_0.png	5e426f792dd234f059a267903ba26284a75f14ff
picons/39.0e/dolce/white/1_0_1_D3_11_1C_1860000_0_0_0.png	9836da7f9e0470d9501c763b20eed96f39c7f7f5
picons/39.0e/dolce/white/1_0_1_D4_11_1C_1860000_0_0_0.png	00e7928696526c821407767e1fd1b64b3b174582
picons/39.0e/dolce/white/1_0_1_D6_10_1C_1860000_0_0_0.png	9b494197d64fa6744c376ec252b4bb120300102e
picons/39.0e/dolce/white/1_0_1_DF_10_1C_1860000_0_0_0.png	f0e2bbbe7bd0eee23f02e57f4e4e065de4075278
picons/39.0e/dolce/white/1_0_1_E0_10_1C_1860000_0_0_0.png	1276aec36f486c33fcdfaf2cb35077b5ea057d77
picons/39.0e/dolce/white/1_0_1_E7_11_1C_1860000_0_0_0.png	bd4fc4d01e5457ae3098a89c97496a23557efa9e
picons/39.0e/dolce/white/1_0_1_FC_D_1C_1860000_0_0_0.png	5815cf45077d34978759c7acf419632fec66a6e2
picons/4.8e/ebu-eurovision/black/1_0_1_1EFB_2E_55_300000_0_0_0.png	5a2d97f3a9315e8d422a4d43dbe4e9c8c34383da
picons/4.8e/ebu-eurovision/black/1_0_1_1EFD_2E_55_300000_0_0_0.png	637aeb99c074e7b521897eafc91b68a2ba685d23
picons/4.8e/ebu-eurovision/black/1_0_1_1F0E_2E_55_300000_0_0_0.png	6476c4f518621241ad9e74d0c3ad79904425c4d6
picons/4.8e/ebu-eurovision/transparent/1_0_1_1EFB_2E_55_300000_0_0_0.png	8e15dcb203176595cb57d77f2ccad98d84a96dd5
picons/4.8e/ebu-eurovision/transparent/1_0_1_1EFD_2E_55_300000_0_0_0.png	3afa53563dee5dfa8263b4f1bbfc7c16663cd08e
picons/4.8e/ebu-eurovision/transparent/1_0_1_1F0E_2E_55_300000_0_0_0.png	816ef1a0443baf116967c4836593393ebd9f3244
picons/4.8e/ebu-eurovision/white/1_0_1_1EFB_2E_55_300000_0_0_0.png	ec79ba977dd357da84bda1d6054218afa2f306e9
picons/4.8e/ebu-eurovision/white/1_0_1_1EFD_2E_55_300000_0_0_0.png	85f0ef4c112863eedba43667489500e1d823aea5
picons/4.8e/ebu-eurovision/white/1_0_1_1F0E_2E_55_300000_0_0_0.png	83c2dfabf9877e3e5d6e728c0959cfcf3dedb808
picons/42.0e/dogus/black/1_0_1_2A30_1_42E_1A40000_0_0_0.png	0c12b31c9fff1132736bfd0b213daa43baee9af9
picons/42.0e/dogus/black/1_0_1_2A31_1_42E_1A40000_0_0_0.png	0c12b31c9fff1132736bfd0b213daa43baee9af9
picons/42.0e/dogus/transparent/1_0_1_2A30_1_42E_1A40000_0_0_0.png	a06f4d71fbf088cef1009f2f662bc3258b008ab8
picons/42.0e/dogus/transparent/1_0_1_2A31_1_42E_1A40000_0_0_0.png	a06f4d71fbf088cef1009f2f662bc3258b008ab8
picons/42.0e/dogus/white/1_0_1_2A30_1_42E_1A40000_0_0_0.png	bea8e390d53ec1a0f1e2662e076c6776ae225e39
picons/42.0e/dogus/white/1_0_1_2A31_1_42E_1A40000_0_0_0.png	bea8e390d53ec1a0f1e2662e076c6776ae225e39
picons/42.0e/turksat/black/1_0_1_C581_EBF1_42E_1A40000_0_0_0.png	f7017a18a756aff5f06c48c8b2ad53b7d8538bec
picons/42.0e/turksat/transparent/1_0_1_C581_EBF1_42E_1A40000_0_0_0.png	238871be93d1797630b177b1baf84c9e579b88a5
picons/42.0e/turksat/white/1_0_1_C581_EBF1_42E_1A40000_0_0_0.png	50fabaa2f28bf604805586cf67d7a0d6de302501
picons/5.0w/canale-italia/black/1_0_1_2F9_107_217C_DDE0000_0_0_0.png	c9b461e5e0a8de677959a8951c332bcd473e3460
picons/5.0w/canale-italia/black/1_0_1_2FA_107_217C_DDE0000_0_0_0.png	2ad0c95bb988e08e5d1a39ccddff1955732ed19e
picons/5.0w/canale-italia/black/1_0_1_2FB_107_217C_DDE0000_0_0_0.png	bc6f501f96fce59b282b0038820d5b3dffd7815c
picons/5.0w/canale-italia/black/1_0_1_2FC_107_217C_DDE0000_0_0_0.png	c9b461e5e0a8de677959a8951c332bcd473e3460
picons/5.0w/canale-italia/black/1_0_1_2FD_107_217C_DDE0000_0_0_0.png	c9ec29c2104b1cbb8c02a102c15c2ec01baa2745
picons/5.0w/canale-italia/black/1_0_1_317_107_217C_DDE0000_0_0_0.png	c9b461e5e0a8de677959a8951c332bcd473e3460
picons/5.0w/canale-italia/transparent/1_0_1_2F9_107_217C_DDE0000_0_0_0.png	b53bb6a1a0e3b5353c545ced2d1e9487b8140a33
picons/5.0w/canale-italia/transparent/1_0_1_2FA_107_217C_DDE0000_0_0_0.png	80dbab6abea7c757f18fc0e443ec5515b99bc4a0
picons/5.0w/canale-italia/transparent/1_0_1_2FB_107_217C_DDE0000_0_0_0.png	b3adff8a74a1d655c10e320070b19a9719ea57b1
picons/5.0w/canale-italia/transparent/1_0_1_2FC_107_217C_DDE0000_0_0_0.png	b53bb6a1a0e3b5353c545ced2d1e9487b8140a33
picons/5.0w/canale-italia/transparent/1_0_1_2FD_107_217C_DDE0000_0_0_0.png	eb093fe57a486f1b93e4f3ff8b4688a1c2b5052d
picons/5.0w/canale-italia/transparent/1_0_1_317_107_217C_DDE0000_0_0_0.png	b53bb6a1a0e3b5353c545ced2d1e9487b8140a33
picons/5.0w/canale-italia/white/1_0_1_2F9_107_217C_DDE0000_0_0_0.png	97e74293b5737789934b5525acfa715cd574b715
picons/5.0w/canale-italia/white/1_0_1_2FA_107_217C_DDE0000_0_0_0.png	b4e4b6fb575ad7216420c9847d66c0c0e8c2b402
picons/5.0w/canale-italia/white/1_0_1_2FB_107_217C_DDE0000_0_0_0.png	9c47d191742689216c58385e20bd261c1291992e
picons/5.0w/canale-italia/white/1_0_1_2FC_107_217C_DDE0000_0_0_0.png	97e74293b5737789934b5525acfa715cd574b715
picons/5.0w/canale-italia/white/1_0_1_2FD_107_217C_DDE0000_0_0_0.png	6435d9e9552199aa579ab3e457498ac05863fb73
picons/5.0w/canale-italia/white/1_0_1_317_107_217C_DDE0000_0_0_0.png	97e74293b5737789934b5525acfa715cd574b715
picons/5.0w/rai/black/1_0_1_64B_D5_217C_DDE0000_0_0_0.png	89f12029d646d77934960288fb909c47f3345abf
picons/5.0w/rai/black/1_0_1_64C_D5_217C_DDE0000_0_0_0.png	89f12029d646d77934960288fb909c47f3345abf
picons/5.0w/rai/black/1_0_1_64D_D5_217C_DDE0000_0_0_0.png	89f12029d646d77934960288fb909c47f3345abf
picons/5.0w/rai/black/1_0_1_64E_D5_217C_DDE0000_0_0_0.png	89f12029d646d77934960288fb909c47f3345abf
picons/5.0w/rai/black/1_0_1_64F_D5_217C_DDE0000_0_0_0.png	89f12029d646d77934960288fb909c47f3345abf
picons/5.0w/rai/black/1_0_1_650_D5_217C_DDE0000_0_0_0.png	89f12029d646d77934960288fb909c47f3345abf
picons/5.0w/rai/transparent/1_0_1_64B_D5_217C_DDE0000_0_0_0.png	276cb20b6c80c1e3c194006f6b8489fc3e564fbd
picons/5.0w/rai/transparent/1_0_1_64C_D5_217C_DDE0000_0_0_0.png	276cb20b6c80c1e3c194006f6b8489fc3e564fbd
picons/5.0w/rai/transparent/1_0_1_64D_D5_217C_DDE0000_0_0_0.png	276cb20b6c80c1e3c194006f6b8489fc3e564fbd
picons/5.0w/rai/transparent/1_0_1_64E_D5_217C_DDE0000_0_0_0.png	276cb20b6c80c1e3c194006f6b8489fc3e564fbd
picons/5.0w/rai/transparent/1_0_1_64F_D5_217C_DDE0000_0_0_0.png	276cb20b6c80c1e3c194006f6b8489fc3e564fbd
picons/5.0w/rai/transparent/1_0_1_650_D5_217C_DDE0000_0_0_0.png	276cb20b6c80c1e3c194006f6b8489fc3e564fbd
picons/5.0w/rai/white/1_0_1_64B_D5_217C_DDE0000_0_0_0.png	5c2708e7382be859fd719ac31c7b6ed4dea2dd14
picons/5.0w/rai/white/1_0_1_64C_D5_217C_DDE0000_0_0_0.png	5c2708e7382be859fd719ac31c7b6ed4dea2dd14
picons/5.0w/rai/white/1_0_1_64D_D5_217C_DDE0000_0_0_0.png	5c2708e7382be859fd719ac31c7b6ed4dea2dd14
picons/5.0w/rai/white/1_0_1_64E_D5_217C_DDE0000_0_0_0.png	5c2708e7382be859fd719ac31c7b6ed4dea2dd14
picons/5.0w/rai/white/1_0_1_64F_D5_217C_DDE0000_0_0_0.png	5c2708e7382be859fd719ac31c7b6ed4dea2dd14
picons/5.0w/rai/white/1_0_1_650_D5_217C_DDE0000_0_0_0.png	5c2708e7382be859fd719ac31c7b6ed4dea2dd14
picons/52.0e/aref/black/1_0_1_1F4_209_73_2080000_0_0_0.png	62f4e7df1c8a56648c72049f1a3db102783d36f6
picons/52.0e/aref/transparent/1_0_1_1F4_209_73_2080000_0_0_0.png	3eac29a9f1f7b8fca28fc7a6e3447ad9193c3af0
picons/52.0e/aref/white/1_0_1_1F4_209_73_2080000_0_0_0.png	d3d5d0752daa8616f55c32b4a501a0ded3927830
picons/52.0e/turkmenistan/black/1_0_2_12D_1_1_208AFE9_0_0_0.png	951167a734c36a28f6e6b6486cf4eb3358e07f7a
picons/52.0e/turkmenistan/black/1_0_2_12F_1_1_208AFE9_0_0_0.png	ceab1b2b018f582188373c90ffbf5c5504286002
picons/52.0e/turkmenistan/black/1_0_2_131_1_1_208AFE9_0_0_0.png	342c1827968f06d46f46a505b3208f334e7ecc9e
picons/52.0e/turkmenistan/black/1_0_2_135_1_1_208AFE9_0_0_0.png	75242baebb3fb11a9356560bbcbed091c671c434
picons/52.0e/turkmenistan/transparent/1_0_2_12D_1_1_208AFE9_0_0_0.png	0dade4c235b2bef2abc59a54b14682a4bf62932f
picons/52.0e/turkmenistan/transparent/1_0_2_12F_1_1_208AFE9_0_0_0.png	9c9bd8c79710dfe408922117c7c11d26023f1c35
picons/52.0e/turkmenistan/transparent/1_0_2_131_1_1_208AFE9_0_0_0.png	9770144f5c73198f37a1638c0e5762b114a549d0
picons/52.0e/turkmenistan/transparent/1_0_2_135_1_1_208AFE9_0_0_0.png	d620afd741fb8ff36c3f433e78999f588407e698
picons/52.0e/turkmenistan/white/1_0_2_12D_1_1_208AFE9_0_0_0.png	b50b9f3749d82af199fbd497800cec7f484d33de
picons/52.0e/turkmenistan/white/1_0_2_12F_1_1_208AFE9_0_0_0.png	6e22befc257ab1988cf385457c38d7595f8a5492
picons/52.0e/turkmenistan/white/1_0_2_131_1_1_208AFE9_0_0_0.png	5e43907006c47f61772deb150747f0221b54b588
picons/52.0e/turkmenistan/white/1_0_2_135_1_1_208AFE9_0_0_0.png	ed1c9c128b951158d4855912972288b7543e5725
picons/52.0e/wns/black/1_0_1_15_3_1_2080000_0_0_0.png	29d22e08390e1610fb36f7a002d494cfed436b27
picons/52.0e/wns/transparent/1_0_1_15_3_1_2080000_0_0_0.png	82ed23e98da3eb5cc8dac690bda689025cb2ef53
picons/52.0e/wns/white/1_0_1_15_3_1_2080000_0_0_0.png	a5e5c0a3cd65cce352d8689257afe61b17b3aaad
picons/68.5e/viewmedia/black/1_0_1_5_22_14_2AD0000_0_0_0.png	ebcd37538e0cd04b54414c13cd49568c34c44fdd
picons/68.5e/viewmedia/transparent/1_0_1_5_22_14_2AD0000_0_0_0.png	1069bb38a00c21138d2ce22fae52ce20591f44f0
picons/68.5e/viewmedia/white/1_0_1_5_22_14_2AD0000_0_0_0.png	5ee148703205db4d428a65fe20b0f55b84652341
picons/7.0e/m-three-satcom/black/1_0_1_11_CE4_7E_460000_0_0_0.png	ce4755d0ac6124b52f81783e8ab81b0c96b5a661
picons/7.0e/m-three-satcom/black/1_0_1_12_CE4_7E_460000_0_0_0.png	43a8dd8dc8448f83988400ff76b6800b2f365039
picons/7.0e/m-three-satcom/black/1_0_1_13_CE4_7E_460000_0_0_0.png	c51dc8645731047f14777e2710f0f16d004b429f
picons/7.0e/m-three-satcom/black/1_0_1_1_CE4_7E_460000_0_0_0.png	4644b95817cfe3f4d52c34c188ffe068552cc136
picons/7.0e/m-three-satcom/black/1_0_1_2_CE4_7E_460000_0_0_0.png	0101f8cca586d40db4cd9cc1264ef3f6ad9ce334
picons/7.0e/m-three-satcom/black/1_0_1_3_CE4_7E_460000_0_0_0.png	ebabae1f18726e907a089a2180d257800e2ddde9
picons/7.0e/m-three-satcom/black/1_0_1_4_CE4_7E_460000_0_0_0.png	b9cdea948d72f1936cf28f003ccf243f4f91b105
picons/7.0e/m-three-satcom/black/1_0_1_5_CE4_7E_460000_0_0_0.png	c7433bb8fa245de19d49edba941359a62260f324
picons/7.0e/m-three-satcom/black/1_0_1_6_CE4_7E_460000_0_0_0.png	7a628dd21a8c2dc24de3f55b56db703284eba764
picons/7.0e/m-three-satcom/black/1_0_1_7_CE4_7E_460000_0_0_0.png	6b92e3744cf6b1e0a2a1685bb60e6bb5ebe180e3
picons/7.0e/m-three-satcom/black/1_0_1_8_CE4_7E_460000_0_0_0.png	b2c42f6316631cd3bfbbe5e276d0c1f25393d0b5
picons/7.0e/m-three-satcom/black/1_0_1_9_CE4_7E_460000_0_0_0.png	0644f96753cacde5197441c5cd7b0d0f67273d60
picons/7.0e/m-three-satcom/black/1_0_1_A_CE4_7E_460000_0_0_0.png	0c10ea8b57253ede7e5e0ddbec7aed7e382de7a5
picons/7.0e/m-three-satcom/black/1_0_1_C_CE4_7E_460000_0_0_0.png	de01db999377b443239f75378acd809aa7ac352c
picons/7.0e/m-three-satcom/black/1_0_1_D_CE4_7E_460000_0_0_0.png	9593dbdadd5a5c66f89aeb0d3775c73856bce418
picons/7.0e/m-three-satcom/black/1_0_1_E_CE4_7E_460000_0_0_0.png	d48129db097f8abe951c0e073976aa8132bb93bd
picons/7.0e/m-three-satcom/black/1_0_1_F_CE4_7E_460000_0_0_0.png	6b3443e4188c28632eb46c5c365ebb776293a887
picons/7.0e/m-three-satcom/transparent/1_0_1_11_CE4_7E_460000_0_0_0.png	985750d4b5b044ed24adacd2ed59973f188f6015
picons/7.0e/m-three-satcom/transparent/1_0_1_12_CE4_7E_460000_0_0_0.png	c97619621a4a0494f62979de99cf86526bed82d6
picons/7.0e/m-three-satcom/transparent/1_0_1_13_CE4_7E_460000_0_0_0.png	21cba7407aae837f143d7032c699d4c35240eb1f
picons/7.0e/m-three-satcom/transparent/1_0_1_1_CE4_7E_460000_0_0_0.png	4636396b609b4c947e537344a035c327ef3fde90
picons/7.0e/m-three-satcom/transparent/1_0_1_2_CE4_7E_460000_0_0_0.png	ba8f0e8a180c20f893e935dc3fbd097b3d65ea3e
picons/7.0e/m-three-satcom/transparent/1_0_1_3_CE4_7E_460000_0_0_0.png	b6e8779bbc36e7d52f4fa51ef7914b578c1fe906
picons/7.0e/m-three-satcom/transparent/1_0_1_4_CE4_7E_460000_0_0_0.png	912e59e4772551393e261f2309efecf40a9f2075
picons/7.0e/m-three-satcom/transparent/1_0_1_5_CE4_7E_460000_0_0_0.png	f62db20a4e46df448cc0da9bad8851651a9a88bf
picons/7.0e/m-three-satcom/transparent/1_0_1_6_CE4_7E_460000_0_0_0.png	c55154af37ec7b64a9e8665f3ed7ae865aea6d2e
picons/7.0e/m-three-satcom/transparent/1_0_1_7_CE4_7E_460000_0_0_0.png	6f514378d9364a18aa10b13b0977fe4479fa05e0
picons/7.0e/m-three-satcom/transparent/1_0_1_8_CE4_7E_460000_0_0_0.png	ea90e3dc38d18c6b3155e815d924aeb8918d151a
picons/7.0e/m-three-satcom/transparent/1_0_1_9_CE4_7E_460000_0_0_0.png	e91a20e881b3e1d4c9b82eabc30886f50ed40189
picons/7.0e/m-three-satcom/transparent/1_0_1_A_CE4_7E_460000_0_0_0.png	4c98631f5446422eab1eddbc2403b99c3e6a6f00
picons/7.0e/m-three-satcom/transparent/1_0_1_C_CE4_7E_460000_0_0_0.png	cfc0587cd0392a5ed98f46b27ea3a1022272b711
picons/7.0e/m-three-satcom/transparent/1_0_1_D_CE4_7E_460000_0_0_0.png	6671d1fc3a446ebbcbd0959b8701c48d308bfbfa
picons/7.0e/m-three-satcom/transparent/1_0_1_E_CE4_7E_460000_0_0_0.png	8aefc70b6038d3c9e8e8f266404b80e994bfa353
picons/7.0e/m-three-satcom/transparent/1_0_1_F_CE4_7E_460000_0_0_0.png	0ec4abbc523fb4c72b6e9c3cc7c3a066bc09fdb9
picons/7.0e/m-three-satcom/white/1_0_1_11_CE4_7E_460000_0_0_0.png	bcb0f3e16bba5996e143c28392b5c093959e2eee
picons/7.0e/m-three-satcom/white/1_0_1_12_CE4_7E_460000_0_0_0.png	02007916fab35b2b6ac6aa827419f40e232c13d6
picons/7.0e/m-three-satcom/white/1_0_1_13_CE4_7E_460000_0_0_0.png	9953484fda36f6b29bf8dc38de7f37834277747b
picons/7.0e/m-three-satcom/white/1_0_1_1_CE4_7E_460000_0_0_0.png	b20146a3be3ba1099429d47660fa927c532f0de1
picons/7.0e/m-three-satcom/white/1_0_1_2_CE4_7E_460000_0_0_0.png	6c8af24bbae041b9c1b57f4a13fe39b135a90c74
picons/7.0e/m-three-satcom/white/1_0_1_3_CE4_7E_460000_0_0_0.png	66f6ae5e50c3f59471643e1b5782125d50cb75bc
picons/7.0e/m-three-satcom/white/1_0_1_4_CE4_7E_460000_0_0_0.png	cd13d5dee92923dd5d6203bc7e9c93991eaa6b84
picons/7.0e/m-three-satcom/white/1_0_1_5_CE4_7E_460000_0_0_0.png	cf11022d99df14d738dd74a30c629b43f919a462
picons/7.0e/m-three-satcom/white/1_0_1_6_CE4_7E_460000_0_0_0.png	3de7c584f765e52681e2768da1a2fbad9fc6cd15
picons/7.0e/m-three-satcom/white/1_0_1_7_CE4_7E_460000_0_0_0.png	c35a2ce81bfa4953bd569469fdd3542c8dac659e
picons/7.0e/m-three-satcom/white/1_0_1_8_CE4_7E_460000_0_0_0.png	8636f2ced974ca43569d3f09ae0874a5a0bc5d46
picons/7.0e/m-three-satcom/white/1_0_1_9_CE4_7E_460000_0_0_0.png	600a80f73968aea15f10fb1e9e0199f2f2754f57
picons/7.0e/m-three-satcom/white/1_0_1_A_CE4_7E_460000_0_0_0.png	76203861aff54daf1e2bc56a3c99cbdbca41f664
picons/7.0e/m-three-satcom/white/1_0_1_C_CE4_7E_460000_0_0_0.png	c8092df914df16f39c4ec7462b9754920c397335
picons/7.0e/m-three-satcom/white/1_0_1_D_CE4_7E_460000_0_0_0.png	691d27360ed361f5f3a3cc6d59a42bd06da812d5
picons/7.0e/m-three-satcom/white/1_0_1_E_CE4_7E_460000_0_0_0.png	e76d8d07a5c1c0b72ab7f65b62c173630e83e179
picons/7.0e/m-three-satcom/white/1_0_1_F_CE4_7E_460000_0_0_0.png	5fcee763f274f863a7c6d710094622ba86dd521e
picons/7.0e/mbc/black/1_0_1_2A_CE8_7E_460000_0_0_0.png	9593dbdadd5a5c66f89aeb0d3775c73856bce418
picons/7.0e/mbc/black/1_0_1_2_CE8_7E_460000_0_0_0.png	2408a0c4427f5951511bd23a2e8439d980a99038
picons/7.0e/mbc/black/1_0_1_3_CE8_7E_460000_0_0_0.png	bd6c0600139b4c5eae2d6b67fb0686ba5eedb3a4
picons/7.0e/mbc/black/1_0_1_4_CE8_7E_460000_0_0_0.png	2408a0c4427f5951511bd23a2e8439d980a99038
picons/7.0e/mbc/black/1_0_1_5_CE8_7E_460000_0_0_0.png	6f4a5c2025258a6edcf61d9cae87307ac4abf858
picons/7.0e/mbc/black/1_0_1_6_CE8_7E_460000_0_0_0.png	b2c42f6316631cd3bfbbe5e276d0c1f25393d0b5
picons/7.0e/mbc/black/1_0_1_7_CE8_7E_460000_0_0_0.png	0566bb12fd0cd9f4e1633f105343ada11af78469
picons/7.0e/mbc/black/1_0_1_8_CE8_7E_460000_0_0_0.png	ee7ed16ad48f8fac95bc88dff6c7069473704294
picons/7.0e/mbc/black/1_0_1_9_CE8_7E_460000_0_0_0.png	9593dbdadd5a5c66f89aeb0d3775c73856bce418
picons/7.0e/mbc/black/1_0_1_A_CE8_7E_460000_0_0_0.png	ee7ed16ad48f8fac95bc88dff6c7069473704294
picons/7.0e/mbc/black/1_0_1_B_CE8_7E_460000_0_0_0.png	7c4ad0b0862c535bf4d93c0c667df7849c3770d9
picons/7.0e/mbc/black/1_0_1_C_CE8_7E_460000_0_0_0.png	2314f8f7840a4ca4d4784a99efe79aff152de893
picons/7.0e/mbc/transparent/1_0_1_2A_CE8_7E_460000_0_0_0.png	6671d1fc3a446ebbcbd0959b8701c48d308bfbfa
picons/7.0e/mbc/transparent/1_0_1_2_CE8_7E_460000_0_0_0.png	a4601c08c1fbeae61947e9f30bbecaa586c52b49
picons/7.0e/mbc/transparent/1_0_1_3_CE8_7E_460000_0_0_0.png	b1c5eb00591ff7b22c104f8b8bcff22b257b301d
picons/7.0e/mbc/transparent/1_0_1_4_CE8_7E_460000_0_0_0.png	a4601c08c1fbeae61947e9f30bbecaa586c52b49
picons/7.0e/mbc/transparent/1_0_1_5_CE8_7E_460000_0_0_0.png	4da07c2d82e9e710c539c14b55a2bdd1ba988d35
picons/7.0e/mbc/transparent/1_0_1_6_CE8_7E_460000_0_0_0.png	ea90e3dc38d18c6b3155e815d924aeb8918d151a
picons/7.0e/mbc/transparent/1_0_1_7_CE8_7E_460000_0_0_0.png	10683bb8264f28f188b8fcb7f85255275506f607
picons/7.0e/mbc/transparent/1_0_1_8_CE8_7E_460000_0_0_0.png	6a9f6d5cfb61edc2c7d47cb837201426a70fd797
picons/7.0e/mbc/transparent/1_0_1_9_CE8_7E_460000_0_0_0.png	6671d1fc3a446ebbcbd0959b8701c48d308bfbfa
picons/7.0e/mbc/transparent/1_0_1_A_CE8_7E_460000_0_0_0.png	6a9f6d5cfb61edc2c7d47cb837201426a70fd797
picons/7.0e/mbc/transparent/1_0_1_B_CE8_7E_460000_0_0_0.png	2c0d0cf54deb3100a895967e5b25dc43aeeee4ce
picons/7.0e/mbc/transparent/1_0_1_C_CE8_7E_460000_0_0_0.png	5aff72830528ab96ed2bc3aa7c41bfb0982ff70c
picons/7.0e/mbc/white/1_0_1_2A_CE8_7E_460000_0_0_0.png	691d27360ed361f5f3a3cc6d59a42bd06da812d5
picons/7.0e/mbc/white/1_0_1_2_CE8_7E_460000_0_0_0.png	7a6f2d22c33184bbd12e9aa1995507a8fef9e556
picons/7.0e/mbc/white/1_0_1_3_CE8_7E_460000_0_0_0.png	932bdd224559c4a668d95fc4c2d9a755fe9ae299
picons/7.0e/mbc/white/1_0_1_4_CE8_7E_460000_0_0_0.png	7a6f2d22c33184bbd12e9aa1995507a8fef9e556
picons/7.0e/mbc/white/1_0_1_5_CE8_7E_460000_0_0_0.png	63f4dbb069ae632f6adfdfcdce900c9c18c95c9a
picons/7.0e/mbc/white/1_0_1_6_CE8_7E_460000_0_0_0.png	8636f2ced974ca43569d3f09ae0874a5a0bc5d46
picons/7.0e/mbc/white/1_0_1_7_CE8_7E_460000_0_0_0.png	59b29307674e8f34a4c4d5a1139f4949e4d25163
picons/7.0e/mbc/white/1_0_1_8_CE8_7E_460000_0_0_0.png	4540e2297a852fd958f2747fe753c4cca339f283
picons/7.0e/mbc/white/1_0_1_9_CE8_7E_460000_0_0_0.png	691d27360ed361f5f3a3cc6d59a42bd06da812d5
picons/7.0e/mbc/white/1_0_1_A_CE8_7E_460000_0_0_0.png	4540e2297a852fd958f2747fe753c4cca339f283
picons/7.0e/mbc/white/1_0_1_B_CE8_7E_460000_0_0_0.png	7fa5daed638da5982a5b1ad2679de8d897a078bb
picons/7.0e/mbc/white/1_0_1_C_CE8_7E_460000_0_0_0.png	32223f19d8787972a376a20edd2aa74c85cf804d
picons/7.0w/eutelsat/black/1_0_1_4B3_A0F0_396_DCA0000_0_0_0.png	e4d395c01d475800c7025b1fa22840982e4dd850
picons/7.0w/eutelsat/black/1_0_2_36_14_6E_DCA0000_0_0_0.png	aef2589826f23d77727db398943269100b125f12
picons/7.0w/eutelsat/transparent/1_0_1_4B3_A0F0_396_DCA0000_0_0_0.png	5e89a9ea54093d5650c2e0cb53ba0cffa4bc0e2d
picons/7.0w/eutelsat/transparent/1_0_2_36_14_6E_DCA0000_0_0_0.png	0a3e97e1056da81571a176e3b53d6a903cdce437
picons/7.0w/eutelsat/white/1_0_1_4B3_A0F0_396_DCA0000_0_0_0.png	fc785789d656855a1b21084defd540413264476c
picons/7.0w/eutelsat/white/1_0_2_36_14_6E_DCA0000_0_0_0.png	761c0ca67de4a9076fc328effba7900eab86e8a5
picons/7.0w/harmonic/black/1_0_1_161D_236_800_DCA2F4F_0_0_0.png	c6e8d3a8750d1789e600ce214b3804247b55ef41
picons/7.0w/harmonic/black/1_0_1_161D_236_800_DCAAF89_0_0_0.png	c6e8d3a8750d1789e600ce214b3804247b55ef41
picons/7.0w/harmonic/black/1_0_1_161E_236_800_DCA2F4F_0_0_0.png	84112163cf2cc450a071e70337c8b936035eeb97
picons/7.0w/harmonic/black/1_0_1_161E_236_800_DCAAF89_0_0_0.png	84112163cf2cc450a071e70337c8b936035eeb97
picons/7.0w/harmonic/black/1_0_1_161F_236_800_DCA2F4F_0_0_0.png	72160e7b6f4c05c9408fdc15b0c7e968aaef132d
picons/7.0w/harmonic/black/1_0_1_161F_236_800_DCAAF89_0_0_0.png	72160e7b6f4c05c9408fdc15b0c7e968aaef132d
picons/7.0w/harmonic/black/1_0_1_1620_236_800_DCA2F4F_0_0_0.png	357c09614038dbb39a97d9df84d4f369c861ad4a
picons/7.0w/harmonic/black/1_0_1_1620_236_800_DCAAF89_0_0_0.png	357c09614038dbb39a97d9df84d4f369c861ad4a
picons/7.0w/harmonic/black/1_0_1_1621_236_800_DCA2F4F_0_0_0.png	b85c39deb7a3453e50425dfe0636bc020f5c8a18
picons/7.0w/harmonic/black/1_0_1_1621_236_800_DCAAF89_0_0_0.png	b85c39deb7a3453e50425dfe0636bc020f5c8a18
picons/7.0w/harmonic/black/1_0_1_1622_236_800_DCA2F4F_0_0_0.png	003d96e86adedb91e268d6b9fec297125ff8d7ad
picons/7.0w/harmonic/black/1_0_1_1623_236_800_DCA2F4F_0_0_0.png	3c9f37f7c8e3f32487aaad6b9dff47dca426a5cc
picons/7.0w/harmonic/black/1_0_1_1623_236_800_DCAAF89_0_0_0.png	3c9f37f7c8e3f32487aaad6b9dff47dca426a5cc
picons/7.0w/harmonic/black/1_0_1_1624_236_800_DCA2F4F_0_0_0.png	bc7026670a49f2a8fa5cc568ebc18373daf1014a
picons/7.0w/harmonic/black/1_0_1_1624_236_800_DCAAF89_0_0_0.png	bc7026670a49f2a8fa5cc568ebc18373daf1014a
picons/7.0w/harmonic/black/1_0_1_1625_236_800_DCA2F4F_0_0_0.png	5a67b577807fd6c51b09955a4728c108657f42e9
picons/7.0w/harmonic/black/1_0_1_1625_236_800_DCAAF89_0_0_0.png	5a67b577807fd6c51b09955a4728c108657f42e9
picons/7.0w/harmonic/black/1_0_1_1626_236_800_DCA2F4F_0_0_0.png	589ef26556279c10c3cccad47d6183083d697598
picons/7.0w/harmonic/black/1_0_1_1626_236_800_DCAAF89_0_0_0.png	589ef26556279c10c3cccad47d6183083d697598
picons/7.0w/harmonic/black/1_0_1_1627_236_800_DCA2F4F_0_0_0.png	8258966ba2997713b878294e96ed73fb04738900
picons/7.0w/harmonic/black/1_0_1_1627_236_800_DCAAF89_0_0_0.png	8258966ba2997713b878294e96ed73fb04738900
picons/7.0w/harmonic/black/1_0_1_1628_236_800_DCA2F4F_0_0_0.png	26ca52d9b5bdb597a68642e54e88267cb013c421
picons/7.0w/harmonic/black/1_0_1_1628_236_800_DCAAF89_0_0_0.png	26ca52d9b5bdb597a68642e54e88267cb013c421
picons/7.0w/harmonic/black/1_0_1_162A_236_800_DCA2F4F_0_0_0.png	8f6ec2fe43e93a95aac526b6767bda62f6f26d80
picons/7.0w/harmonic/black/1_0_1_162B_236_800_DCA2F4F_0_0_0.png	26ca52d9b5bdb597a68642e54e88267cb013c421
picons/7.0w/harmonic/black/1_0_1_162C_236_800_DCA2F4F_0_0_0.png	26ca52d9b5bdb597a68642e54e88267cb013c421
picons/7.0w/harmonic/transparent/1_0_1_161D_236_800_DCA2F4F_0_0_0.png	9c17ef36b6d5b2a0507391c471ecbb0d7973645a
picons/7.0w/harmonic/transparent/1_0_1_161D_236_800_DCAAF89_0_0_0.png	9c17ef36b6d5b2a0507391c471ecbb0d7973645a
picons/7.0w/harmonic/transparent/1_0_1_161E_236_800_DCA2F4F_0_0_0.png	767443e5cb5b7ca71373ddf4886acd4a4a57bb63
picons/7.0w/harmonic/transparent/1_0_1_161E_236_800_DCAAF89_0_0_0.png	767443e5cb5b7ca71373ddf4886acd4a4a57bb63
picons/7.0w/harmonic/transparent/1_0_1_161F_236_800_DCA2F4F_0_0_0.png	26418fe6d7bbc21a1397681a77fe549f46c6ff27
picons/7.0w/harmonic/transparent/1_0_1_161F_236_800_DCAAF89_0_0_0.png	26418fe6d7bbc21a1397681a77fe549f46c6ff27
picons/7.0w/harmonic/transparent/1_0_1_1620_236_800_DCA2F4F_0_0_0.png	3e4c83e1a048dadcc376128710c6f3bd67da268c
picons/7.0w/harmonic/transparent/1_0_1_1620_236_800_DCAAF89_0_0_0.png	3e4c83e1a048dadcc376128710c6f3bd67da268c
picons/7.0w/harmonic/transparent/1_0_1_1621_236_800_DCA2F4F_0_0_0.png	aa3358accc53b4af16cc965017d05ce1e323899a
picons/7.0w/harmonic/transparent/1_0_1_1621_236_800_DCAAF89_0_0_0.png	aa3358accc53b4af16cc965017d05ce1e323899a
picons/7.0w/harmonic/transparent/1_0_1_1622_236_800_DCA2F4F_0_0_0.png	5789c289114a5638fc72e176232139e5f42aab5a
picons/7.0w/harmonic/transparent/1_0_1_1623_236_800_DCA2F4F_0_0_0.png	212c2492f3eb03095243e26dc126ba1ec9699b27
picons/7.0w/harmonic/transparent/1_0_1_1623_236_800_DCAAF89_0_0_0.png	212c2492f3eb03095243e26dc126ba1ec9699b27
picons/7.0w/harmonic/transparent/1_0_1_1624_236_800_DCA2F4F_0_0_0.png	af4d29ff5c899c97668c86276a0ae2d51f0c47dd
picons/7.0w/harmonic/transparent/1_0_1_1624_236_800_DCAAF89_0_0_0.png	af4d29ff5c899c97668c86276a0ae2d51f0c47dd
picons/7.0w/harmonic/transparent/1_0_1_1625_236_800_DCA2F4F_0_0_0.png	b1307fd93c19b30340fdc86d35a35264bb198674
picons/7.0w/harmonic/transparent/1_0_1_1625_236_800_DCAAF89_0_0_0.png	b1307fd93c19b30340fdc86d35a35264bb198674
picons/7.0w/harmonic/transparent/1_0_1_1626_236_800_DCA2F4F_0_0_0.png	fdbdb7fe180b6fd12b0349436d21eb7a602e4b07
picons/7.0w/harmonic/transparent/1_0_1_1626_236_800_DCAAF89_0_0_0.png	fdbdb7fe180b6fd12b0349436d21eb7a602e4b07
picons/7.0w/harmonic/transparent/1_0_1_1627_236_800_DCA2F4F_0_0_0.png	7abfdf781f4f63fd3a3ac33894a46470f70ede2d
picons/7.0w/harmonic/transparent/1_0_1_1627_236_800_DCAAF89_0_0_0.png	7abfdf781f4f63fd3a3ac33894a46470f70ede2d
picons/7.0w/harmonic/transparent/1_0_1_1628_236_800_DCA2F4F_0_0_0.png	f7708e4ff011e7931a9eae1ea56a21f91e8b7e70
picons/7.0w/harmonic/transparent/1_0_1_1628_236_800_DCAAF89_0_0_0.png	f7708e4ff011e7931a9eae1ea56a21f91e8b7e70
picons/7.0w/harmonic/transparent/1_0_1_162A_236_800_DCA2F4F_0_0_0.png	896597e47f81c1aa7a8d6459f5b79f38e72d1c1b
picons/7.0w/harmonic/transparent/1_0_1_162B_236_800_DCA2F4F_0_0_0.png	f7708e4ff011e7931a9eae1ea56a21f91e8b7e70
picons/7.0w/harmonic/transparent/1_0_1_162C_236_800_DCA2F4F_0_0_0.png	f7708e4ff011e7931a9eae1ea56a21f91e8b7e70
picons/7.0w/harmonic/white/1_0_1_161D_236_800_DCA2F4F_0_0_0.png	6cc69f473817561c9eb4b68ff6e73aaf9402c429
picons/7.0w/harmonic/white/1_0_1_161D_236_800_DCAAF89_0_0_0.png	6cc69f473817561c9eb4b68ff6e73aaf9402c429
picons/7.0w/harmonic/white/1_0_1_161E_236_800_DCA2F4F_0_0_0.png	386dcedef0e9fcb8276225c5288a8abd693bb020
picons/7.0w/harmonic/white/1_0_1_161E_236_800_DCAAF89_0_0_0.png	386dcedef0e9fcb8276225c5288a8abd693bb020
picons/7.0w/harmonic/white/1_0_1_161F_236_800_DCA2F4F_0_0_0.png	8cb375270ebff80224f608b3114e1ef0af1b17d3
picons/7.0w/harmonic/white/1_0_1_161F_236_800_DCAAF89_0_0_0.png	8cb375270ebff80224f608b3114e1ef0af1b17d3
picons/7.0w/harmonic/white/1_0_1_1620_236_800_DCA2F4F_0_0_0.png	77d0e17fecd942ac9fc13a697a3c954f8ce24ad9
picons/7.0w/harmonic/white/1_0_1_1620_236_800_DCAAF89_0_0_0.png	77d0e17fecd942ac9fc13a697a3c954f8ce24ad9
picons/7.0w/harmonic/white/1_0_1_1621_236_800_DCA2F4F_0_0_0.png	bdb4699d0faf05f17d31b3a84973a008d07dfd6c
picons/7.0w/harmonic/white/1_0_1_1621_236_800_DCAAF89_0_0_0.png	bdb4699d0faf05f17d31b3a84973a008d07dfd6c
picons/7.0w/harmonic/white/1_0_1_1622_236_800_DCA2F4F_0_0_0.png	33cb3aa467b8125bf16b8901fc5625952fa47f2e
picons/7.0w/harmonic/white/1_0_1_1623_236_800_DCA2F4F_0_0_0.png	861c2622e811e4cc17823e0c65dabcd2703032f3
picons/7.0w/harmonic/white/1_0_1_1623_236_800_DCAAF89_0_0_0.png	861c2622e811e4cc17823e0c65dabcd2703032f3
picons/7.0w/harmonic/white/1_0_1_1624_236_800_DCA2F4F_0_0_0.png	37acf9744d8969ecb7e3b68b2e2a07ceb1f567af
picons/7.0w/harmonic/white/1_0_1_1624_236_800_DCAAF89_0_0_0.png	37acf9744d8969ecb7e3b68b2e2a07ceb1f567af
picons/7.0w/harmonic/white/1_0_1_1625_236_800_DCA2F4F_0_0_0.png	c2a302c92be47a7be00d10f993e7d03206501ece
picons/7.0w/harmonic/white/1_0_1_1625_236_800_DCAAF89_0_0_0.png	c2a302c92be47a7be00d10f993e7d03206501ece
picons/7.0w/harmonic/white/1_0_1_1626_236_800_DCA2F4F_0_0_0.png	5a9d79370b07e985927b398ae3556382b96cacb0
picons/7.0w/harmonic/white/1_0_1_1626_236_800_DCAAF89_0_0_0.png	5a9d79370b07e985927b398ae3556382b96cacb0
picons/7.0w/harmonic/white/1_0_1_1627_236_800_DCA2F4F_0_0_0.png	5890f6c1bfe08726e1233a51b59d9ba2cfc58fce
picons/7.0w/harmonic/white/1_0_1_1627_236_800_DCAAF89_0_0_0.png	5890f6c1bfe08726e1233a51b59d9ba2cfc58fce
picons/7.0w/harmonic/white/1_0_1_1628_236_800_DCA2F4F_0_0_0.png	a504d20db454cca9eb8f35eaeedfa4ba3cf40910
picons/7.0w/harmonic/white/1_0_1_1628_236_800_DCAAF89_0_0_0.png	a504d20db454cca9eb8f35eaeedfa4ba3cf40910
picons/7.0w/harmonic/white/1_0_1_162A_236_800_DCA2F4F_0_0_0.png	99d792adb17157c038e2fe81532bc90197d703b1
picons/7.0w/harmonic/white/1_0_1_162B_236_800_DCA2F4F_0_0_0.png	a504d20db454cca9eb8f35eaeedfa4ba3cf40910
picons/7.0w/harmonic/white/1_0_1_162C_236_800_DCA2F4F_0_0_0.png	a504d20db454cca9eb8f35eaeedfa4ba3cf40910
picons/7.0w/iko-media-group/black/1_0_1_1B5B_17_6E_DCA0000_0_0_0.png	01b6dd16fc40902307ddad5613b059f9fc3f8aad
picons/7.0w/iko-media-group/black/1_0_1_1B71_17_6E_DCA0000_0_0_0.png	cafb278fd71ede826c7c7d82fb56c9460a5fe507
picons/7.0w/iko-media-group/black/1_0_2_1B6C_17_6E_DCA0000_0_0_0.png	28f104e798a45a55a5b9614c432547c2dfc083bf
picons/7.0w/iko-media-group/transparent/1_0_1_1B5B_17_6E_DCA0000_0_0_0.png	baee7f3ced0eca4aa054cd076bd41a8b3e1e47c0
picons/7.0w/iko-media-group/transparent/1_0_1_1B71_17_6E_DCA0000_0_0_0.png	a8ad2658837eced5f48df9b74032ece5c4e70269
picons/7.0w/iko-media-group/transparent/1_0_2_1B6C_17_6E_DCA0000_0_0_0.png	4fe7d689dc611cca5f2362335c01880dba3288da
picons/7.0w/iko-media-group/white/1_0_1_1B5B_17_6E_DCA0000_0_0_0.png	c44aa99dd47637d3bdafd196921d8091e2d26f03
picons/7.0w/iko-media-group/white/1_0_1_1B71_17_6E_DCA0000_0_0_0.png	f442fa494fa7d475d41103ce2702244405c58127
picons/7.0w/iko-media-group/white/1_0_2_1B6C_17_6E_DCA0000_0_0_0.png	5fc322e825117c44952b7ea594163da10ba6b7cf
picons/7.0w/jmc/black/1_0_1_11_7_800_DCA0000_0_0_0.png	c774f4cf89ec81677d3bd8b82fead775a0e616c6
picons/7.0w/jmc/black/1_0_1_292_7_800_DCA0000_0_0_0.png	333e7cc49a28c617ac133910a62c8b12f7e426ca
picons/7.0w/jmc/black/1_0_1_2BC_7_800_DCA0000_0_0_0.png	55f008bfed4097b91cadf1e8ed03ef3d7927315b
picons/7.0w/jmc/black/1_0_1_2C2_7_800_DCA0000_0_0_0.png	3396a07b64b14d1c157c2f064ca23e7a6ced3eb8
picons/7.0w/jmc/black/1_0_1_2C8_7_800_DCA0000_0_0_0.png	70c10132f93c1b810ef3f0da3eb86c6cbd08e19c
picons/7.0w/jmc/black/1_0_1_33B_8_800_DCA0000_0_0_0.png	6e13398e3ad69f5e66db80fc10ce4257e0e34bd1
picons/7.0w/jmc/black/1_0_1_33C_7_800_DCA0000_0_0_0.png	6e13398e3ad69f5e66db80fc10ce4257e0e34bd1
picons/7.0w/jmc/black/1_0_1_347_8_800_DCA0000_0_0_0.png	7da1f219446fb55bb7553765e7e7333c1512c36c
picons/7.0w/jmc/black/1_0_2_359_8_800_DCA0000_0_0_0.png	4a7b0bf73aa3226cd7215ca0437e86d4eebba621
picons/7.0w/jmc/black/1_0_2_35B_8_800_DCA0000_0_0_0.png	7196225e1589fd08be4c24419fe3abb5197a600d
picons/7.0w/jmc/transparent/1_0_1_11_7_800_DCA0000_0_0_0.png	b20e9ec76580e6361c680b68c8bffd0c3a6444ae
picons/7.0w/jmc/transparent/1_0_1_292_7_800_DCA0000_0_0_0.png	1e40e576ee8502297e30ef6867958e8c71a85560
picons/7.0w/jmc/transparent/1_0_1_2BC_7_800_DCA0000_0_0_0.png	0901e9a121d49168fd7bbbf4754993b3d8087260
picons/7.0w/jmc/transparent/1_0_1_2C2_7_800_DCA0000_0_0_0.png	e9f1c4a65190370cbd9a7a9d32f9a17bae85f734
picons/7.0w/jmc/transparent/1_0_1_2C8_7_800_DCA0000_0_0_0.png	dfa372aabe6245a22f4870fa809f75f13b517ecd
picons/7.0w/jmc/transparent/1_0_1_33B_8_800_DCA0000_0_0_0.png	bd687dab424ffca9cdafff10050476b4c645112d
picons/7.0w/jmc/transparent/1_0_1_33C_7_800_DCA0000_0_0_0.png	bd687dab424ffca9cdafff10050476b4c645112d
picons/7.0w/jmc/transparent/1_0_1_347_8_800_DCA0000_0_0_0.png	d60afcf30148e97cdf3cc535cc77634b0d665871
picons/7.0w/jmc/transparent/1_0_2_359_8_800_DCA0000_0_0_0.png	665e24a7e3a08ba218c6286b4d573a127f5b2975
picons/7.0w/jmc/transparent/1_0_2_35B_8_800_DCA0000_0_0_0.png	d6f6906f8bd786241b8b10394342b241e71814b5
picons/7.0w/jmc/white/1_0_1_11_7_800_DCA0000_0_0_0.png	47b424598325125b3b3aca4a43204ea396eb32f2
picons/7.0w/jmc/white/1_0_1_292_7_800_DCA0000_0_0_0.png	79a63507020c5de2fda9c8fab7bce9f3ec91a587
picons/7.0w/jmc/white/1_0_1_2BC_7_800_DCA0000_0_0_0.png	aef9bb1d5dd7fee7448e702b9bbb4b0f9f6d2cda
picons/7.0w/jmc/white/1_0_1_2C2_7_800_DCA0000_0_0_0.png	ad6c7eeba39b2ddce2b9b5eba8b956b0d5bc5115
picons/7.0w/jmc/white/1_0_1_2C8_7_800_DCA0000_0_0_0.png	89f16b1c2af08513c78536941529b415a581961f
picons/7.0w/jmc/white/1_0_1_33B_8_800_DCA0000_0_0_0.png	5101e062406e6c9e99769c76f3d6dc63b7780686
picons/7.0w/jmc/white/1_0_1_33C_7_800_DCA0000_0_0_0.png	5101e062406e6c9e99769c76f3d6dc63b7780686
picons/7.0w/jmc/white/1_0_1_347_8_800_DCA0000_0_0_0.png	3ff1088f18ff7130bc6014496661a1adc6c4ff9d
picons/7.0w/jmc/white/1_0_2_359_8_800_DCA0000_0_0_0.png	53c08b4ab4c1992e69eda8f7eb6c9ac873475b21
picons/7.0w/jmc/white/1_0_2_35B_8_800_DCA0000_0_0_0.png	d6594d658c44b548366d249426188ea6b26195dd
picons/7.0w/muxip/black/1_0_1_1F4_9E34_77E_DCA0000_0_0_0.png	76299e49f3ba2bebadf6d7ea972f9a548c929921
picons/7.0w/muxip/transparent/1_0_1_1F4_9E34_77E_DCA0000_0_0_0.png	74d3a44e2a8bb31e25526fd2da520e0c8dc5ecf2
picons/7.0w/muxip/white/1_0_1_1F4_9E34_77E_DCA0000_0_0_0.png	89ee4538e176524cb398d1ffc492ed9ad5c477c1
picons/7.0w/nilesat/black/1_0_2_8B9_16_800_DCA0000_0_0_0.png	aa002995fc462da060c6bd982a58fc9098d29fa1
picons/7.0w/nilesat/black/1_0_2_8BA_16_800_DCA0000_0_0_0.png	b183e790a330cb2ca2a0f76e8855ba3451e3c2a0
picons/7.0w/nilesat/transparent/1_0_2_8B9_16_800_DCA0000_0_0_0.png	8263e86b15ca040a4ee0b997cd9841c2b9bf85e7
picons/7.0w/nilesat/transparent/1_0_2_8BA_16_800_DCA0000_0_0_0.png	164c93a77a7764772d433f923fed37181b0b4597
picons/7.0w/nilesat/white/1_0_2_8B9_16_800_DCA0000_0_0_0.png	7dde6c7ee777a9fc728c4e663b39647ba0f96b27
picons/7.0w/nilesat/white/1_0_2_8BA_16_800_DCA0000_0_0_0.png	44884d14ceba11f745ed279d35a852f283681d8d
picons/7.0w/qmc/black/1_0_1_5_1_1_DCAAA52_0_0_0.png	766b73ab753643e3b1b53160f4dba319a442ec89
picons/7.0w/qmc/black/1_0_1_6_1_1_DCAAA52_0_0_0.png	766b73ab753643e3b1b53160f4dba319a442ec89
picons/7.0w/qmc/transparent/1_0_1_5_1_1_DCAAA52_0_0_0.png	016116fb74b7b9abb57902611ac8d278e2d453f4
picons/7.0w/qmc/transparent/1_0_1_6_1_1_DCAAA52_0_0_0.png	016116fb74b7b9abb57902611ac8d278e2d453f4
picons/7.0w/qmc/white/1_0_1_5_1_1_DCAAA52_0_0_0.png	0760aaf76c214a74151edbdfc6fe27eb47964dbb
picons/7.0w/qmc/white/1_0_1_6_1_1_DCAAA52_0_0_0.png	0760aaf76c214a74151edbdfc6fe27eb47964dbb
picons/7.0w/viewmedia/black/1_0_1_11_1_FFFF_DCA2A3F_0_0_0.png	1c30cfc594c5d455a2bc9db9a6571ac9ca84d294
picons/7.0w/viewmedia/transparent/1_0_1_11_1_FFFF_DCA2A3F_0_0_0.png	1c2c8e46f12ca8179f2fbb0a244f656c6f63b907
picons/7.0w/viewmedia/white/1_0_1_11_1_FFFF_DCA2A3F_0_0_0.png	a496598747e52df1b198e22326b056d1a407fd84
picons/8.0w/al-jazeera/black/1_0_1_196_4EE8_77E_DC00000_0_0_0.png	0c12b31c9fff1132736bfd0b213daa43baee9af9
picons/8.0w/al-jazeera/black/1_0_2_19B_4EE8_77E_DC00000_0_0_0.png	1e43f75dc68dbdf74d2257644597377650ce30fa
picons/8.0w/al-jazeera/black/1_0_2_19C_4EE8_77E_DC00000_0_0_0.png	207eb0f180cffde2270aaef8eaf95c4e8f002e9f
picons/8.0w/al-jazeera/transparent/1_0_1_196_4EE8_77E_DC00000_0_0_0.png	a06f4d71fbf088cef1009f2f662bc3258b008ab8
picons/8.0w/al-jazeera/transparent/1_0_2_19B_4EE8_77E_DC00000_0_0_0.png	9b6bf728bf9d4c67b0f7cd308b668551339d2e8c
picons/8.0w/al-jazeera/transparent/1_0_2_19C_4EE8_77E_DC00000_0_0_0.png	6fe266e2fa4be53dc39a3dee090a543fb55d16a8
picons/8.0w/al-jazeera/white/1_0_1_196_4EE8_77E_DC00000_0_0_0.png	bea8e390d53ec1a0f1e2662e076c6776ae225e39
picons/8.0w/al-jazeera/white/1_0_2_19B_4EE8_77E_DC00000_0_0_0.png	bdbe367f48f7537db595c1221b3390360506c5d4
picons/8.0w/al-jazeera/white/1_0_2_19C_4EE8_77E_DC00000_0_0_0.png	ee59177a34b7b382c03a79c3161b300cdbab8f7b
picons/8.0w/menasat/black/1_0_2_690_FFDC_1_DC00000_0_0_0.png	518d41b6db2fe38eb1db9e31047228c99b248992
picons/8.0w/menasat/transparent/1_0_2_690_FFDC_1_DC00000_0_0_0.png	8acdf244971168af55040cdb7e5cf7cff219fc74
picons/8.0w/menasat/white/1_0_2_690_FFDC_1_DC00000_0_0_0.png	4216e3c08e60ba57b5efa8ccabdb9439982896cd
picons/9.0e/arqiva/black/1_0_1_48D_1AF4_9E_5A0000_0_0_0.png	70750875e7671bd07a904b8b5a6cb801b9e5b9b0
picons/9.0e/arqiva/black/1_0_1_48E_1AF4_9E_5A0000_0_0_0.png	7557f04ae62f6b21fd8505c0dc65656d2305a010
picons/9.0e/arqiva/black/1_0_1_492_1AF4_9E_5A0000_0_0_0.png	70750875e7671bd07a904b8b5a6cb801b9e5b9b0
picons/9.0e/arqiva/transparent/1_0_1_48D_1AF4_9E_5A0000_0_0_0.png	511056a01c7d98f253ae727687ebcd63e38d623a
picons/9.0e/arqiva/transparent/1_0_1_48E_1AF4_9E_5A0000_0_0_0.png	bb914730c7242d7da64a6ffc3b7a0092f52d95aa
picons/9.0e/arqiva/transparent/1_0_1_492_1AF4_9E_5A0000_0_0_0.png	511056a01c7d98f253ae727687ebcd63e38d623a
picons/9.0e/arqiva/white/1_0_1_48D_1AF4_9E_5A0000_0_0_0.png	7b2c07a6ccd651939df89b2f7f166f232e0ed60d
picons/9.0e/arqiva/white/1_0_1_48E_1AF4_9E_5A0000_0_0_0.png	9f74e9d1e2e6039525c0f1fd5c8ce848e3d1b364
picons/9.0e/arqiva/white/1_0_1_492_1AF4_9E_5A0000_0_0_0.png	7b2c07a6ccd651939df89b2f7f166f232e0ed60d
picons/9.0e/canale-italia/black/1_0_1_2F9_107_217C_5A0000_0_0_0.png	c9b461e5e0a8de677959a8951c332bcd473e3460
picons/9.0e/canale-italia/black/1_0_1_2FA_107_217C_5A0000_0_0_0.png	2ad0c95bb988e08e5d1a39ccddff1955732ed19e
picons/9.0e/canale-italia/black/1_0_1_2FB_107_217C_5A0000_0_0_0.png	bc6f501f96fce59b282b0038820d5b3dffd7815c
picons/9.0e/canale-italia/black/1_0_1_2FC_107_217C_5A0000_0_0_0.png	c9b461e5e0a8de677959a8951c332bcd473e3460
picons/9.0e/canale-italia/black/1_0_1_2FD_107_217C_5A0000_0_0_0.png	c9ec29c2104b1cbb8c02a102c15c2ec01baa2745
picons/9.0e/canale-italia/black/1_0_1_317_107_217C_5A0000_0_0_0.png	c9b461e5e0a8de677959a8951c332bcd473e3460
picons/9.0e/canale-italia/transparent/1_0_1_2F9_107_217C_5A0000_0_0_0.png	b53bb6a1a0e3b5353c545ced2d1e9487b8140a33
picons/9.0e/canale-italia/transparent/1_0_1_2FA_107_217C_5A0000_0_0_0.png	80dbab6abea7c757f18fc0e443ec5515b99bc4a0
picons/9.0e/canale-italia/transparent/1_0_1_2FB_107_217C_5A0000_0_0_0.png	b3adff8a74a1d655c10e320070b19a9719ea57b1
picons/9.0e/canale-italia/transparent/1_0_1_2FC_107_217C_5A0000_0_0_0.png	b53bb6a1a0e3b5353c545ced2d1e9487b8140a33
picons/9.0e/canale-italia/transparent/1_0_1_2FD_107_217C_5A0000_0_0_0.png	eb093fe57a486f1b93e4f3ff8b4688a1c2b5052d
picons/9.0e/canale-italia/transparent/1_0_1_317_107_217C_5A0000_0_0_0.png	b53bb6a1a0e3b5353c545ced2d1e9487b8140a33
picons/9.0e/canale-italia/white/1_0_1_2F9_107_217C_5A0000_0_0_0.png	97e74293b5737789934b5525acfa715cd574b715
picons/9.0e/canale-italia/white/1_0_1_2FA_107_217C_5A0000_0_0_0.png	14f1951863ae661d783f5144f9be3e74f2f694b0
picons/9.0e/canale-italia/white/1_0_1_2FB_107_217C_5A0000_0_0_0.png	9c47d191742689216c58385e20bd261c1291992e
picons/9.0e/canale-italia/white/1_0_1_2FC_107_217C_5A0000_0_0_0.png	97e74293b5737789934b5525acfa715cd574b715
picons/9.0e/canale-italia/white/1_0_1_2FD_107_217C_5A0000_0_0_0.png	5ee58ab5ddcbe065bcf37c2dcd0daa8095c063de
picons/9.0e/canale-italia/white/1_0_1_317_107_217C_5A0000_0_0_0.png	97e74293b5737789934b5525acfa715cd574b715
picons/9.0e/epiqa/black/1_0_1_1C20_384_110_5A0000_0_0_0.png	a4a545a4fe7aaee1cc10861bd676dbaf0b01d8b7
picons/9.0e/epiqa/transparent/1_0_1_1C20_384_110_5A0000_0_0_0.png	30aa11a01a711d59ca5e8199e95c1fd0b0db08cd
picons/9.0e/epiqa/white/1_0_1_1C20_384_110_5A0000_0_0_0.png	9a489495401f4b087f80f43aa49efdd747ebf2f9
picons/9.0e/ote/black/1_0_1_3F1_2_AA_5A0000_0_0_0.png	78625ae44c3f1c5a87330361e9d7bc9520c9d1e8
picons/9.0e/ote/black/1_0_1_3F2_5_AA_5A0000_0_0_0.png	05d204810cd5228fe023bf71825e6d1346da6c53
picons/9.0e/ote/black/1_0_1_3F7_6_AA_5A0000_0_0_0.png	aa3ee5f5513774ca7fbe8107d51f8387822d24f6
picons/9.0e/ote/black/1_0_1_418_6_AA_5A0000_0_0_0.png	854a1ba38b486d6f98f5b6d42b0bf670f7ac404b
picons/9.0e/ote/black/1_0_1_419_6_AA_5A0000_0_0_0.png	eb78a6034bede84a04e05c462d346843c7392678
picons/9.0e/ote/black/1_0_1_421_6_AA_5A0000_0_0_0.png	f6b415936da01347134933e31112a65f900ded39
picons/9.0e/ote/black/1_0_1_423_6_AA_5A0000_0_0_0.png	f6b415936da01347134933e31112a65f900ded39
picons/9.0e/ote/black/1_0_1_42C_5_AA_5A0000_0_0_0.png	f6b415936da01347134933e31112a65f900ded39
picons/9.0e/ote/black/1_0_1_42D_2_AA_5A0000_0_0_0.png	f6b415936da01347134933e31112a65f900ded39
picons/9.0e/ote/black/1_0_1_431_6_AA_5A0000_0_0_0.png	f6b415936da01347134933e31112a65f900ded39
picons/9.0e/ote/black/1_0_1_434_5_AA_5A0000_0_0_0.png	7274850b1b4ec5b8def4dc96515626a71604accf
picons/9.0e/ote/black/1_0_1_450_6_AA_5A0000_0_0_0.png	f6b415936da01347134933e31112a65f900ded39
picons/9.0e/ote/black/1_0_1_451_9_AA_5A0000_0_0_0.png	098bc3a6fc44eb5e7ae2ea658386b6d2bd265940
picons/9.0e/ote/black/1_0_1_452_1_AA_5A0000_0_0_0.png	20d456f5b99e71e3b020e373e65418b2250c8252
picons/9.0e/ote/black/1_0_1_453_9_AA_5A0000_0_0_0.png	d3799078827d3573a5206dea36e50398dbda7336
picons/9.0e/ote/black/1_0_1_45E_7_AA_5A0000_0_0_0.png	3b44714faae34f82d190e614473a5d50892ef84f
picons/9.0e/ote/black/1_0_2_428_6_AA_5A0000_0_0_0.png	4c33f4b886d6cc920afdec0abe366cfa2a0e0032
picons/9.0e/ote/black/1_0_2_42B_6_AA_5A0000_0_0_0.png	0c12b31c9fff1132736bfd0b213daa43baee9af9
picons/9.0e/ote/transparent/1_0_1_3F1_2_AA_5A0000_0_0_0.png	9efe1d2306e515d22f9dc949634245b9a0203443
picons/9.0e/ote/transparent/1_0_1_3F2_5_AA_5A0000_0_0_0.png	94662d2e80bdb5ed55450f6d038af22c68d67079
picons/9.0e/ote/transparent/1_0_1_3F7_6_AA_5A0000_0_0_0.png	cd1d578bfa556e12e3aac288cfcf4ab62ce2a054
picons/9.0e/ote/transparent/1_0_1_418_6_AA_5A0000_0_0_0.png	7b52238f1a0058bd668bf73b5f25b383d1aeaa14
picons/9.0e/ote/transparent/1_0_1_419_6_AA_5A0000_0_0_0.png	a6c9e85ae9240843adbb2f7b81fce13d0fe80913
picons/9.0e/ote/transparent/1_0_1_421_6_AA_5A0000_0_0_0.png	ce320141f1cb420fc41e5806cd873e5433f111c3
picons/9.0e/ote/transparent/1_0_1_423_6_AA_5A0000_0_0_0.png	ce320141f1cb420fc41e5806cd873e5433f111c3
picons/9.0e/ote/transparent/1_0_1_42C_5_AA_5A0000_0_0_0.png	ce320141f1cb420fc41e5806cd873e5433f111c3
picons/9.0e/ote/transparent/1_0_1_42D_2_AA_5A0000_0_0_0.png	ce320141f1cb420fc41e5806cd873e5433f111c3
picons/9.0e/ote/transparent/1_0_1_431_6_AA_5A0000_0_0_0.png	ce320141f1cb420fc41e5806cd873e5433f111c3
picons/9.0e/ote/transparent/1_0_1_434_5_AA_5A0000_0_0_0.png	46a57fd477b1177e48c806303741d7afbee42c4d
picons/9.0e/ote/transparent/1_0_1_450_6_AA_5A0000_0_0_0.png	ce320141f1cb420fc41e5806cd873e5433f111c3
picons/9.0e/ote/transparent/1_0_1_451_9_AA_5A0000_0_0_0.png	14208bbc8778638d15f365695dbbd42010b47a37
picons/9.0e/ote/transparent/1_0_1_452_1_AA_5A0000_0_0_0.png	7460f98b60cddde25b304f96958740deb8fd9462
picons/9.0e/ote/transparent/1_0_1_453_9_AA_5A0000_0_0_0.png	742d6035395a37f59418184b330ac6757297a6c9
picons/9.0e/ote/transparent/1_0_1_45E_7_AA_5A0000_0_0_0.png	a816a99cd139f9ebd3406f8ac781eeaf4a30f7dd
picons/9.0e/ote/transparent/1_0_2_428_6_AA_5A0000_0_0_0.png	cc990827e1599290671f7a2471c95c63f541df2b
picons/9.0e/ote/transparent/1_0_2_42B_6_AA_5A0000_0_0_0.png	a06f4d71fbf088cef1009f2f662bc3258b008ab8
picons/9.0e/ote/white/1_0_1_3F1_2_AA_5A0000_0_0_0.png	1deb2c884f1c31699451837a1d0174e216f79d21
picons/9.0e/ote/white/1_0_1_3F2_5_AA_5A0000_0_0_0.png	8e4e4eac85d8205cd5cca7beb3f3af68d366c123
picons/9.0e/ote/white/1_0_1_3F7_6_AA_5A0000_0_0_0.png	0782e218696bcf436d15440a8dff737e2afcf6ff
picons/9.0e/ote/white/1_0_1_418_6_AA_5A0000_0_0_0.png	0737dd495140b7e4254de57ed9e0bfbb76475335
picons/9.0e/ote/white/1_0_1_419_6_AA_5A0000_0_0_0.png	f24dc5f3b99be5d2259fef4a3a5c821f401ddf5b
picons/9.0e/ote/white/1_0_1_421_6_AA_5A0000_0_0_0.png	6d56e00fb61f19416dd11db02a357a9022dbcdbe
picons/9.0e/ote/white/1_0_1_423_6_AA_5A0000_0_0_0.png	6d56e00fb61f19416dd11db02a357a9022dbcdbe
picons/9.0e/ote/white/1_0_1_42C_5_AA_5A0000_0_0_0.png	6d56e00fb61f19416dd11db02a357a9022dbcdbe
picons/9.0e/ote/white/1_0_1_42D_2_AA_5A0000_0_0_0.png	6d56e00fb61f19416dd11db02a357a9022dbcdbe
picons/9.0e/ote/white/1_0_1_431_6_AA_5A0000_0_0_0.png	6d56e00fb61f19416dd11db02a357a9022dbcdbe
picons/9.0e/ote/white/1_0_1_434_5_AA_5A0000_0_0_0.png	0e2eb234983fd3f91089c2d407e98fbefe3ae824
picons/9.0e/ote/white/1_0_1_450_6_AA_5A0000_0_0_0.png	6d56e00fb61f19416dd11db02a357a9022dbcdbe
picons/9.0e/ote/white/1_0_1_451_9_AA_5A0000_0_0_0.png	24bfa56ca07aaaca7d7048f75810c41c551e7502
picons/9.0e/ote/white/1_0_1_452_1_AA_5A0000_0_0_0.png	f0940f399a8eaee948f3ec35e40ea26a25065bae
picons/9.0e/ote/white/1_0_1_453_9_AA_5A0000_0_0_0.png	942f11be13323772a8ed80d81630e33a98927c22
picons/9.0e/ote/white/1_0_1_45E_7_AA_5A0000_0_0_0.png	e8c0020b01eff448ff19d31cfc52d78559a1ad17
picons/9.0e/ote/white/1_0_2_428_6_AA_5A0000_0_0_0.png	1e02559b478564dc3e70706150e42e7cc5b54154
picons/9.0e/ote/white/1_0_2_42B_6_AA_5A0000_0_0_0.png	bea8e390d53ec1a0f1e2662e076c6776ae225e39
