satellite	provider	service_reference	transparent_sha256	black_sha256	white_sha256
0.8w	harmonic	1_0_1_3FD_519_2_E080000_0_0_0	331503edaa74aa8d84b765cb3381d675d3dcbf35d5f5663f72f0795285726a31	1e4fc7420c051fa716f965bc3a694817c874cfdaad34ddf30cc4f6d359ea4c64	779d69869f4d6615aa86f4a9b8bdf4d73a275aade6d03e71924ee618a3768529
0.8w	harmonic	1_0_1_40E_519_2_E080000_0_0_0	2e8c22153e6c1cdc9050e92b4420b92e52ad1e894921ae5afffbdad8d8e15109	b84c8659c7cff4fb081bce8a92d45dc794ee8d23b671bd1ed275a868a76d66a4	a9063f6c1cae6a7edb23ea0ad5b975a6baf196b844147d50b4c468636d32417d
0.8w	harmonic	1_0_1_411_519_2_E080000_0_0_0	34142acc62dd77fcdfb9e5e9f294b6d98edb4e373edcea85841261c26042a53d	011381998ebfe6d2c6b98626e8fd3969e90ad687fe946a2b9db3d8c2e089adf1	02ae948b64c54d6776f17db8bbd1cd6957e3eeeb95b0815c1cff9f7bc8651a6c
0.8w	harmonic	1_0_1_413_519_2_E080000_0_0_0	252591097db0081e433dda9ae87e10f4cb8c007fe9b86836961f6d6774b64b72	297ecfbd57793dd15308378b133712a1ca2edbf5c5b6f9ff6ac43b696aac1a6f	0645dfe8b949e27facc9002c591125aa7d2ce141dcaa60c0948122e72642c4e1
0.8w	telenor	1_0_1_1D23_55_46_E080000_0_0_0	32c2b630a62410088e10f7102bc3a0f50479b0dce07ebc0f007fea24d4ea3a93	0d708152cc1b0b5cebc17a2199c5d33035994cbac03b0a13c7c649f8738f4189	7e4aa4e9874711225a2f9c5446f43e9003d5023682eea2e08edd2dc271d1b085
1.9e	neosat	1_0_1_25D_1A_3_130000_0_0_0	fb454ce1bb020ea0baab1b94897e608057957dbe0750c57521defaba8202868b	3c4f7bcd00809e725f44292d3a34543b1914b500f4b04c9d7f33a624ad370ecf	34e2f70bcf0e34f49599fadd2e0c50739c2683f1a464a1b31cb0bafb7938cc99
13.0e	amagi	1_0_1_5DD_20D0_13E_820000_0_0_0	2e8c22153e6c1cdc9050e92b4420b92e52ad1e894921ae5afffbdad8d8e15109	b84c8659c7cff4fb081bce8a92d45dc794ee8d23b671bd1ed275a868a76d66a4	a9063f6c1cae6a7edb23ea0ad5b975a6baf196b844147d50b4c468636d32417d
13.0e	du	1_0_1_398_2134_13E_820000_0_0_0	2359593d6f967cece3dcf3e1fe177005b63411125873a915bbd3d5403b68d82a	4928e0ff0558940510c2442585a8a4944d2eee1524b3a599a1ca4db05a5a8b67	91b610f728799e851876c345c77007ab447823a625dda8be9a3f8fff8920c78b
13.0e	du	1_0_2_399_2134_13E_820000_0_0_0	5ce99c38fcd661f372c8e4f2aa5bee0f6b130c6d9ed0d57ade2a1b8fd589fae5	d95b43167a848aeaecf8663611202b88993611282a5eaf9abd56be7ec843ea81	f9bcefe3397da22de1d5226d85232ae3cacdfb4ff5fa1fa4db7dc37ca0b4df1d
13.0e	du	1_0_2_39A_2134_13E_820000_0_0_0	5ce99c38fcd661f372c8e4f2aa5bee0f6b130c6d9ed0d57ade2a1b8fd589fae5	d95b43167a848aeaecf8663611202b88993611282a5eaf9abd56be7ec843ea81	f9bcefe3397da22de1d5226d85232ae3cacdfb4ff5fa1fa4db7dc37ca0b4df1d
13.0e	du	1_0_2_39B_2134_13E_820000_0_0_0	e82e186a0c7b70520944ce44e1b04c4d3ca073777da9ee93c71dd1669d32f47a	b2f0ea41bb199db17a03d7502e40973b2d5e7b22db9d98148ac4293e8f27f984	bc6aacff7737babc3589cb89c357a8179165151b44befca692591743938c3edc
13.0e	du	1_0_2_39C_2134_13E_820000_0_0_0	5ce99c38fcd661f372c8e4f2aa5bee0f6b130c6d9ed0d57ade2a1b8fd589fae5	d95b43167a848aeaecf8663611202b88993611282a5eaf9abd56be7ec843ea81	f9bcefe3397da22de1d5226d85232ae3cacdfb4ff5fa1fa4db7dc37ca0b4df1d
13.0e	myintprovider	1_0_1_320_3E8_2_820000_0_0_0	af2275613235849400a24661f33db968c956d614b402a950887b5a7746b4ba1e	178efeb0704d6359249e17051e67a85347891fcac7d61996036c5bda980bccb4	115d318089731463b350e1c6088249878bdb3cd5501d4bdc914ba645c182b714
13.0e	myintprovider	1_0_1_320_7D5_2_820000_0_0_0	af2275613235849400a24661f33db968c956d614b402a950887b5a7746b4ba1e	178efeb0704d6359249e17051e67a85347891fcac7d61996036c5bda980bccb4	115d318089731463b350e1c6088249878bdb3cd5501d4bdc914ba645c182b714
13.0e	skyitalia	1_0_1_F89_2198_FBFF_820000_0_0_0	b1f0597fe4ff26b5956ef4b5d5bfdd5fcd1aaad3de2037466b3a10329b36d31a	3f29ed60a4471a2119e4bd3230d47397b56c810d89ec940d62db0311958baf03	12498f415f0cd3f1d99de239b62600f161d019f9e27de0db61ae6b52cb9a879b
16.0e	nova-broadcasting-group	1_0_1_4_14B4_2064_A00000_0_0_0	6308df0e9759676e8728c3d75394b367a26812d0b3f0214a435f1033c1a06d30	21f47a468e5a72583f3c223c094eef7b9e7884a94372c78d142e769690691b7f	c460e97e24f59d31d4b80ce9eaf1741d93b647dbe150da3c72f06ad0cbb5c486
16.0e	nova-broadcasting-group	1_0_1_5_14B4_2064_A00000_0_0_0	72395835f67a8ef47c07fb5bcb7dfcccc1bf7cc7f33897b170a5e791156fc12a	8bdf3c5400785d356b467db4ec63b042cccd18a2555a96486b3bb764de12f2e5	15ddedcfec76614528330953f33728d3401e2858ec3714ae200d27789c31e5f1
16.0e	nova-broadcasting-group	1_0_1_8_14B4_2064_A00000_0_0_0	71f81bd5ab44e7c9180df9571c6dae387515455f8422ac5e11c235e4a95d106e	0eba9daf456502061138fe4ca710e1ffa4181ea9b7a72dc48ffbc08c5ee745d5	6aec09b7b8df03de710b48c04d55da6a48d89d8379ea401adace414a6e938c15
16.0e	srtv	1_0_1_12_C8_1_A00000_0_0_0	5d21d36a49f8cf6365d953401a4598c9c1be459cd736b416eaa0fe1755ca3ad9	ff2fb8ba49f617fd4eb6244dafc58c0b940267bf8443f9ed8da16466d187b886	b6f58eb808da371aafc963f06d425fc0509ed87ae4ed8756d9473904274c3bfc
16.0e	srtv	1_0_1_13_C8_1_A00000_0_0_0	f5849933f0e1d551598762e9c81b7de8461be0aac6f2bd5d0e2c866135d03d56	790e001b357f577e0b0f539728a36fc13c21acee95a4fd73629104ecebd3a382	d744b9a183bb2931cb25dff1ae06959f6b38acf0d7f792b9868b928859983a6e
16.0e	srtv	1_0_1_3_C8_1_A00000_0_0_0	2d7cf0d3fd5ff237b702b488ec20841020f74d99f960c91e6b4a4e7cdbedc9ae	fd49dfdc37345f85a403df0d5e4e469afbce5a711cefa4cca20f010813a83c38	14b33df1dc0e86c18b45b48f154eb9d3646c658cfb094d22d519a3c2b5f5147c
16.0e	total-tv	1_0_1_5B9_75FC_16E_A00000_0_0_0	0c2dd360f5735b1ce1da89e1c9ad0aa5917625608eb4f53c44c03b7b1151e7a5	ff7dc8a7800c38380c4b94a8628cf16b4d0f81b19e9b89b07cb76c6c6bc9a1c2	786c4709b2a0fca775fd6970297274f3f60c813de0deca7933275b1613653d51
16.0e	total-tv	1_0_2_30F_9D08_16E_A00000_0_0_0	b00e683396693abb98accf7a6ef21f8f1c7c77bfad20ee03cbd60db74296d55f	d5e3b5feafd48a8941e2a05936b9b27afca99545209aa99c856770b536bd9072	8a77f59fcfb3bacd23eb94f7ac1a3c9e719e524cdbf1bc750b1c6d7c632796ad
19.2e	ab-sat	1_0_2_23B7_446_1_C00000_0_0_0	f87d2daa46a25fc16b03da70b8e2f0154fe2c807178655a5a4375365cde27084	3b20a1748747a044196caf2adffc9a318481897beaf74f64c5a70c2ebd0e2102	ccbdb93bb3532415fb476dc44b460115d9fa8df25ad44499642f5ba5c7e35b8c
19.2e	ab-sat	1_0_2_23B8_446_1_C00000_0_0_0	b9c637ced951bc7fab28839fd7c5adc2e13590f654c567efc81cc9d8e69932b1	6fe13907af1cbf4bc6aae00d07f42cad7413756ee86579ec8b40c2d67d89760c	a4b5f39a94f7b6c8938d16eb80859f0cbf1f038028069880a3ad0e0b1f8cf2ed
19.2e	ab-sat	1_0_2_23C4_446_1_C00000_0_0_0	2541ca02fc4290c17aa52d95d170212700120f7e640a73556ab89550dd892774	87dc5e359c42d1875a8817a34ff20e917f533bbeb6aead38cd72fb0b25442d46	11c6d12739121f81d4b453ba66a3489b449425bbcd3553c3dab10d9899605dec
19.2e	ab-sat	1_0_2_23CB_446_1_C00000_0_0_0	56dbdb3efe05f99b4a58ddc2baf5cb91a7c0ebaa27195e1969afd19256f20c99	d505608a8beeab657bcb95304f9e10bbf22acbc4e206433e761a1fdd5bab9a52	0383556e32dbba512554ab92ac4339ef7def6a7bd5f4a8d64567b75435563a94
19.2e	ab-sat	1_0_2_23DE_446_1_C00000_0_0_0	4d2a1d4db2ab419c98e711836536c29e3357b7e3b6f8013511b2579372edeb27	1a8899bc6af7ea37168da7d307f5a3ad5b20248504a8a1f1e9b04f603128b576	0faf9afa89c781d967651ee00c355e3e932684617377947adab5612c8f338e5d
19.2e	sky	1_0_1_DAD_4_85_C00000_0_0_0	acb578c24f20850d1014966fea3cbb487e8dc92ab012279045f76f38bd3f0f66	950e71c8a1c4a5a7a3dc4f4a9afeb59b8bb6d79d59eea9e730083350f268d83f	12e6bc27b14130cb7f38433b2a1035260c737e8ce332b2b227a250e39926ad1f
19.2e	sky	1_0_1_DAE_4_85_C00000_0_0_0	acb578c24f20850d1014966fea3cbb487e8dc92ab012279045f76f38bd3f0f66	950e71c8a1c4a5a7a3dc4f4a9afeb59b8bb6d79d59eea9e730083350f268d83f	12e6bc27b14130cb7f38433b2a1035260c737e8ce332b2b227a250e39926ad1f
19.2e	sky	1_0_1_DAF_4_85_C00000_0_0_0	acb578c24f20850d1014966fea3cbb487e8dc92ab012279045f76f38bd3f0f66	950e71c8a1c4a5a7a3dc4f4a9afeb59b8bb6d79d59eea9e730083350f268d83f	12e6bc27b14130cb7f38433b2a1035260c737e8ce332b2b227a250e39926ad1f
19.2e	tsa	1_0_1_7A4A_410_1_C00000_0_0_0	4e0d898d1a620bdbb789f15938b7797724ac258d73dee6269da08775cfdab09a	b2ae4fd60a7a14b6e106df06c72bbd86280f9a9b3aabfaa72143ea6e71eb26fd	6b5345dfe9c4306a7f2ef7ac403d0a0e686ffe2276cc3e6f031ca6b4fe1b2866
23.5e	telekom-srbija	1_0_1_4E60_CA5_3_EB0000_0_0_0	8807e1537e534d3bef067db4aa4ade7b517c8bb2a96e261fbb79581747f829cd	23ddc1ddc38bc9edf06bbfd0875b80faaecfbd1a8276ae3efa64f95bf6ddd5fa	ced03324b88c083ad1b735abea6ae861e7398a486f22c0e17b9b67e7477d6d20
23.5e	telekom-srbija	1_0_1_4ED5_CA4_3_EB0000_0_0_0	f2c17fa7a68029e06d8bb4bee5a2f45ff406412bcf3bdb3bde0d06496f3ea2a8	aad611460a95384679e09fc10e0c899535c9c843fe2ad28c970e8679a750c3a4	71098b85f90add44e2e8bc32cfa547db63884a49a9b3db2e4369179ab30cc93a
23.5e	telekom-srbija	1_0_1_4EED_CA4_3_EB0000_0_0_0	e37993e73131f5a56ac0811d5b07345f802bd3e513e4ac76646242e216b5130e	f4708b466ebde1eba1d6822a788c98507d3d12353e11efe5af76e1ee102e5aaf	6006244119622b4f73fdb78537a26556c703a3c9206f2eb3a1a24496645664ee
23.5e	telekom-srbija	1_0_1_4F25_CA6_3_EB0000_0_0_0	14820cefce3911e959e5363ee235c98824fadf75f50bab79026cdd6dbcbca2fa	c4955b8e9a1f3013a32333b1a3222640c0c078f16091e90eb3c045d9271cf2ca	2366a20bf1999b4ebc8056ad7dbc78b752cb0377ea70b266fa75c9675f29d1e6
23.5e	telekom-srbija	1_0_1_4F27_CA6_3_EB0000_0_0_0	3200f3a60d1c0302536d45261e4f9fee4b0fb1798de427e3cfc4cfbac7231490	fc758efe8596db3741d2aa26c8d20b986e92ac9e842243e287983382c7ac3618	92fcdc17412b12f1a4ec686b8c95d3810bd672c35cb0c1e9370ac5ddcc185306
23.5e	telekom-srbija	1_0_1_4F28_CA6_3_EB0000_0_0_0	0efc7f9cd08a0e3f38368823f5c5c35aa1de15842a4a7d455571d94368286a54	2b7891860095b470c8554ca74586630d50e012d9b7d6fc0f2f958e832d794495	9cb5f03ca258307550eb131447a9e9cee74c78aa265d42900fcd976b73eca8e9
23.5e	telekom-srbija	1_0_1_4F29_CA6_3_EB0000_0_0_0	b51403264692c00059d39f40c4283ac2c4dd37ce932a7dccc0c0ae7d3a464803	6595a3c477c54bb70dad155c6cf4494113635a6b01905cf5287bb55722963a35	417a5f949007adf7d1a2aee2abee0202230780275250439e490433deffda5754
23.5e	telekom-srbija	1_0_1_4F2A_CA6_3_EB0000_0_0_0	9500c8713e011e69dd6a476642a5627b631e3d03c7fcdc11f5bca3b20a35b49f	fddf6c63860b9b0b73821f3edf8d4dd1d4863c2ba71d67d6a106a33bdb40c9f3	aa42d26206cfbb7e2e5d9806b684e36afd1e8d79996d628b4f99db572681bbf8
23.5e	telekom-srbija	1_0_1_4F2B_CA6_3_EB0000_0_0_0	76eb70da77ecca4c89650e1fec9d0f8d2217d93668bf44a494bf78ebbc7257fa	14592aab5472bb26040feadeac28833a9b654064cc024c2c563ce311e48f1237	c9f034b305e3b6b2cf09f1afc6419c9c19f8adb20779f8e382e33a4376c9eb33
23.5e	telekom-srbija	1_0_1_4F2C_CA6_3_EB0000_0_0_0	754bb02102b6d1fd96ded85b70d49d2c967b5fbd3b7bcca0aa6634a791260ac6	0ec1e0a4e8229f225b0d02db879492ecd19ab959075d6df49739e0cfcccc1a1e	0d28cb7a0e1bab324870c332a36505f957033c58aabda66721e1d9d532aaa9e2
23.5e	telekom-srbija	1_0_1_4F2D_CA6_3_EB0000_0_0_0	c45d07d9cc4a217a5d1daa4398b627df6f3e61158754c80afd07e84b6af51c7d	f93ba97d989350f4859deebcd436aec3d0c5783f79448dc0b8ae4de7265755b1	0537db86514768255d428400831201dc86d3fdb7885335c408b313cd1146e90d
23.5e	telekom-srbija	1_0_1_4F2E_CA6_3_EB0000_0_0_0	3819286fde01f8984ddd2199fa5ab58595c8087741214f86dc5be82444bcc9b7	1f4d89344cf9b24cd6e41eeda324dab14c59de716c1680469adac0f4551d7c8e	e08beb7159a820302bdcaf086782876cd250518d62e7c5189edceac5d7723514
24.5w	tda	1_0_2_10_0_FFFF_D1B2FDA_0_0_0	a77fdbca03db4a0af90c95f83a5ee047e267965bce10df9d4114e671413d6a13	d39897339e6b47f9336f1718c548be0cf70fa59b478598fd53a45c06ad0c2346	0111a1127ac6327073f60a879b0a1feca44eea57cdcada9352832555923ce0db
24.5w	tda	1_0_2_11_0_FFFF_D1B2FDA_0_0_0	9d7b0f51c27d6a524052fec80b53ee9eba980d1afad73362966ee84ed58056e9	25620709d20bec8bbb21667f40cc38c3830eb7f431aac902f396a0a866e85f48	b67f97e140408fdaf05da1df4a7ab9579a4a0ed3c9fbe3df88c59281b3898fa3
24.5w	tda	1_0_2_12_0_FFFF_D1B2FDA_0_0_0	ae47fb56034dce9309a83eb8b96a4b6529eb0f1fc52097a717c1133094fcd2c6	63574c93192b4e5a3ddb8560e6c6db7c53cd1644677c0e0ad5dbbcc8182575a9	0d71397eae7716d152e1efe9ee5a96df60c0c88ee8a8140d1dd445f4581bf7de
24.5w	tda	1_0_2_13_0_FFFF_D1B2FDA_0_0_0	5a892639f0d36e6d6e705d7058e2be332c54997e1c18bcacf5ae2539091cee8a	9274d4171a19e2f5fc35df480ac8d944fb2716d1f7933f4ccae144108ed12bb1	689f992c9f6e9d87638137a37a862daba4dc9a5d5f3f42349fa98b18da91067c
24.5w	tda	1_0_2_14_0_FFFF_D1B2FDA_0_0_0	0f603928938fd8d5b7f0543532dc8b26be1525c33ed02a8445ddfcf787bb9187	2f20b8935fe9e57dff89206538a7898ead1a4f518b78a561fba04092b57bad1a	8ca8fcd7cef5fa60d48cdb891170a2ba2a406cb4fb042193e4f1f337fec69320
24.5w	tda	1_0_2_15_0_FFFF_D1B2FDA_0_0_0	fbe7852726621741aa8e68c698801e5df5599f3046346e2a5bac5288dca15f1b	77040388f5851ef9775db1880ee060026509f845d618d8eda0df50ee8ba8d1e9	2b9411b3281eaa0409671fc0f0e47befa7fbb6f43c58f3856e528f86e0fc8764
24.5w	tda	1_0_2_16_0_FFFF_D1B2FDA_0_0_0	d028faa893870a9cd783dba2d422dfbd6cdd26e1274f537cfc1b0ac60bbd218c	9d7d85a9ccb63185dcc9ad3bb071097aae824481d155ea045d9890120b729cde	b03d59ba295457ab15e91d37b43879013f7c7d0598ae60fd138e58f64bf0fb2c
24.5w	tda	1_0_2_17_0_FFFF_D1B2FDA_0_0_0	2e8aa2625496e68f8b511258829bffec6c4f0b0829c433dac33bf20ac3fafb69	31c192628fc2c3dc9bbe538d70ed61f56ea316601c7246e0151853c210d58062	3bd94509d0fe2f1ea64c0c87aeb82aeba98f82aefeeb41f1afb3ea3c6e6cfd82
24.5w	tda	1_0_2_18_0_FFFF_D1B2FDA_0_0_0	c34ad9f65b844d47ee74b610977594e155654e92f1502d0d2b3bc16a81d4b911	0947bdefb30990470d62ed527f86e3b9b7d3c67b3a2e8ff45c799db698cade3d	bbbc11b1511c78c6fa29a8a9334a1f7520b47713284ebcb514b4ca4b930005c6
24.5w	tda	1_0_2_19_0_FFFF_D1B2FDA_0_0_0	81fb4a29a5055db5228585bbcd44e7a277ab0c8fe1d851f66c01bbde00135c04	3d27935e61b025f3e0627622796bae233a94e87bd9702c87d7c698363fe981c3	30e2b056766300a42b5b87697717f124c0ffb811d62f4e31e9e73d3d21847115
24.5w	tda	1_0_2_1A_0_FFFF_D1B2FDA_0_0_0	ad31488b38015b103ca883b4381fe7c59b77c7620e69e5d1f35cc82f455f4d4c	cfd5ee3c25da788da3f6ef9e6a8beb23dce17daceb75391c694fe2324a29995d	7e2bdd5694879131e577d54f21212fd1215c262a1340cc352a494c246e3abfca
24.5w	tda	1_0_2_1D_0_FFFF_D1B2FDA_0_0_0	00bd0d11eefe69437516f6dd437a1a90cdcfe90863a8881329c5a2dcfe6caaa7	cceb9f0385d13426d6cad516ddcb98c0ce713099cf665fb444cb0751986f418d	1814774de69d530f46c4553d3a4d2a99169bd33c479fef2dec3edc3566536efe
24.5w	tda	1_0_2_1E_0_FFFF_D1B2FDA_0_0_0	be37cc0788a9ccf670b140463302b9485a34768f8c59ed57ff0eb56d30e745e4	147650a4ae6b4ed1012c4d82a00c364e180ac3009243250a9bb27c33b17e5875	0de5215793b9c0512824f14edaa38f1c82f40ffbde569047a781129e8d12c396
24.5w	tda	1_0_2_1F_0_FFFF_D1B2FDA_0_0_0	67cd4396e7b7fd68fb1f7053e3a2c13886c9e25c2a08f8975d71f43a507905fc	bd938bed32b32268d274eebb340b0bc926addb0a7b1d8c5eb1c3afff677eb301	05cb66c0fae6c2b89c953b3b75120d93f4db269065694f9ad37f70ca75b53718
24.5w	tda	1_0_2_20_0_FFFF_D1B2FDA_0_0_0	428a305ecfe11cb5ac2843c779049266a1b04516f72253f4eb4870eebaaf7ed8	569cb0373e3debe55050cc1882c173a566e2876260f8c0039b42769062455e4e	7678d7531b7fc317ffcbf72c5a6d81b5fefe250fe8281f9440e3e30c8c2c32ad
24.5w	tda	1_0_2_21_0_FFFF_D1B2FDA_0_0_0	daeafbb33cd3ce70d3d1bd0481c9a6e755be64f68caa5ae94bd322ba9ae1a9e3	9ba0ac1a73d5b1c635adf8f5eb6560230ef26af4be65a37bcc3761c61e86088a	f4f7acf3a77e46b6f8a931b8d08d055a35b159f371b0133b628dac647f52f14a
24.5w	tda	1_0_2_22_0_FFFF_D1B2FDA_0_0_0	7d915b837a3b29057995ab838fbbd0c706f5f7462af9ff812e40532804073c5d	a81e4e214aa841cf1299ff381e25d6f97f697706b0abf48d0059e0c5f31c1041	e24b6fc80b056447b0031e0aaedb19be9dfdc6b9ac48f6dbc9b2e75bddd86193
24.5w	tda	1_0_2_23_0_FFFF_D1B2FDA_0_0_0	394507fc7e5a546e3c58a4b0ff1e0585f9d2441894a57cd79ada3df13ffffcd3	7936b0b6c027bf4c3b6009b53868413b08868bdc4f362c44f0c2daec73497376	bab80d31c69b172306dce21cf37e45a3a30af34d051960c089e40d425248e18b
24.5w	tda	1_0_2_24_0_FFFF_D1B2FDA_0_0_0	c810b99bfe1f0b87f026bee2b969c674b470b4908dd1eff3c56eb431daa70ece	2f92ac1d9945b231927428a823568b67ee7b22cfe54efbe45a5e405f0de0b9b2	dd5555507f15b4a8dbde4585d928e765d8dec07b251b36d2b0c4301af95f8efd
24.5w	tda	1_0_2_25_0_FFFF_D1B2FDA_0_0_0	a63158161dda302d2964767d7b5b8ddc18d5f46c484f2c4932f22302c1e0af77	4417a680d2264d3a98c9d40c51c5af805721cfcbb29de502531bf21a9c0d97cd	a1578117a3b35054dbe5b774ee04bc30b1620c73ff746b6787c409c6a2d4bbd7
24.5w	tda	1_0_2_26_0_FFFF_D1B2FDA_0_0_0	0f8b2a3f048d5b9e5cf502d056747a26135ab076bc5bf5a45dac8b67a62d6c0a	f51a7aa448c15780c6cd88d66a0e754c5c825ce90d741ff218f0f1989899b340	2bd44d285b48bc174b2cf6050a213987ac42dce466c7b47bb8f38e9e6b4a85cd
24.5w	tda	1_0_2_27_0_FFFF_D1B2FDA_0_0_0	f19113e42f4684c3280113e6f73015bb374d3014c1f86a5552eac150c92d930f	5c5381f4a44cbe13aab228aaffa74082ca56e1c39e18c2a730d00b59d4838486	07f1ad0d208bab0276e0a6d6335c745a52cad99fc28180dffc630835a8e3a713
24.5w	tda	1_0_2_28_0_FFFF_D1B2FDA_0_0_0	4579e0deca875c6491310652d7a3000ea398548f1cd583e9bc96aae677855c5f	dd5154391f067f5f2a840b50fcf2ba01fe49b4ff1a6b2d4050668969063b6ca8	6f4a0b3ff672a106ab6a538e77d87d5c4c82702fca55ed627c514aa4050b8197
24.5w	tda	1_0_2_296_0_FFFF_D1B2FDA_0_0_0	4c3a8e78672c822a3687a717c66cbaa5e94fe4f25db864adbe00de63e053323c	c53e7d200adb80ae2befc73c6962a36b457ed2aebca9b1f49936ad3307a07b36	0b215eb31b34f549a346ee59ebbf29e32aa15b69f1d2b4c1094a8096f3a4ab67
24.5w	tda	1_0_2_298_0_FFFF_D1B2FDA_0_0_0	164f7e901bb15332316a4b555e37b5739ff4b73276dac2b58e18fae14e5904b1	3702afc156166173b3d28c3cb57e779c9a0c3971624bc5ece98c0c75cc9e203d	8ad05902568398cb1ab164de998970c92a30318f17fa4cf25264ddc62e376166
24.5w	tda	1_0_2_299_0_FFFF_D1B2FDA_0_0_0	3266a2a82520ae6061540f64d9889c715517fdf6686ac0028be050f1fa680102	1f0f4e7eafd347d2487d26b82026750f40b624978409f84b65e01a518ff05922	af0ae10535e5ae02730ac5bab59c52af5813ce886287306db7269c7a28a54e3d
24.5w	tda	1_0_2_29_0_FFFF_D1B2FDA_0_0_0	ccd1320e0e11397c3a3b72b03e75264ad716036c1b1ea9bf15ee52f579f02276	07609d81840e7314221d8b98e3b05a932eb7bc38f7d5492020d1709d08417c41	be1476173058198918f5032a564babcf958692d8849d8c5cecdd95a7d28ba338
24.5w	tda	1_0_2_2A_0_FFFF_D1B2FDA_0_0_0	4db31b58408c5ed912bf70b6a1fc746530db06b83d9f88772a778e26669295bf	f309a6f8c8978eef11c2fab45681acbffb00ad09ffae434c997041653514ba32	7b92052d99621bd9dc180b4c08dbb79ff910d4e10079c55630161de0cf5ef7be
24.5w	tda	1_0_2_2B_0_FFFF_D1B2FDA_0_0_0	9fe43a519634492e277c2e58e665733a7d11386cb1149d171c9dc6b9b4fab487	878230e1ae1ea77405092a15cfda4bd8dee31c9bdab4144719bf86254f93c955	1495e53f23af7eab474909fda3965df8e4d4c9f2bf98e6ac8a044535d1c90340
24.5w	tda	1_0_2_2C_0_FFFF_D1B2FDA_0_0_0	d4aa46edccb110e2dddd06f19eb57526c9b7afeef0c952610898bbc2bc519782	230eb948083746e60305b8e4093ea7140595bf293e97666c273a191386da8a77	8bdbfbd8a2144d167093f77d7336d92f1e9da13acf03f69bfeb4e880f9d633b8
24.5w	tda	1_0_2_2D_0_FFFF_D1B2FDA_0_0_0	f39677391fea93165440461059a78ec95c950ced2c37314d17e97b60d4e66042	06fe3d93fdbe22d8da4d11a1c8e89915e15a7a1e214f740c90bec78925f3856d	c2468bbecab6a8a3f0da75cb0def8f7a2d322167fa427233bb859f2b0d16fbc4
24.5w	tda	1_0_2_2E_0_FFFF_D1B2FDA_0_0_0	e2c21bc52af71bb145a9a45e90ef12d6b8f77036118d7ec9b50c5124f54251c5	ba6c499e0f2580a79c2bfdb936cc41168123b230ed86687c603d5ff3f091debf	f00d9786296004a9f03b5106114286271e9ad7defb80a9159441f15b9b9636a0
24.5w	tda	1_0_2_2F_0_FFFF_D1B2FDA_0_0_0	6acee400d351c104b637a7545f8f61394aac614cd84e96905d98ca585a03af2d	adb5cc0e99303a0725d2e6c379b7b88ba91f850cb0a4c045e66befbdfb452eb4	3f118b9464945746f6ebe6035e0e046c69420e4ea814157356babe3997c046d6
24.5w	tda	1_0_2_30_0_FFFF_D1B2FDA_0_0_0	59527c04cfbef7b7a69d5deb75b36db4f69b89c6a9ab287a5eff84ef8c6ab01e	7d85de0c86476b207e2e3871cb53f8ca323e1df629e52e3bd2163d374d4ef64c	b2d7c4a0ee0dbee76d4a701407c57587c0f6fff87aaef900526f6e7c0f18524f
24.5w	tda	1_0_2_31_0_FFFF_D1B2FDA_0_0_0	517b052534ef6b5190494216203279c64f93556415af60d1c145bdea01208bb5	ac2fbcc08c2acbe0f79cd848e008546637f50644dc18faa5c0149576a2c24ca4	e209d0172beecaf5741891b4597e9c3e333a3ce322848ee4cc3a6a2b96173b76
24.5w	tda	1_0_2_32_0_FFFF_D1B2FDA_0_0_0	2fcc0dd133c6f1def0ceaefa41d064b9a486af1587a1cbf5ec96bad833f73588	9544d7138f6159b34abcd37a5219d57a7a0386259987578ba3cfa533d29ef40b	57164ebf53533d8c8122637a0fd23d70b95006e07ae0f36a758caf66b9590424
24.5w	tda	1_0_2_33_0_FFFF_D1B2FDA_0_0_0	a69c26b3d270b89fbd77f0e44e2f7830de51ca8f249dc98e857007275489b9eb	3a608daf6541bfe09559937524261497d3eb9aa534711f2e4b491ae326294f47	6dcff6cf1ea896b41dce25821c611358cc62bd94b765765d90828657c6202603
24.5w	tda	1_0_2_34_0_FFFF_D1B2FDA_0_0_0	316ef9e2e10c8fbb63441962226f8ae76a06662d78ab5e311f5611cc005f525e	4f985fa790473623502c44c41b21f29e3e03f2212d9ec507f7259a8ce1eebd62	f6993284435ef5702d8211683366c5acc70c9701425ea9e80b91764cc0766a27
24.5w	tda	1_0_2_35_0_FFFF_D1B2FDA_0_0_0	24115f642ffc673be738b656ee82077d93e8769b6d6a31df9d2cef059521bce3	8e3895677d0fe9db31d2f46951654807048ef7d0fca260e3421b941f7af7e4d9	5e1432df505fc3dbc66a5132e3f0f70c0bb06ea137a1925e8e515cc20e5fcc16
24.5w	tda	1_0_2_36_0_FFFF_D1B2FDA_0_0_0	c05d9f0503ee6f1d7b55c6f2b3db6c4e05f375b186392be561dbdcd52ecb089b	30e9eb4ced7ede4b05f56ef85a635effc66bc976db06bdb31355227580c597c1	43eefce599e7677fc8b6e74368b51adb7aa5a12d8fb835da7056de15e7ce8954
24.5w	tda	1_0_2_37_0_FFFF_D1B2FDA_0_0_0	fb698d245de67507be0e3540322bde002d9327ff4bb9867f4667c8f76b689135	fdf61374bdeb903fb30cf7c3eaaa3fb7d73afe734d55d9bdc852386b63df369e	faca1697e5c6efef1f2e6ee45847fab0d5a4a3ebfb4f2e34a660a7f13ca1368b
24.5w	tda	1_0_2_38_0_FFFF_D1B2FDA_0_0_0	b0abd0c704f734e12b444a1fd347be0c4f46855ff58e41d14d707aca9d3b716f	7f7d3fe87583b2273c74911750dd35e7e5be9356bb28a4bc363d9928a39ac2cd	6a7c9749fb9ef523ea17bd11ef44292bd834575a2548e4353e8cf577f007c50b
24.5w	tda	1_0_2_39_0_FFFF_D1B2FDA_0_0_0	7fa1aae5cb919f48f9e49d39a47c556bb537cce8ea98076567ee6ebad2384e9a	e5666cc3945db0be3790a2b92988b066ad6f5cde53eb861c99481ccb638c8bc9	e3b8f2e6f752de6f3fe1585c6eea8dc9df5f01022b2d9fc0b903c012025f52bb
24.5w	tda	1_0_2_3A_0_FFFF_D1B2FDA_0_0_0	d4aa46edccb110e2dddd06f19eb57526c9b7afeef0c952610898bbc2bc519782	230eb948083746e60305b8e4093ea7140595bf293e97666c273a191386da8a77	8bdbfbd8a2144d167093f77d7336d92f1e9da13acf03f69bfeb4e880f9d633b8
24.5w	tda	1_0_2_3B_0_FFFF_D1B2FDA_0_0_0	9270f57c41557d5b806c29d78d2f755a610ea32bf2d48fc7027bc9b9d650379f	b648d1d7133736798ac8ab6d7d8bdfd2ffe50ed72608b150887ffec04b5f316f	7fff9b75ed2cb2a572b9b87799c9a131f18fe0bcf46680b13b4a986973d4da76
24.5w	tda	1_0_2_3C_0_FFFF_D1B2FDA_0_0_0	94f8362881fb07451fa7408f82e3fca75975249258367ac29bb67d4cfd73801b	aa202eecd59dca2db3638dd2b432d69afeabe6b8ebbf0f3ae80407e024fe4bc1	474bf6c8cf136532126f10dd0ea4e120287abedcdbb71adbb58e6f8412e0b39d
24.5w	tda	1_0_2_3D_0_FFFF_D1B2FDA_0_0_0	c7c9e466653e79ad95a523e8629304868fafcd5177eb608129d4d10a90d5b9f7	b4593cd4ff72b894743f3de8c87d12d9848aa3dc0a905de01689e733162cdae3	df88aefad65d18b0c317ed1f50a18c1185c6b4e59f88ca4f8bee19d72ae8cb1d
24.5w	tda	1_0_2_3F_0_FFFF_D1B2FDA_0_0_0	72e912e8d41bb4fc1e615aa8f76f151e7c66bd46555162a41a079adb91ba2f6a	0660b73afd78dbba2e17ef3f598a9d8c5d63e0005cb494ccb6eddeff3e732c6c	bdea03e5d4f9ceecc71851034205df92e9b7066f145b0265d6b9611c772844af
24.5w	tda	1_0_2_6_0_FFFF_D1B2FDA_0_0_0	10f146c5140afea85adafc0c7965547f3ded6b1187aed3290a282f78f5e590fa	c96c07295adb02614de4bb463894f3c894566e67b2c4b5620ac8508ea0d1657f	f3d4f4d94bcf1858ba58009ef2ccebac70f18116b94689e364eee281f97f2286
24.5w	tda	1_0_2_7_0_FFFF_D1B2FDA_0_0_0	81fb4a29a5055db5228585bbcd44e7a277ab0c8fe1d851f66c01bbde00135c04	3d27935e61b025f3e0627622796bae233a94e87bd9702c87d7c698363fe981c3	7a4a24144e9e75c2565023f4e3d2ab41fcbf3561c4d1a3952c7ef8fa67c05c1f
24.5w	tda	1_0_2_8_0_FFFF_D1B2FDA_0_0_0	c7c9e466653e79ad95a523e8629304868fafcd5177eb608129d4d10a90d5b9f7	b4593cd4ff72b894743f3de8c87d12d9848aa3dc0a905de01689e733162cdae3	df88aefad65d18b0c317ed1f50a18c1185c6b4e59f88ca4f8bee19d72ae8cb1d
24.5w	tda	1_0_2_9_0_FFFF_D1B2FDA_0_0_0	9a0ae9b588fe8c742a14a56e2fabedbf810b5c3d265e8d54a8d72dacaf976537	c275ecb337a6f481c143d2554b6f7f4868c72b0dca59b6403fb6b590f3a2ae84	a204ad07547be2c71f41ea295cc957003b56536ca828bc1418d7f079a60a8168
24.5w	tda	1_0_2_A_0_FFFF_D1B2FDA_0_0_0	459117a4a13774e0d9f633cd92a5a6c6c05d374813ee7435c3b37357868e5d11	9d4fae5cc868ac0cfaf4a2046888be8cbee96a8c51f35cd950c13f490678725b	8168f5030e172db7e80fcbf8a6ea716b63a797ff83a0d5a8875b43f025ee180f
24.5w	tda	1_0_2_B_0_FFFF_D1B2FDA_0_0_0	8765733b2e1f4a2123139a0fc6ae4ec7b4610dadd6df500436b9823b6061c140	dc4ebc24a6bb48395f9ce1e804193810988217292c954477aa724c79d9735806	a1f9d6b68aabf91db3da9be90f5a47a8a5b26a971d40752ed88ac8ea56ab11e5
24.5w	tda	1_0_2_C_0_FFFF_D1B2FDA_0_0_0	400b791baff6abc2d829924547d5c14b318cf3653215ff59f29d813c53ce7ecf	a772240af316341855cc749a2594772dd6760c6b3997fb18fd6b6add0d129e80	926065740c045ced734ffd259545adbf5e03e3bd737731c034a38a4cf98d0cf9
24.5w	tda	1_0_2_D_0_FFFF_D1B2FDA_0_0_0	1e67e91c50c974610ceadc6ca24134ac9fe4efbd7a47003c9bebe9720840b92b	4e0a112633a2a71abf2ab2939d061cb5f9921e55f302a963571914c55db247be	2423541d027eb4ef23b16cf014264632c06c8dbeea97050f9651882864864c02
24.5w	tda	1_0_2_E_0_FFFF_D1B2FDA_0_0_0	4fdfa399dc38e1b728a44ac227dce71a8fe3ca8edbf70d39d32c1ce3b5ee0b8a	4f54d896c8726ce618ce41911adba51fbd78f0b9c08e049169eb501b03e7d68f	b787c1a423c3b751ee8c7d532257faefdaaf68ca0dfcf862bcc3dd5bdbf3eab0
24.5w	tda	1_0_2_F_0_FFFF_D1B2FDA_0_0_0	93c4e33463314a7e0f9fc06cf4a747d6d9d6048797895900d417d8f0d5ad3dc0	454aefdac2b23231b0ff67d9c8aadeb4350deeebf19f3c14ae25413fe32764d2	011addf4cbf0f0ccbbaa1e02fa9e7b405aa44b4c3a6dcca31ecbd879362aca1a
26.0e	al-jazeera	1_0_1_290A_41A_E0_1040000_0_0_0	32c2b630a62410088e10f7102bc3a0f50479b0dce07ebc0f007fea24d4ea3a93	0d708152cc1b0b5cebc17a2199c5d33035994cbac03b0a13c7c649f8738f4189	7e4aa4e9874711225a2f9c5446f43e9003d5023682eea2e08edd2dc271d1b085
26.0e	globecast	1_0_1_12D_1FE_2BE_1040000_0_0_0	ff2158e2e17ea8fc72f06df76cbc2e2241e8d5b3d197fe9a97c2edf6d8663b01	25d4508e8f0f043c5096da4b4313d94601986b0ff9df62d07a4d6bfe3b98716c	7e26151f41b6484909f4c18d8bf3570b0265284ede05f8aa75b466e7e78026bd
26.0e	henmax	1_0_1_2CB_2025_2BE_1040000_0_0_0	471761823ec071d2c7eb897abe83e7bb31decc7f86170be95edcae97b5f288bc	132a120641a5a2f8397a33e87c07dd6fac0143e6ef265e8d5e23296d1e9e8186	f70f1b2e65e2d4b136209df828a9b0e531dc66ec62d63ee3d7f698df13b36b66
26.0e	henmax	1_0_1_2CC_2025_2BE_1040000_0_0_0	0c7cf90314651d3223a6ab68095621211dd9892d8999c044bd4d509c1c489598	3c4586b3fd5c15eaaf35508c3e4a1890ac92a47d7fd34c2f22e27db0bb7456c2	e81505cbfa4f4bfc8244e518654e6b4942e5575fb341cf5552424b396f403539
26.0e	henmax	1_0_1_2CD_2025_2BE_1040000_0_0_0	6cee45e110a76ef747a7f91341c0b7ed6088bd4c5ee321e1520780a79807abba	657300234e93fa3e6363097fc356e4d39e659e6c33e39c0447b4f92af981589c	dccc35e502e4e4ccb86feae37f2c7b47b65d39f6f35e70e04497bf7efa03c4ca
26.0e	henmax	1_0_1_2CE_2025_2BE_1040000_0_0_0	9fc199ea8d67d77953f2ea9e7a2526a74757913220a9634d32e1a0f1c3006131	46b21a8055272c412d367d7f4755ac69bc100e6f0dbc58f80bd84fb183685d31	3df281998436217cb28a349accea14052a32b5ddb3cf3c48b1a44fe28e37a886
26.0e	henmax	1_0_1_2CF_2025_2BE_1040000_0_0_0	4d5932dc24a77086bb478a36e47095a8ea728507a500811fefd6d1d208b31c69	29db9efe8b6ab2035cd9d7e317c91d865838945d08cc5c4f747499b5b615ee7b	e053b143a29dd8839d02fb41df84d78b4beac2181ebd83b2523a36e7b4b0c0a9
26.0e	henmax	1_0_1_2D3_2025_2BE_1040000_0_0_0	24852cd6c86c55eab439b717020f3b7001ecece8330084f1781897f6658e9096	1635d92ed6c98ff76613d4f754cb66934b19c3a2072f7a2b1b73c10b28b2cdda	e52d06eb4e2dccdc3ebe89b7be58000072838667768b78ccf57fc6f681fca418
26.0e	henmax	1_0_1_2D6_2025_2BE_1040000_0_0_0	7fe715a6dbfec435e3745a7457535fc3299c5aa8f25667498de12a3e6f54d961	542d88a9dcd14c85799f39bd96f5238bbe2c7e34687a8062c424ce81063e1626	3092b6f007d27aabef49df2dbe65855a542e73b4d959c37dce1285cf465caa32
26.0e	henmax	1_0_1_2DE_2025_2BE_1040000_0_0_0	2e955b99a5d13c35c5d7c7e943f2380d87755fc928710acd38bc8bb3b8b63c11	1a4e0b98f372e9d86b6b39bba312871ba9d9e6f347ef1d6dd34fd7ceda96a766	2869dcc3f95d2364ef1856b76db156b4b12957fc7b5cba3506281d91940284f4
26.0e	henmax	1_0_1_2E1_2025_2BE_1040000_0_0_0	fb6bee779ff39304a380d96412e26f1374f5cd1319037d9259834b02c5805596	6995e8a8ab6970417444fc97cb9b07cff7046261bb3fa9b7793bd46ef4c82876	1e40b8b40b88b22f9d91b07411f85213a80e9324d38d73176a1b9d89a4bdde3b
26.0e	henmax	1_0_1_2E2_2025_2BE_1040000_0_0_0	6acbea0c28fcef621be10534a257c20665966d2a1e273eff29c95b20bf1dec37	9af745f2d9e5e77f8ca61a69c3d1c803d4a939dfa2a6c6bc3b990901a92d7996	6742e90064d0826030dc342c35fb075e99638d8ce8198eebea1540bdac7cf269
26.0e	henmax	1_0_1_2E3_2025_2BE_1040000_0_0_0	d772ad50a7a81db7487a3e2776ca8bf4fa34ae4756cd08a2cbf95b1394b347a6	d0001d995d5a20f83a72a7bad4f51940ca9b946c5fa6f9ff20adeb91a6ec662e	7095fe11c97baef07ab24b20a3f08bcfd8f21df611b54b53f0730cdef72be358
26.0e	henmax	1_0_1_2E4_2025_2BE_1040000_0_0_0	1a44db62d19909a4c5c06f2f55336a50365028b11f6cd667d8368c5c161c4f39	a81925e93583ad382f1fe6e4c7c0251988eddf4b9582bc39d79adcd156bb5c70	cc8db71120574f4131545cb6986154163867fbe3b05abd843b30630d65b0bb7b
26.0e	henmax	1_0_1_2EF_2025_2BE_1040000_0_0_0	0c27afde9f2721d72b7b75ed1a3def109ce4bfdea5aaf4e20294563c8ed1744d	663341be04280247022b01ea793a03f10f11ddc5a37f3eb3b084f6bf05c7bb6c	f06b8c73d13c14cf75b5f7c2a81a102f835c3f5ce420665dbed6178b09dddb57
26.0e	jmc	1_0_1_15_1F6_2BE_1040000_0_0_0	489d5f17a310d0de0931eb72ef99ce05255a5c507fa2cc8a352190be3e50fd6b	7179be77721236cf0ed0d87fded89a852ece0cdde110559b243bf1bca24e0587	864fa93af6e80fc547b11e1fb9b7cbdda604ebda94fb6082192f7b59e1b1c672
26.0e	jmc	1_0_1_23A_1F6_2BE_1040000_0_0_0	17486b0cc8678d0f2dde5be9b480faa8d4e3432589286e4c697cce4993356f4f	fbbab14220d94c77cb8f5f55b15f0130714d032bcc0c93fecad3d2e6366f51e4	76034c22d7844094c5c9d5f9fefa3293934858fd87c883b33eb4bdb73977c966
26.0e	jmc	1_0_1_2_12D_2BE_1040000_0_0_0	207a6ceb6ea9d8c095180bd9de0fc94bf9269fca9d8cc8f049effd34e7177599	47281f12e342b44b296e077e464e1f767a213e093b25a3b81766a2c9e0cdd8c2	6fe55e47f47d7692503b955a328d8ff2d9d6580f0e4103e1f7923a26167a8445
26.0e	jmc	1_0_1_6A7_12D_2BE_1040000_0_0_0	f2f725bba2b0f751a24e8ed415f11ac4f93652302a18779d2b99f3a253af479d	bf22990133a3758935b0ed5aa6a31af86bf6651a5969142b3043af0ad3d1829b	43e350dcbef97a7ef2f95ed7e997db3ae1286417858764f1dc5135707bda246a
26.0e	jmc	1_0_1_70E_1FA_2BE_1040000_0_0_0	e441e4e7138c10c59fe13ca83b7a308b5ab3454418a8f31dfcdbbfdbae9ed139	7ce9a82aad8c00686f642c0b063cfc7f57ca978d07a255a5f0df5b2b62895486	02d1294a35bf51ed563c7504a0a4f0534e30765f39ad1415515c87b0e450e734
26.0e	jmc	1_0_1_7_1F6_2BE_1040000_0_0_0	fcd8df9bc6a3c6abdd6ed88abeaed2d94218f5be78f476f47538d474a4c5397a	d8a7901acc79f7fea1e7101249904c60170e709e63e868c86dce8e60e915d459	8aba975bf02a02d3ca14b76a5e50ae45f159180944dffbf4887a857668b8cdbf
26.0e	jmc	1_0_2_107_12D_2BE_1040000_0_0_0	00512e59437a7a9d5bfcc852485d2a8863c5ff9fed4c6b0d7321600b0b8a6214	1954f570a4eb6dd2530ccea1daa851234bffb1980faf5d3f1ce605ce164482ad	61aeb624b65a2f0dda490ee8530b456f4834ba37e17cc520250258b021387116
26.0e	jmc	1_0_2_4_12D_2BE_1040000_0_0_0	501969accbc628789605ba8178c64b3a4a7dd0e5ffd93e6c4ff29ec035e681de	1cd771623fa8894ad64b5304f90df668cc512cfa18e63bc83c6ce3174827f219	0efb9fb445171ffe8ad70f1bd94f05e1a5e95029afb84c9255160fccffbb9044
26.0e	mbc	1_0_1_B_1BC0_2BE_1040000_0_0_0	4d070a087d524b3b69b866e446339f4353cf7edc1abf8807e075241644145e32	f0d179bf85b1318220c0588df86fb68ac27d62ea8144f91d065709206268a42b	f46bb5b61bc0e35ba890748cff9a3f2bdaf545c5b7e35fce3e971d704eaa8b83
26.0e	qmc	1_0_1_3_2_1_104AA12_0_0_0	febf911bc1e22faf25cc48735d960b41cfcf1727f9d75cf19d2a6ef7bd5b4e9c	d8dfea0f573c2664e3a03b182440f18121b221b3df0bad81f697b53a1e974f78	a91365debd8e55d3fd3da5b68f0922fc0d0729b50126b0de6b2e09e09ac0a72f
26.0e	qmc	1_0_1_5_2_1_104AA12_0_0_0	909d9f9aab7ed6e2cd310430011980c2f78502de1fb93e7176203ed299057b9c	53a06eea5d88e36fd2d232b77bcaa402ca03479b6fd9bf41d67a6f11b272c460	f3b8357876c188ac3c84b1d3e98ba5c971b590035c8cbc95b3d3359f95077013
26.0e	qmc	1_0_1_5_3_1_1040000_0_0_0	909d9f9aab7ed6e2cd310430011980c2f78502de1fb93e7176203ed299057b9c	53a06eea5d88e36fd2d232b77bcaa402ca03479b6fd9bf41d67a6f11b272c460	f3b8357876c188ac3c84b1d3e98ba5c971b590035c8cbc95b3d3359f95077013
26.0e	qmc	1_0_1_6_2_1_104AA12_0_0_0	909d9f9aab7ed6e2cd310430011980c2f78502de1fb93e7176203ed299057b9c	53a06eea5d88e36fd2d232b77bcaa402ca03479b6fd9bf41d67a6f11b272c460	f3b8357876c188ac3c84b1d3e98ba5c971b590035c8cbc95b3d3359f95077013
26.0e	qmc	1_0_1_6_3_1_1040000_0_0_0	909d9f9aab7ed6e2cd310430011980c2f78502de1fb93e7176203ed299057b9c	53a06eea5d88e36fd2d232b77bcaa402ca03479b6fd9bf41d67a6f11b272c460	f3b8357876c188ac3c84b1d3e98ba5c971b590035c8cbc95b3d3359f95077013
26.0e	qmc	1_0_2_19_2_1_104AA12_0_0_0	c5ef3071a91d8127ef748e603d8df6ed27645f293a35e837ad248e8284db77bc	af37890e409be64e8023ba05817f1fb7ae193befb22fb844671c5a112724b23a	bd6be9d67884221a4ad87b8353b415e225f08ce03efe443959e1e0cf2ecbf57f
39.0e	dolce	1_0_1_110_D_1C_1860000_0_0_0	b74e3a4262a450c4f398e07bbf98d409ddd71895f744108d2f5a7063fcd5ba88	dbf5b3c9cf3bf9c10afdc8b53f66b02a02e8c0db86a75fca04a4b14cb020930a	3a195d0eec10184555bb741622971958616edb4d9e5ee333c37b1ac6141340ff
39.0e	dolce	1_0_1_131_10_1C_1860000_0_0_0	1ab84e04c570721f9b0c9aed04bfee224fa5319a313fa0fa2e869fac90926cfa	feb913c32aad544e231bd9efcf03f044c29081fe05d2efad48c4ce859206096d	f2689d470429d243202956377ea4eb185de5a3a99d3fb17463335f26d7252f49
39.0e	dolce	1_0_1_138_D_1C_1860000_0_0_0	28315844ec7225d307e3cc2cad41a9e614f0c05c6f3f89dd716d4544ab9e0a64	8f5ab9d73f045e0212faaf8368db5139a20c7f3dbb59404cdb6f074013845bb6	7832a4363307ee58494096640d59e6d51c2b7d376cfada14de4073eb0c0878e9
39.0e	dolce	1_0_1_148_11_1C_1860000_0_0_0	106de07184b426385e31f8658c96b47af7674c894aef33c6ff647e023744e156	37065c05559f800fc395e58e5e33aeb82e5a982ccf958a7e234b777fbf846847	b1b8c982c0377ac956dfd13baa4e79ad8ff73acbf006d39df35c9de73f081ecd
39.0e	dolce	1_0_1_19F_11_1C_1860000_0_0_0	6a7e45c2eb5cec1c8bc76ff573ad9f796f901f5805e811684cbc8ff6fc9f04ce	8707978d06cdecd546b1830b6afbd8a64b2becb724b33fb3eac6545ac63e0b9a	03b8ace463ccbbbc0a78cf48f0751e3ea70befd545fdaa408147c5c9d0f1ca03
39.0e	dolce	1_0_1_1C7_11_1C_1860000_0_0_0	42da712b8005f6f7a51a9e1db5873057c65d71cd369e55ec1d0e4a8d3b5ace5c	4dbafbbd153eb58899ef4424b8604f3fb3add3b8bfe3f9d49ff49dcfef7d8806	fecc65407b000f3b0be09c7b2e526804d5e5a130854531b37bd84a3dae5de920
39.0e	dolce	1_0_1_201_10_1C_1860000_0_0_0	2f60b2f87ddd28ebd32020d6cb0bb3353f98845557c125e12656ec8496edb4be	d89e1fb9c1dd7dcb72c81444070bd6b287686ac00a67ce5938f8fb16e75331a3	490e3bf604bcf72cffb3be2b083d1ff835364df7671131ddf872f87fe4e670fe
39.0e	dolce	1_0_1_20F_11_1C_1860000_0_0_0	6e5c9a773c68f82c94f1011211f76f33d8959f5445392c85452022f347c05ca1	bad8ce11da1cd02f2ca6ce814c0dd15e83ebd42bcb324551a89281eef0d8c963	4f4a3add9a2f7b5582e50dbe934c9d63b260b56e8291bada2bea9c01e9772553
39.0e	dolce	1_0_1_2D0_D_1C_1860000_0_0_0	bff9dbdb0a85ce12023f29a2a659eff28deb66e01f407f22d7c37ada18992690	49bc4242c16d276af10aa9c031720c85c505bda5c9d950b0244e30a1c16f7687	3eeb3fd82a51ef1bba3211d5fa92ae34623493c0f44d07dd24ba1ff4497eb30c
39.0e	dolce	1_0_1_68_D_1C_1860000_0_0_0	3a1234c3aa341724c7c78b769aff5fb3e4ff083b017d9d787464ed11c56d7703	a94ff7d551d246dfba4c750fedcc9e81b4d460d853e5ec3d0171f708011deac6	8a152dc50bf1e5fbf6c80db322fc79e978d81c65206d6661dbb6bf1f158a0ad9
39.0e	dolce	1_0_1_6B_10_1C_1860000_0_0_0	334d222bebe7340e16a9aa2f54a76c9901e811b2e797fee934872119d40cc0a4	f5c5b595a8cabe5c7d3c82b6658ed215bb09ee34d0f6774d9bedf492fdd2e211	ceb86f205abd4dac48b862d76b4cae82696208b6b776df25de6155e5386101af
39.0e	dolce	1_0_1_74_10_1C_1860000_0_0_0	d8a8cdab6ba21cd6c6719b436796c94d3acab2ebfefa8914b9841108c3720b71	baeda002d3790c0f0e83daf1d037a38c35f8016d9e005d41b545c057be5203b7	f0139eb5af2c0c6923de3e5b724cf55bfbb48a04ef0da78fa8a90cc42066176a
39.0e	dolce	1_0_1_7C_10_1C_1860000_0_0_0	54636850e7c1f14dd376318d9def88888d39dc2b1ad01ef1f811f1050a57415f	79b634de6388cdf220a11425dbcb31c5448fbf1a7d119641ecff4fc2e9b28c8b	951eb3fe2b9f0f7c3aef16167cb4c4a11cd6816c4a0ff219fe8a48622460767b
39.0e	dolce	1_0_1_7D_D_1C_1860000_0_0_0	5b3c0466d36b08d088fdb852a4b42573feb02ec91daa68888556f82c479131bc	dfa190dd09587d1fec1999a238b8f6a89de3040277de41acbbef0d7257502370	c6cb58229e60ebffe8ae31c8986322a61bfe17e4e7e210f4519398b2d82ee735
39.0e	dolce	1_0_1_8D_D_1C_1860000_0_0_0	0f89a3af22f698cf5453bf89ee65b608842b2dc98e35a9309e2430ce0704e50c	9650b7d2ebcd09a21b07d6b4660f1cada4aa92deb30989ad9fb15ccb63509de0	6791f9af2756dfa27d3d7e70c1bad7f16d5bab7cfd43433e06660ab3eb032dc6
39.0e	dolce	1_0_1_94_D_1C_1860000_0_0_0	79562d8e655e7e511c03bdd258d72b60d2161dbd037afa8eb5c1f1e9b75ab14f	d62a2fbe6d0f65776767bc43339fd60d7543339ac89fa5ee5d4bb2f406be4a9e	d81c8b760785c56e5a62e39209036379414b3b6092044b3e827d8da8130c59a4
39.0e	dolce	1_0_1_9D_10_1C_1860000_0_0_0	20e5830864f6a3f6a23a8b9d82a1f3d7495fc57547731e1349e93613a0af5eea	975b0f6a9de4e935f532b39fa5e3cdbbd150221e19bd70982456fd464e76b654	4b24fb5f2f59cb77e40c0919724cb23159962e343c6abdffea548b619bff7156
39.0e	dolce	1_0_1_A1_10_1C_1860000_0_0_0	d367a7015a8075e4e13f1719f6e4c789b9ff2863b8e734901e03ca95219d4486	f1e3200d18ac004592c8d153d8c382775b577be0e104cc289e277b89d596767e	9483b9c621c70f0c984da4e2016ee32f21ad0cf28e32994b493f054e9b9edde6
39.0e	dolce	1_0_1_A2_10_1C_1860000_0_0_0	ad7593f9cb013896894d10270c11fb03f334fd6773dfb563b6fb238c59c7cafa	2b8b1898516b3548a1534372eb533ea5bddfb5d570447895ec778d83198e2be7	3cf13f68118b3bc4164b9ad53e5bacb5ae665fe67285958636d6654bf47dd083
39.0e	dolce	1_0_1_BE_D_1C_1860000_0_0_0	5f903c3471dd6bf056dcdc6c83b407ec904746802cbff99dd7110bd5f45c16ae	0a447b35bdf02c1dd3ad1fc3b979856d3573cabd939b35d226afc32116a0a464	7d422ef82cf33f1e2e4a33b2e52dc14b4b3f9581f9391a19ded620a28c70a9b0
39.0e	dolce	1_0_1_C6_10_1C_1860000_0_0_0	0f230b7035db4ce494af0f7b9d13600a2cffcd9b33ae9dfc1d6374337139ceda	5cd2fef9e4137edb6f3228f38b4a43bdff27bc1ad00ccb14076d13cbee96e358	b5a80e47143d035ece8fe38eaef648f765f21cdd8107b5573dc5d873497ba4f8
39.0e	dolce	1_0_1_CC_10_1C_1860000_0_0_0	d18ecde94046cb9a475572f2791f15cfe4349b12c4578d9bab489581eb3e32e9	1231480fea9cd9d0d9d319d944da495d8cb46437dec3dc47ccd65473e4ef8c55	6fb712e78e3bd741c02e108eeeb5d3d5ee8dee9ddcb90ed15ccdf07d39c19c21
39.0e	dolce	1_0_1_D1_D_1C_1860000_0_0_0	c0d60e28c62d3097de2d1353631fdc42fdbbb2bbe63cba7e2192cede9182163f	d8058c0a5a3e309f3261984b6ffca5226333207f3a25baaaaefe63a09d7b2ac4	f83a71d46e5ed00a0913524f4429e12a1cf8f98478160d701578f792f2059574
39.0e	dolce	1_0_1_D3_11_1C_1860000_0_0_0	6031122630965254cb14b2033053b0b0dc54924eb206fcc06a08e8271e00d3fa	5166661c1bb8f91cf1b405e4893c2cb9e45840865550844a5e15650ff313b09e	33e44e45890c1d5f6f0e61b169655d889c0b05ca9b91337cc366261fc5b0bd0a
39.0e	dolce	1_0_1_D4_11_1C_1860000_0_0_0	50aa4a6f4fe86b5cfe6f217c3c2ffedf57c592cb9a4c1cfa9fc705668f7e0af1	f540913ec991fa8b8d20ada8ca2d2efe4b1a3aee939212ad0050f698ef8f5cfa	f3c559ec26d23ad3cc454985d81c20aa537f0e697ba80bc266562bf694c2cd64
39.0e	dolce	1_0_1_D6_10_1C_1860000_0_0_0	b27c56ca79052da91fef4446ef3e6c12b9f49425610f2aacc8655e217ba2b53e	97bda81727af095cc8f0c88ca25408f44788f5f3a209c53af9ab10f7fba952fe	6a053d2d2c8c885e2d3177101620a85a7ee75be5cd0e55699115c7afc661d216
39.0e	dolce	1_0_1_DF_10_1C_1860000_0_0_0	886256d01d6b547e3913766a1527231bdbae23ff6e928730ac04be0586aaf78e	95ac1f69705e30f168923a7bf682578fda5bf827481cef5b06f432dd75f3e973	de5df2c4c0f9661c22817a5ae26d0179c2c7ac05cc85f411dcbf9bc54be7cde5
39.0e	dolce	1_0_1_E0_10_1C_1860000_0_0_0	097235d73374c8493c3d89139bac9670669d9a61bfcd77e6ef0bdf40438a8e36	413639cb55414e7e6d7b1b134fb2d06220701c047a4361987eb9a7b305f2cc37	89be30c9a05ce94c613cabeb592542d452c714897d56b75adca4c5fe841ebe5a
39.0e	dolce	1_0_1_E7_11_1C_1860000_0_0_0	f1e3a783a000f415952c3b3e04938cfac22be011bc5f982520cf63c28ca5158e	d5bb4c7906d9b0459d3d71a008ae7b002905fdc5e0e5175dcd7ad6ce3628e2e7	4052f3d2e5ed7ecd008b4997ad445fc0f4f3d96f8b81b9f3f8951eee7c481f2e
39.0e	dolce	1_0_1_FC_D_1C_1860000_0_0_0	49f07c8f62a6b9fc3b3abf5f903719e1a1b9860865850553c7af5ec28cc63ffc	90496430247552e2cd793bba21ad864bdefec9b7a3f0d6d557ba7f1b3f5e7002	1bdfb44525311b1af2118e77b59b4900e0e56747e644dddf2da5365bdb99e387
4.8e	ebu-eurovision	1_0_1_1EFB_2E_55_300000_0_0_0	172626edd366034c50be51c0f7ce3ac5271bcd80dca31c84e81a28493118f3a5	c466b7368f967f839f586d3cbc2d325166a194acf73c41d72cc2e4bbd61aa287	8b1d78be7f94beea9fa69fd27e45b7d70e08289355d422906bea3f8ea5a465c4
4.8e	ebu-eurovision	1_0_1_1EFD_2E_55_300000_0_0_0	64df6e84e263ba7174e45044ae3c62cc6acbee16747ca6a3480160ae1808d76c	42c0d55e8efa67d7b5c326e344f68dcd3840256f0b574e90e60501f85b79ea6e	67b543a978218bd474952069ec59fd08ef074837138b1d6e55f76219251aa357
4.8e	ebu-eurovision	1_0_1_1F0E_2E_55_300000_0_0_0	6c1cad05bef2a0889daf8e0c7d4fc93aa4ff412989bc9c3fb91aa5066af4e18c	4238114f3468575b954b3c0a9d567a7508813728e226740fff920f83963191a0	5768148c94d2033ebb2edaa9a94febaad4e8765081617835db805e0247e1c027
42.0e	dogus	1_0_1_2A30_1_42E_1A40000_0_0_0	32c2b630a62410088e10f7102bc3a0f50479b0dce07ebc0f007fea24d4ea3a93	0d708152cc1b0b5cebc17a2199c5d33035994cbac03b0a13c7c649f8738f4189	7e4aa4e9874711225a2f9c5446f43e9003d5023682eea2e08edd2dc271d1b085
42.0e	dogus	1_0_1_2A31_1_42E_1A40000_0_0_0	32c2b630a62410088e10f7102bc3a0f50479b0dce07ebc0f007fea24d4ea3a93	0d708152cc1b0b5cebc17a2199c5d33035994cbac03b0a13c7c649f8738f4189	7e4aa4e9874711225a2f9c5446f43e9003d5023682eea2e08edd2dc271d1b085
42.0e	turksat	1_0_1_C581_EBF1_42E_1A40000_0_0_0	9d8f0b9cf022564e038dbc32b5de6a03569935c810e3ad7de9707352d35e2954	19576210f20a364d529c37f6b9013efce4b9f85f5081336179893f7fc5e6336a	a6a9e875339a9c66e6c652bef6dd4863b83042ddd070fc78bfdc1c9599f499e8
5.0w	canale-italia	1_0_1_2F9_107_217C_DDE0000_0_0_0	384ba7a4894de88e1b4b6e2135e2da2706a2c9980584f9e332437aadf4f305e2	fc568990a06508263b3f72b0baf56df3abb50ae063e3eb09478efe91efba2cbd	df147d0beba679cf43f420b4f068a1c1d542a4ee8b12e1d4b72891db395fddef
5.0w	canale-italia	1_0_1_2FA_107_217C_DDE0000_0_0_0	4c338c446edeca60a52d5d0ec1d80bb53cd54c5d4ec37f8a43ab859f26068d9c	cfd0a3453230efbfe19777708decea2191d4b87a29e5b55e47ab6fb1c4d0d200	51b9ad8cb1b0f5aad7ff4876ef44a8d59b58ddc70b30831eba12841af0fed3a0
5.0w	canale-italia	1_0_1_2FB_107_217C_DDE0000_0_0_0	bb8e1d887d35bdef609c3f7df22b4d2a50121c2c9084d9e575754ec770509a76	b621f669e33f3173af1c49ef17b5cd924ed1087c0a249d5b16d93b50f844a5b8	ff27188a78457d0c53d837b8b8dcb5a06f6f6630bc8f0097082f434466d70043
5.0w	canale-italia	1_0_1_2FC_107_217C_DDE0000_0_0_0	384ba7a4894de88e1b4b6e2135e2da2706a2c9980584f9e332437aadf4f305e2	fc568990a06508263b3f72b0baf56df3abb50ae063e3eb09478efe91efba2cbd	df147d0beba679cf43f420b4f068a1c1d542a4ee8b12e1d4b72891db395fddef
5.0w	canale-italia	1_0_1_2FD_107_217C_DDE0000_0_0_0	de5928e3318847ace28ba225653b328d0fb6b8a763dd7a3bcdb49bbf77116359	124fb179d234e05d52a9079fa8b6851567903172826e36ea9b6286f2c710ea23	ef4c933c65580f4e5076607c5513170ba5cdf554d1b58dfc75f7d481f5c621ed
5.0w	canale-italia	1_0_1_317_107_217C_DDE0000_0_0_0	384ba7a4894de88e1b4b6e2135e2da2706a2c9980584f9e332437aadf4f305e2	fc568990a06508263b3f72b0baf56df3abb50ae063e3eb09478efe91efba2cbd	df147d0beba679cf43f420b4f068a1c1d542a4ee8b12e1d4b72891db395fddef
5.0w	rai	1_0_1_64B_D5_217C_DDE0000_0_0_0	43a06caeebedabd2c3cfdd0944b87b47ac4145ed8b49fd640309ec6defdef619	03da93beacf5882eb0b34ea8cfad7598eb18b7f69460234a4434ab0e1e898232	c4dfc039008791a665e2ae6ce5b37288ce13d911a89eef29224f56ce8e5151b3
5.0w	rai	1_0_1_64C_D5_217C_DDE0000_0_0_0	43a06caeebedabd2c3cfdd0944b87b47ac4145ed8b49fd640309ec6defdef619	03da93beacf5882eb0b34ea8cfad7598eb18b7f69460234a4434ab0e1e898232	c4dfc039008791a665e2ae6ce5b37288ce13d911a89eef29224f56ce8e5151b3
5.0w	rai	1_0_1_64D_D5_217C_DDE0000_0_0_0	43a06caeebedabd2c3cfdd0944b87b47ac4145ed8b49fd640309ec6defdef619	03da93beacf5882eb0b34ea8cfad7598eb18b7f69460234a4434ab0e1e898232	c4dfc039008791a665e2ae6ce5b37288ce13d911a89eef29224f56ce8e5151b3
5.0w	rai	1_0_1_64E_D5_217C_DDE0000_0_0_0	43a06caeebedabd2c3cfdd0944b87b47ac4145ed8b49fd640309ec6defdef619	03da93beacf5882eb0b34ea8cfad7598eb18b7f69460234a4434ab0e1e898232	c4dfc039008791a665e2ae6ce5b37288ce13d911a89eef29224f56ce8e5151b3
5.0w	rai	1_0_1_64F_D5_217C_DDE0000_0_0_0	43a06caeebedabd2c3cfdd0944b87b47ac4145ed8b49fd640309ec6defdef619	03da93beacf5882eb0b34ea8cfad7598eb18b7f69460234a4434ab0e1e898232	c4dfc039008791a665e2ae6ce5b37288ce13d911a89eef29224f56ce8e5151b3
5.0w	rai	1_0_1_650_D5_217C_DDE0000_0_0_0	43a06caeebedabd2c3cfdd0944b87b47ac4145ed8b49fd640309ec6defdef619	03da93beacf5882eb0b34ea8cfad7598eb18b7f69460234a4434ab0e1e898232	c4dfc039008791a665e2ae6ce5b37288ce13d911a89eef29224f56ce8e5151b3
52.0e	aref	1_0_1_1F4_209_73_2080000_0_0_0	bf4b1705690163422f565483b146e26ae9a93f904ee9cc669c4c4bbd459b474b	e60ed10b7d453a6ea5c83c590ab439a084a93584b71a6dfbac1b4a9b0e3db805	4b2c4cf693432e25633a76e00a721afbd48e8fc736fbd6bc8f8af1c4e1e04646
52.0e	turkmenistan	1_0_2_12D_1_1_208AFE9_0_0_0	0be544af671af5ece19185dff6ac9ba3833a49953b8c5730d592f4427aa31ca7	80148ba635af07b5bda994cfac823fe1f743b5de5fe565846abe7e84bc54aedf	27800a35942484148a24349a7d16fec45aba71703deff446dc236c70dd2f5552
52.0e	turkmenistan	1_0_2_12F_1_1_208AFE9_0_0_0	bd5c2fa595c9d494b9a34dc9934c045ed8ea2d6695c597218217cd643bcb13b9	833e2518a6b9072c16f68ee7a662bb1a0ef5c9186ff17f722fa140d94aee41a2	26b982f8fe7daac3329588fb1f2a21b2dd038e04f00a3a5f955a8f547ffcdb7e
52.0e	turkmenistan	1_0_2_131_1_1_208AFE9_0_0_0	19a18e23ae88fe6d4221aa5b50d4d2fb25a9c8f609951706c29483c3572e3551	cc3072dca656fc3a261808ae0b599e56f849abe194836ec32d998740091c510d	d59ed8e79e7b8e84326ffac4665218611fd27725dd0d199744212b60f898cda4
52.0e	turkmenistan	1_0_2_135_1_1_208AFE9_0_0_0	86cca4d3c0130768fadf99c21e03be4104430c6910395a0b98dc459103d274ca	239906e0bd2bdba3a2d4c01406a9fce8351e42e589145124848a62c68f641e47	0a4b3e0f00c18f2c697d2bf35d939025614bbbee5ed73b30de20b9fd49beea79
52.0e	wns	1_0_1_15_3_1_2080000_0_0_0	13303c4580acba8fe9434276c570fbe3b039b7e17133ecf9fbbe00546c678214	ef03ce4270e4aa254c0cf4f4831529d536d8538ecabd293800eb5caa877ef2ae	6719ad551d85375a38af46695fa35f228505a9fc2c1920f10573ac651b398273
68.5e	viewmedia	1_0_1_5_22_14_2AD0000_0_0_0	9a52b380ab8cb410afb114262889f65af7e704b2f91b21a08d84a69b837ae1c7	a6c1f805d683d1abc6a68794c31b40a66263ef9574396b384460892357af0be6	59850f651aeacccb3bc16530666bf3e6500c78d5e91b5de01c0a3887a2734b5d
7.0e	m-three-satcom	1_0_1_11_CE4_7E_460000_0_0_0	ce49bc65eebf49475cd1a2fb3f644d4309082460c9ecaec9a0472f446ee36fdf	50cb0ef0fda23ec3bb92487f68d5526e37caeb2df6f57061da14ea45240a2fe4	c79aed463f44aaea3a1e1b0db10b07377f55b8e5708e13baeb468568aba220ce
7.0e	m-three-satcom	1_0_1_12_CE4_7E_460000_0_0_0	06bec980f798bffbce091ef713125b24dae5dae3de2816d9884bb876182ddeb0	ccf1a2d0bafb4e0b2ebacd330adb2660382347da16368a2f353a2cbaa7b6543d	037fe92a59b250e5f5a903355e2f3097898b24cd55da87d5de5c3f74c73fa944
7.0e	m-three-satcom	1_0_1_13_CE4_7E_460000_0_0_0	6ee9d5ae796e4995aac313dc8fc1c33b239c97442077b123ac5e5269d4eb82d6	54693c2487eecd05324bb2d40a01809a41f06adb34621dbf03b40cd42294f857	0c6b901112c77f0bac63c2316e8d1380ece4817f05e281c27c6c540e791e372b
7.0e	m-three-satcom	1_0_1_1_CE4_7E_460000_0_0_0	0e9a876acc6383557c37e60a8ebf4c9dd594eac87caf799012c403fc902e7c32	3b2adaa8cfd0863dd6f0aed25db700456e1aa7264d99390c96557b5b2b004969	7bc45138485b5e9b9e91c3c7baaaa8e3d92d36cf1d613f53ca703f1d773e16bc
7.0e	m-three-satcom	1_0_1_2_CE4_7E_460000_0_0_0	7eccf134ea61ba7ae92449832d3fd41e6ac202a33829a25f7cf1d57589ba6b5a	1d7ca9f467de340e679bb1635a3a3a5af6cee46d2c0db68a3ba4ea65de229e28	2c9b801d2de4792b794c2125803eb7481ff43d78debccd13c2bc47539004ed07
7.0e	m-three-satcom	1_0_1_3_CE4_7E_460000_0_0_0	7977819803ca1758e3e945d2e84b6a20adef00cc931b2c4fd70d50d6fc5068b5	143cbcc5b095011fbe04b357657a9f5a15e0470d3bd2535a868d37a5e8ddf5a8	3c076394ae729c1f2c1e97c9d300d1a8e13e839742b05ee70933a06c82d71ea9
7.0e	m-three-satcom	1_0_1_4_CE4_7E_460000_0_0_0	331d6b919506da1afd27cda6f2d139f058dabf0bde69f6e5c76d1e6c94453ba7	c8d6a58a8e93a20994bf9379228e3dd661553575933b860e215e802d69d17aa9	49fa1ec9b5b4c93d3fdc4eeec4cf4228be85358a00971a8623a8d963e2b5249e
7.0e	m-three-satcom	1_0_1_5_CE4_7E_460000_0_0_0	dea9de73afdc04785f474354c405b12c0757f75ca5f925461e0819a45ff4e068	a5bc1240622579231c48868ce89a9dceb3ba15955e1fd06e4e923f2ceca9a58d	cd5ca6ed9e3be1252b3ef6b9869b07a3ac5c8bba2a2e789c4f487e428ba65fdf
7.0e	m-three-satcom	1_0_1_6_CE4_7E_460000_0_0_0	f5f58f1b30853ffe1cd6aee8ef71f378d5a338cf07313670c9528626f79abaee	104d7d1f694b2fa500c5048ef8e187cb6a41e37a7eea0531a4c6a098a5717fdb	d200c57cfa0943f95cd8f0a71c31f4531c81c97a6142a3da19b02186e7011b11
7.0e	m-three-satcom	1_0_1_7_CE4_7E_460000_0_0_0	2a524afdfbe89d047bc381ce748972f4ca201bbde2958f8480fcaf69f4222984	4adf46cbabbd027b419ac2c11a12fcde638b4c37872af16156f3db664e756481	221fbbbc3d1f6689decfd199cd8929632753394e43f320293b390634a51f1330
7.0e	m-three-satcom	1_0_1_8_CE4_7E_460000_0_0_0	1ab6dcf9fc6ea47625a1385b3a55dcc5c3a81190ffe4f7e9b0eaefb532274a60	228402e240929d13cc30cc7b3f52d9829a9203d3cb33f2fb20c91fd903c24970	0e8b8b8024631991579bbf02c069051c5bbe0752ec3f99329b135da4400183e6
7.0e	m-three-satcom	1_0_1_9_CE4_7E_460000_0_0_0	e73d21ba7622a81065ba38ba95eb4c8fde78dedff490af5f42986153376628dd	204f6a307bf547e584ff3632fa31e52421f39eb6d0a1e80b55ef3ddde84f4a1f	52b23c0d01aa31d4ec55b00a27ee2801b0506b913e02f13a2e43ef337c76a8ca
7.0e	m-three-satcom	1_0_1_A_CE4_7E_460000_0_0_0	f6d77aa14d800adc47fbe42d32a9b50a26a546b4904a25a49ddd825124978619	f731ed1ce1f29552e3237abd46e642ac66fc39c3e2e7ea9abbb9f4956e83fa94	ef4cd867060fa1f4e45ef2de52327335b245b948f43afeba56c0e636eea6c590
7.0e	m-three-satcom	1_0_1_C_CE4_7E_460000_0_0_0	362589cba14f8b0fc03bc91e6fc799e1d0cd11b0b336dacfec8366ba50c0a6f5	de86bb5315fa6ee08566e4f6144f55a66ebda3330b893c4228012a44d9d8a3b5	772a3d0e0ec7724c4069291536f8c02268b6b9781023c89988e9296e06c5c23c
7.0e	m-three-satcom	1_0_1_D_CE4_7E_460000_0_0_0	b87435152b9bee4eb439d38b85751d09f172873113cc4507742ed9e39c297fc1	6fa8cc0a62c2d3f8605de8b676b7acc59b6121dbf3af4f72d2db69b8b78b742f	8debfd96a6a6dbf1c8986a692db707c01e6e11a77030fab1de61b39f33d545dc
7.0e	m-three-satcom	1_0_1_E_CE4_7E_460000_0_0_0	a75737e443ebd5526440f1105633d85f6c9710ab1088642b73b8cd32ada13bc1	37cd87844b824f216e290dc9c0094a03da1d1fb65bc18b33e50a0c6a49e6470a	7afc4b72e44645aed8981ea7df1e5600358944408f8594c6ffc61b63aedbc023
7.0e	m-three-satcom	1_0_1_F_CE4_7E_460000_0_0_0	ec0dc875d4fe7ec578d0568c89ae62690a89205fa76e04ab419d12b3137e975e	72c1a84352837b7a6e5fe3345790444fe02e4385404487672232e6e65674f87c	2c47cfad36f0f39dd396b72bdf891046b63eb5711a6d3d00443f183d219589d8
7.0e	mbc	1_0_1_2A_CE8_7E_460000_0_0_0	b87435152b9bee4eb439d38b85751d09f172873113cc4507742ed9e39c297fc1	6fa8cc0a62c2d3f8605de8b676b7acc59b6121dbf3af4f72d2db69b8b78b742f	8debfd96a6a6dbf1c8986a692db707c01e6e11a77030fab1de61b39f33d545dc
7.0e	mbc	1_0_1_2_CE8_7E_460000_0_0_0	a5e2c02f74d1afa8a8c116a4f11b8f138e54f4e852748dcea83d0d78afcab31d	a418492f117f5d092920ea44fbfcae38ffa50497a9c3616cf1e02df65b00da8f	248e9f62e18b521fce453814f5c4da36e1031084e33d3c837c06adf28f6b39e0
7.0e	mbc	1_0_1_3_CE8_7E_460000_0_0_0	23b0bd836457c584df900c566ffc8993e0b39b30ae6d93440d231e8108eddbe6	8c00beb76b0af8a53e7b945904a4d891858f7a36de1a62e81915514b89d96423	704a4fca292dc8d8ba49d60cb81aacc245af85612fb8cd33dc7ac1337c7670b3
7.0e	mbc	1_0_1_4_CE8_7E_460000_0_0_0	a5e2c02f74d1afa8a8c116a4f11b8f138e54f4e852748dcea83d0d78afcab31d	a418492f117f5d092920ea44fbfcae38ffa50497a9c3616cf1e02df65b00da8f	248e9f62e18b521fce453814f5c4da36e1031084e33d3c837c06adf28f6b39e0
7.0e	mbc	1_0_1_5_CE8_7E_460000_0_0_0	f2ec7cdfe33664441d6545aa681c61ac7e49afc208fad7335f85be4127343236	a4d9b3f7dd74a6698acfe2b5e2cd2da39de2b81b039d0b9af101eab8320dcd35	9a5ba73188ae3ea437f52281abc25d1e47fe96f5c20b3dbabdbe1cf3c885aecb
7.0e	mbc	1_0_1_6_CE8_7E_460000_0_0_0	1ab6dcf9fc6ea47625a1385b3a55dcc5c3a81190ffe4f7e9b0eaefb532274a60	228402e240929d13cc30cc7b3f52d9829a9203d3cb33f2fb20c91fd903c24970	0e8b8b8024631991579bbf02c069051c5bbe0752ec3f99329b135da4400183e6
7.0e	mbc	1_0_1_7_CE8_7E_460000_0_0_0	920485f0f69bfeee2f695c0a0a646c40df647b90a1158fa428aa9aa50472cef0	b09b86ed17a4bd634c4686863911b9b5c2aad77778fde93f44b670aecdf07fdb	4552a23cc0a5dcbf140a0246e153c5c8428faae1784f30726ce2f73d6422a442
7.0e	mbc	1_0_1_8_CE8_7E_460000_0_0_0	dce6edefde1ca36bbf5827d0d5be5ff2fa5506dc80697d060550b51d2c7c1423	450279753b34ae3e6ce01662d36f62506857866e18f2a0868b244a0996f555bb	e3ede37e93622fd46cd5e16bd17a745db0000dc84f2cf972d225e25a86e67783
7.0e	mbc	1_0_1_9_CE8_7E_460000_0_0_0	b87435152b9bee4eb439d38b85751d09f172873113cc4507742ed9e39c297fc1	6fa8cc0a62c2d3f8605de8b676b7acc59b6121dbf3af4f72d2db69b8b78b742f	8debfd96a6a6dbf1c8986a692db707c01e6e11a77030fab1de61b39f33d545dc
7.0e	mbc	1_0_1_A_CE8_7E_460000_0_0_0	dce6edefde1ca36bbf5827d0d5be5ff2fa5506dc80697d060550b51d2c7c1423	450279753b34ae3e6ce01662d36f62506857866e18f2a0868b244a0996f555bb	e3ede37e93622fd46cd5e16bd17a745db0000dc84f2cf972d225e25a86e67783
7.0e	mbc	1_0_1_B_CE8_7E_460000_0_0_0	206d6d89cb1f27d58b499c23f9f5c581900530f5c05abb3e0e44d31e411416bf	9c1c8a0587f3648455f51740094a8c0c02b357eaec525e4ea004c0a96ee5b511	cfa26acf52e2c00dbae4c7782684765d895f2c9edb4f47842697f87224cfad2e
7.0e	mbc	1_0_1_C_CE8_7E_460000_0_0_0	57de52b0f7c9da993b73dfe20f1d071756f4bfe94996982c4b0df8ea9808a4da	e79229396ca57fed0cb4dfbcaae3b14c05337029774e385eaaec551a84dcf941	5b933e887161170069857783197634e66320036c61f984d02ac9ed742e3f120d
7.0w	eutelsat	1_0_1_4B3_A0F0_396_DCA0000_0_0_0	0ce519f615c6900384a144ebc38b9b23c2f6892f14451da907c4c9617ecf3c28	02d443db80d7092c40722a3ca7b07e840246d7bf74f915ceb933b802861511c2	05d89ef8ccf6b485c6051bf195bb108e077cb4fbfc3c290271ac9707212af7ed
7.0w	eutelsat	1_0_2_36_14_6E_DCA0000_0_0_0	a70282041218f9950ee65c62e0573f762404db924502c7d7e47f842475fb0f7c	982613a2baa09dd40f934fa21eb4ada35765549f1ab5dcb0909a5f54323c713e	dbe58a8331f0292735867c1e7b2404f472c5c4da3c7c4e2c75076e835d896922
7.0w	harmonic	1_0_1_161D_236_800_DCA2F4F_0_0_0	0a5da85803d1a4cc3de500c63536e2d03c22acea7ca97c881cf3ab0cbe77dcb4	1a47236e9e81a028bff852aea8a6d5dc4deb11594059e9488ce3df5d61a78e95	8e5eb996b1b122a81e63638a35b756f6ad3edf6c2402d095ea4c0f4e6965f84a
7.0w	harmonic	1_0_1_161D_236_800_DCAAF89_0_0_0	0a5da85803d1a4cc3de500c63536e2d03c22acea7ca97c881cf3ab0cbe77dcb4	1a47236e9e81a028bff852aea8a6d5dc4deb11594059e9488ce3df5d61a78e95	8e5eb996b1b122a81e63638a35b756f6ad3edf6c2402d095ea4c0f4e6965f84a
7.0w	harmonic	1_0_1_161E_236_800_DCA2F4F_0_0_0	ca548d26b84ea0a32f28d1ff752513ccee781c3fab4198f1a8e8cfde5ac9db7c	7e1bf2439c7a8ca4e5fd97f0bd2931c5151b05cb723e41ba1fd4396bc385774b	61f4188f1e541259744df3be8742701197b68e5b77ad25290679943715e8b22b
7.0w	harmonic	1_0_1_161E_236_800_DCAAF89_0_0_0	ca548d26b84ea0a32f28d1ff752513ccee781c3fab4198f1a8e8cfde5ac9db7c	7e1bf2439c7a8ca4e5fd97f0bd2931c5151b05cb723e41ba1fd4396bc385774b	61f4188f1e541259744df3be8742701197b68e5b77ad25290679943715e8b22b
7.0w	harmonic	1_0_1_161F_236_800_DCA2F4F_0_0_0	bda0e0aedb5b4ddfd8ec605f7130746f9f8fd4e6c8574b756724bf2d30dbc93b	aa5794d80665172c345d54c61008ccb6dc62fb192452e2a6803e235b2c251af2	d767f979bc2d029035cfc3ef4caacf7d08a31fffad6c7ee9793113fce81abef9
7.0w	harmonic	1_0_1_161F_236_800_DCAAF89_0_0_0	bda0e0aedb5b4ddfd8ec605f7130746f9f8fd4e6c8574b756724bf2d30dbc93b	aa5794d80665172c345d54c61008ccb6dc62fb192452e2a6803e235b2c251af2	d767f979bc2d029035cfc3ef4caacf7d08a31fffad6c7ee9793113fce81abef9
7.0w	harmonic	1_0_1_1620_236_800_DCA2F4F_0_0_0	349f8a3729026e0863d6d3d08ce4e1fc2d8a7f5fc494c7bb98f517b40ad0323d	699f59a9efa2a449f36ce23c02d270567d27f6c888d0f520811bc733c625bf59	a55cf64006f5285310e394444268dad9a1d7aee7e6c12a51d55cb35b7d85fa5c
7.0w	harmonic	1_0_1_1620_236_800_DCAAF89_0_0_0	349f8a3729026e0863d6d3d08ce4e1fc2d8a7f5fc494c7bb98f517b40ad0323d	699f59a9efa2a449f36ce23c02d270567d27f6c888d0f520811bc733c625bf59	a55cf64006f5285310e394444268dad9a1d7aee7e6c12a51d55cb35b7d85fa5c
7.0w	harmonic	1_0_1_1621_236_800_DCA2F4F_0_0_0	0ef556fb8d4d5e6be782b591bca8aefc56f784de61197c3e27034c68ad395954	46c949561bc281865f0aac617b896a4958785948cf3d77759bb40c7e507c4970	6167e2d4870d51eff3fc8280291e321b9435f8274d11dba3618713bc70f5c2b2
7.0w	harmonic	1_0_1_1621_236_800_DCAAF89_0_0_0	0ef556fb8d4d5e6be782b591bca8aefc56f784de61197c3e27034c68ad395954	46c949561bc281865f0aac617b896a4958785948cf3d77759bb40c7e507c4970	6167e2d4870d51eff3fc8280291e321b9435f8274d11dba3618713bc70f5c2b2
7.0w	harmonic	1_0_1_1622_236_800_DCA2F4F_0_0_0	27fb35c3915728013cf76c48486f1c0779c736eaa50c5d8c4daf6c6533a9f601	4dda52d130df5b5b31a185b88367caccbdb67e16949ef54986c5822758c47e61	06003e31d0d90b8b006c5da5204a75ad7f7d1a34ed28c3f00a6dff7f1f10d0fd
7.0w	harmonic	1_0_1_1623_236_800_DCA2F4F_0_0_0	fc4d9b68331caa7abc158989ec28302df2155288a449ff945421dba6c15296f7	3e6cc43a9145fb0027af81fbbbff14e6506d059c888faa8f0e7679f4041bce34	54863a36be43f75d5badc2a3a6dc3c9b32ded023a1d28e59e5b2b4862d7585a7
7.0w	harmonic	1_0_1_1623_236_800_DCAAF89_0_0_0	fc4d9b68331caa7abc158989ec28302df2155288a449ff945421dba6c15296f7	3e6cc43a9145fb0027af81fbbbff14e6506d059c888faa8f0e7679f4041bce34	54863a36be43f75d5badc2a3a6dc3c9b32ded023a1d28e59e5b2b4862d7585a7
7.0w	harmonic	1_0_1_1624_236_800_DCA2F4F_0_0_0	51d5618cc5b6e705d155f44a277ca95169c736b84a1d59a5be2466c5fcdbe40c	b65aed42d01e7c5b2e2a1f7f4262f19170a94748edbe00aeb79491a95720b3ca	dba300ddb107be574b85164ae20455a99dcebd5dc1bb50a5c14ccc797d466e7e
7.0w	harmonic	1_0_1_1624_236_800_DCAAF89_0_0_0	51d5618cc5b6e705d155f44a277ca95169c736b84a1d59a5be2466c5fcdbe40c	b65aed42d01e7c5b2e2a1f7f4262f19170a94748edbe00aeb79491a95720b3ca	dba300ddb107be574b85164ae20455a99dcebd5dc1bb50a5c14ccc797d466e7e
7.0w	harmonic	1_0_1_1625_236_800_DCA2F4F_0_0_0	e31f8e2d001af41ee2d3ea6bc1d716d88ca469da0fb1f9490674c876a3e6a818	a861177a3db69ab839946dfeb065d47bcfcc9a313cc54c72af0a3c1d2d65401a	3b875a9270e1c29582559c3cdb6d4ec6d219585b49b21b0c250580c298afd24a
7.0w	harmonic	1_0_1_1625_236_800_DCAAF89_0_0_0	e31f8e2d001af41ee2d3ea6bc1d716d88ca469da0fb1f9490674c876a3e6a818	a861177a3db69ab839946dfeb065d47bcfcc9a313cc54c72af0a3c1d2d65401a	3b875a9270e1c29582559c3cdb6d4ec6d219585b49b21b0c250580c298afd24a
7.0w	harmonic	1_0_1_1626_236_800_DCA2F4F_0_0_0	eeffd3fc619bbd029c3176ffef026c69860890f826ac3adbf6f4f489aa465f41	656ff41ce367b2cc1908dce1635934840a4fb8f9896dc0fd22ac64a5de3cf895	9f3c610a1ad2016366887af0cdaa666786ad0d45b23b4c2e9230dd37ae1abcac
7.0w	harmonic	1_0_1_1626_236_800_DCAAF89_0_0_0	eeffd3fc619bbd029c3176ffef026c69860890f826ac3adbf6f4f489aa465f41	656ff41ce367b2cc1908dce1635934840a4fb8f9896dc0fd22ac64a5de3cf895	9f3c610a1ad2016366887af0cdaa666786ad0d45b23b4c2e9230dd37ae1abcac
7.0w	harmonic	1_0_1_1627_236_800_DCA2F4F_0_0_0	a726f8fa9c7ebf32a5501bc0a9e5f735d2783f7bdaa0c0541b50987cf9d32a38	67a96e245f1baa251016f016a488ede5d2e028478c509a075860d84f856aac26	b910446baf4de07af4db45489e87ce23b2132d99de458ac90c02e46cda9b872f
7.0w	harmonic	1_0_1_1627_236_800_DCAAF89_0_0_0	a726f8fa9c7ebf32a5501bc0a9e5f735d2783f7bdaa0c0541b50987cf9d32a38	67a96e245f1baa251016f016a488ede5d2e028478c509a075860d84f856aac26	b910446baf4de07af4db45489e87ce23b2132d99de458ac90c02e46cda9b872f
7.0w	harmonic	1_0_1_1628_236_800_DCA2F4F_0_0_0	c177b596070398d6cb20b05f02db35b24612b84c0dcb3ccf23cfdd5678c7f784	2ba10407ca477ba989e0c44f0132fede7b1ff8ded9247ebc6fb909451c940f28	08dd6818f25a7559e759b9c788a7c089221c15fcfed7e2371060806bfebed1af
7.0w	harmonic	1_0_1_1628_236_800_DCAAF89_0_0_0	c177b596070398d6cb20b05f02db35b24612b84c0dcb3ccf23cfdd5678c7f784	2ba10407ca477ba989e0c44f0132fede7b1ff8ded9247ebc6fb909451c940f28	08dd6818f25a7559e759b9c788a7c089221c15fcfed7e2371060806bfebed1af
7.0w	harmonic	1_0_1_162A_236_800_DCA2F4F_0_0_0	5e196de3fd7505c8d77223af72cc6d69f5431bf7433f82e912911507b668c226	384d2c087ade50f82bd4a61fad1e2e3b6fb86b4b7b7d6443e4a8fc28c0e99d54	8be9f82dcfc129392c38ce16f9ab632ff68ba3d28de7b9ed5c280d2abee1e11f
7.0w	harmonic	1_0_1_162B_236_800_DCA2F4F_0_0_0	c177b596070398d6cb20b05f02db35b24612b84c0dcb3ccf23cfdd5678c7f784	2ba10407ca477ba989e0c44f0132fede7b1ff8ded9247ebc6fb909451c940f28	08dd6818f25a7559e759b9c788a7c089221c15fcfed7e2371060806bfebed1af
7.0w	harmonic	1_0_1_162C_236_800_DCA2F4F_0_0_0	c177b596070398d6cb20b05f02db35b24612b84c0dcb3ccf23cfdd5678c7f784	2ba10407ca477ba989e0c44f0132fede7b1ff8ded9247ebc6fb909451c940f28	08dd6818f25a7559e759b9c788a7c089221c15fcfed7e2371060806bfebed1af
7.0w	iko-media-group	1_0_1_1B5B_17_6E_DCA0000_0_0_0	f58f41b1bc1d10101c16ae4d7a48441e8ae16d2c53b307014fba723bd877452d	87b2368c2bac90d2d84dcb8d422e35891cab7e3f0b1de62d20d203a95987c12d	28d41373b55c2763f85d97b0bc048f84b0af1b23a2908c038fa6a9134158e62c
7.0w	iko-media-group	1_0_1_1B71_17_6E_DCA0000_0_0_0	053b725eab07ed2b088f8904ac1a793ea258a1cd7da0a93f05b5758008ea237b	a0459b268f875ce97ef031e687859c7d903b2b45e6b7f8eb67d8b51f52f4ecc6	70b60deb88690e208e47be78fbd819a227c4538e540b7c50cf05f7381a8547b2
7.0w	iko-media-group	1_0_2_1B6C_17_6E_DCA0000_0_0_0	f937adfed2926a6622601061220939a588656450c893fc9e59e146d7933246eb	c5d7d3a6d2b795c7aa745291b92e4fc36f33175ef7bc4c356a1279912a969d18	398e656159c5ecd6d88962c8b0ed21803b8728aa8e89f3f8636ab93542b8692a
7.0w	jmc	1_0_1_11_7_800_DCA0000_0_0_0	c7e5089e82c8f6867a432740c253486e76a89472f8840482a235dff771779465	115ad741b632e6d8850676873408179aa1098dc59cfdaae56db8fb3b96973246	50d7f584e3f5a541a250732b2c0381549d58130832d6005583b6cab31858589d
7.0w	jmc	1_0_1_292_7_800_DCA0000_0_0_0	78045d75c2ef487337fc691bba15058ecc532bc63b53220acb1696585e56b1c0	1718114ba9be1d23fa17ff4730c2680d516d14b1da406960bb1f14b33d9c74eb	3a24392b0bc01b3583c521fd386bacc4cec6991677b99d1824299e0619469316
7.0w	jmc	1_0_1_2BC_7_800_DCA0000_0_0_0	96ee5144671a647eea767f80f56699abb52d3570883c189ab63fea9f4264487d	41084752b2cb47f7c78925561fe2df8837b704e5a8ff245e78dfa6b8a3e0efda	e55c9f7fdee3aed0f086d1f65949483230299dee1e84723134de8a54089d28b0
7.0w	jmc	1_0_1_2C2_7_800_DCA0000_0_0_0	355009ce0385fae114d8c1ea0e8d23b07287dabe88da9589708add0efe7dc4d3	75c208a485322ecd53d0aa672aa108ecd57ac7d4b270006ab295a51c98548e98	5e385912bd32825027f25b441db87fd20da6d05145fc83b4f9e3a07b663bfbd7
7.0w	jmc	1_0_1_2C8_7_800_DCA0000_0_0_0	18f9374292002bc10c1d723ddf2902586c22b64260775fabd5d01beaba5b8f3e	f19fd3ff2af58127cba62816c2b358663fcf64dd0e9cc7168f688bb9259e785c	6590487522ad712925b70ce8c4c2f1180024b2796772e7a3075b1520def86891
7.0w	jmc	1_0_1_33B_8_800_DCA0000_0_0_0	a094378b22a3dd08005dbdba4ae162fa808dd4934c97015ff613d604e067f230	848c9d4246b662cae1ef15339c03434b78249c93311c7377e648802a73d5bafc	141464375bd3e2b6013626b0850f84271bc4556004ebeb42e833d55cd2b12e3d
7.0w	jmc	1_0_1_33C_7_800_DCA0000_0_0_0	a094378b22a3dd08005dbdba4ae162fa808dd4934c97015ff613d604e067f230	848c9d4246b662cae1ef15339c03434b78249c93311c7377e648802a73d5bafc	141464375bd3e2b6013626b0850f84271bc4556004ebeb42e833d55cd2b12e3d
7.0w	jmc	1_0_1_347_8_800_DCA0000_0_0_0	47c272700d05ca6c777d08a7ae1228baf24115cfe3eabb36dc9d98f93469aab3	4913813f8065044d6c976bed83864ddc424c8303af87629b800012cbca701f87	5727a1b61f70d57b3a9033e51987777405cfe4d951d838af855fc69abb44e4ab
7.0w	jmc	1_0_2_359_8_800_DCA0000_0_0_0	f9bc499112cacbc1d254fb6ae4a470a6f7c30423f06d1fc37440fec0c1b476a3	3d187e5d49b86c42a37dffde0b12ec708a76f4ec758f73b9ae44dc3f5988553b	9feb0814ae60c1c4a2c5211210dc6ed9fb4d390426fa1fb9d67a0b95ecbc996f
7.0w	jmc	1_0_2_35B_8_800_DCA0000_0_0_0	bc43a9c6dd87afa7bd10822f0cab7394b02ef1cafe4dd23786fc95aa56f2479d	4df2593a1a11198c420c608ed6ab6dfe117ec839b5ca8c4feb37908f106e3cce	1cb87fd84ec910a93a752ad33db9c3c9379026d5add3f9a5bcebc77ca5ca8143
7.0w	muxip	1_0_1_1F4_9E34_77E_DCA0000_0_0_0	932c26c3c172c03caf8ed92613f931fc7c9f9b2baa3b5b6db7a42a0ad587d925	5e558af0a20b8d79f96dc591155f7340283a16bcb0769f32d01bec54ec7741d1	e50db1e9399fa7d1faba2c52abf93c85e6b0e96fa911921a636ba4adc3669ddf
7.0w	nilesat	1_0_2_8B9_16_800_DCA0000_0_0_0	7b6d4708cb31b3b4f7846e24d9735890fa4a0f960fcb6c3698b7e6faf6801fd0	2bc160f5ba2d20f840f3f82c61cba88cbee3c983833d58169b6d276bb0e27f82	c21c703d12e87a92141703f1e99af851c8667ce891fd0dace007491c2c3d3239
7.0w	nilesat	1_0_2_8BA_16_800_DCA0000_0_0_0	9365eef6a17462ea21ec33914de23b5892b8cc278fc93fb1cc6282160476b2b5	b631f099e4b6d87d111bc10e6d8159f3dd28f576d6865ca01fe223bff4e96b70	9ebcb02fca1e7e6c6c907d83a2126d12b2216919b7e340a74ff633928e2ed22f
7.0w	qmc	1_0_1_5_1_1_DCAAA52_0_0_0	909d9f9aab7ed6e2cd310430011980c2f78502de1fb93e7176203ed299057b9c	53a06eea5d88e36fd2d232b77bcaa402ca03479b6fd9bf41d67a6f11b272c460	f3b8357876c188ac3c84b1d3e98ba5c971b590035c8cbc95b3d3359f95077013
7.0w	qmc	1_0_1_6_1_1_DCAAA52_0_0_0	909d9f9aab7ed6e2cd310430011980c2f78502de1fb93e7176203ed299057b9c	53a06eea5d88e36fd2d232b77bcaa402ca03479b6fd9bf41d67a6f11b272c460	f3b8357876c188ac3c84b1d3e98ba5c971b590035c8cbc95b3d3359f95077013
7.0w	viewmedia	1_0_1_11_1_FFFF_DCA2A3F_0_0_0	3ec61c3f2194e82692b7f442a2211a6335d607dfef4231541e8393644bf6494f	04074d1567e178751780e75df7c97e4af487d25df72b9841d1d5e3a5abeb3776	5fa8bcaa059f3b2792d00f56dafe770b26e3127a9a5446e4bad3da48278ef8f9
8.0w	al-jazeera	1_0_1_196_4EE8_77E_DC00000_0_0_0	32c2b630a62410088e10f7102bc3a0f50479b0dce07ebc0f007fea24d4ea3a93	0d708152cc1b0b5cebc17a2199c5d33035994cbac03b0a13c7c649f8738f4189	7e4aa4e9874711225a2f9c5446f43e9003d5023682eea2e08edd2dc271d1b085
8.0w	al-jazeera	1_0_2_19B_4EE8_77E_DC00000_0_0_0	796d4730afe968c656af0b7c985a325febd6c20d83608ff557af76ca65006179	06906d484744cf4e267576d58f273ccc69a4d04d65bfa0edc8c9e5a214af986b	3730b913ebce483bc1061ac74b215e7746dde25005a0c065f64de4a0a36494bf
8.0w	al-jazeera	1_0_2_19C_4EE8_77E_DC00000_0_0_0	33998bcec2ad021fba10cbfb1a25010e9689c74469e97f98fa5477448ab1c312	352a3c0e1f2e0ec4f179046336076c043651e6bf4b523372e00cb7a664b5b034	58ae956f3fd649ce0cfce5dca3d39dfdd07cd8ec7d83ab4c2e4b50a5a235d34b
8.0w	menasat	1_0_2_690_FFDC_1_DC00000_0_0_0	116001905ba56562e1d90a5d4b1fd99218857c79384951c0daeb7f3930619356	4315c468205817a93c5e66cdba3e9651bb0e38ed5f62717c9a9b405e08ce9b22	b1a8cdedde479fcb68fe9a33ccd9b9aae65c63bffe4b81b9597b5485423ed71b
9.0e	arqiva	1_0_1_48D_1AF4_9E_5A0000_0_0_0	3a91ed17d91d095c53070171cdb88c9d871de2e4eb7fefcc62f2bb0c7e0725be	6cd7bb9090b6a948022434b46c27cf4945d41d97fdebc8e6ba7f94295b91577f	f21fc7cad01da23d49b4d5f742a8ae9f16556796d9a4cc4e5f4237ea7ef813d1
9.0e	arqiva	1_0_1_48E_1AF4_9E_5A0000_0_0_0	e12dcd904f0361b70285cedacd86fbcf1c696c9fddeb3eb1dcef3b25db2a6c24	693a88ee1468bddabe11b854e07e6ca0c7d1c9cf7d6c3ce0ed0b6feb4deda2a1	c7df0726ab4219686bcbba9fb3b8257ad9c1e08f6e735cfcdca11e8d9d429e60
9.0e	arqiva	1_0_1_492_1AF4_9E_5A0000_0_0_0	3a91ed17d91d095c53070171cdb88c9d871de2e4eb7fefcc62f2bb0c7e0725be	6cd7bb9090b6a948022434b46c27cf4945d41d97fdebc8e6ba7f94295b91577f	f21fc7cad01da23d49b4d5f742a8ae9f16556796d9a4cc4e5f4237ea7ef813d1
9.0e	canale-italia	1_0_1_2F9_107_217C_5A0000_0_0_0	384ba7a4894de88e1b4b6e2135e2da2706a2c9980584f9e332437aadf4f305e2	fc568990a06508263b3f72b0baf56df3abb50ae063e3eb09478efe91efba2cbd	df147d0beba679cf43f420b4f068a1c1d542a4ee8b12e1d4b72891db395fddef
9.0e	canale-italia	1_0_1_2FA_107_217C_5A0000_0_0_0	4c338c446edeca60a52d5d0ec1d80bb53cd54c5d4ec37f8a43ab859f26068d9c	cfd0a3453230efbfe19777708decea2191d4b87a29e5b55e47ab6fb1c4d0d200	f22ad653a2470a55c76bf0993deec88a4d3430eac201649044f177f3eca7a367
9.0e	canale-italia	1_0_1_2FB_107_217C_5A0000_0_0_0	bb8e1d887d35bdef609c3f7df22b4d2a50121c2c9084d9e575754ec770509a76	b621f669e33f3173af1c49ef17b5cd924ed1087c0a249d5b16d93b50f844a5b8	ff27188a78457d0c53d837b8b8dcb5a06f6f6630bc8f0097082f434466d70043
9.0e	canale-italia	1_0_1_2FC_107_217C_5A0000_0_0_0	384ba7a4894de88e1b4b6e2135e2da2706a2c9980584f9e332437aadf4f305e2	fc568990a06508263b3f72b0baf56df3abb50ae063e3eb09478efe91efba2cbd	df147d0beba679cf43f420b4f068a1c1d542a4ee8b12e1d4b72891db395fddef
9.0e	canale-italia	1_0_1_2FD_107_217C_5A0000_0_0_0	de5928e3318847ace28ba225653b328d0fb6b8a763dd7a3bcdb49bbf77116359	124fb179d234e05d52a9079fa8b6851567903172826e36ea9b6286f2c710ea23	763fd7c810c1af101d8b9ea26c6e77a7259178cc0ed4c77775220ce508b811a4
9.0e	canale-italia	1_0_1_317_107_217C_5A0000_0_0_0	384ba7a4894de88e1b4b6e2135e2da2706a2c9980584f9e332437aadf4f305e2	fc568990a06508263b3f72b0baf56df3abb50ae063e3eb09478efe91efba2cbd	df147d0beba679cf43f420b4f068a1c1d542a4ee8b12e1d4b72891db395fddef
9.0e	epiqa	1_0_1_1C20_384_110_5A0000_0_0_0	b02e9e3d237dae25c0be7a040ae2d0be2cb76aa5b5ec8c57a11d5148b07aa9a0	3d75a538a2428146df88156c63f733c1a46c0a03f33d0f8c7eed6ec8ea0a9e1d	fcba2279d33b4845fc6295efcc905e6a98744ead92a98ae81b9de3d29196d8ad
9.0e	ote	1_0_1_3F1_2_AA_5A0000_0_0_0	313bd802bb968b5dfc069be8e3a221e7352854ac6474406be911c5c8de4cbff6	9258e1b56a1f7ef1b0a975216d6917876e279d71cd942c9042a3d8b0550b5db1	ccf5b96366f4376182bdb1a3e64a386833f74b5fbb7ab076e3b98c3146f9a109
9.0e	ote	1_0_1_3F2_5_AA_5A0000_0_0_0	fb8faa3f17f9b870fba8e3cc9b9d9d40c4d9a3ceaa6d0637897ae40134a1d60a	9db9c9f2e504eb00b4f9c011a9a715d53e7630efb9b193970c428c49177a75d2	e66f684f3938fccca440091181128a12cf35cfc22a9be3c13bd6e4db5249d52e
9.0e	ote	1_0_1_3F7_6_AA_5A0000_0_0_0	f08e7fc64e21a535fb947b15cede1a03a01d501c362de007e8b8b441670efaf3	0176d667a423fb282ff287f3f0ab0ea4109ba8f09e9df7d789dc5bad8d125438	7421c659a145dcb3ec0536bfa0a217e0a12494b4173535433f73e382d24d2c52
9.0e	ote	1_0_1_418_6_AA_5A0000_0_0_0	b2f5f3abb036ab965faf33568da1e15a2c1bc6333cd3208e0e91895be63c8f54	706d9837534079b5dee42df1d12cdc14f3929c76ced12bc1b1ebc55c906bfcf0	e191bc87e0cf313d10c989cc5ca7fc8fab0adb78dda98b9d34832f14347963eb
9.0e	ote	1_0_1_419_6_AA_5A0000_0_0_0	676497341008ee6a261be7e505491cd316cf8c52d900ea070430b154bfa12256	9150ddfbfb9fa5a6922546295aa9b07f35be9324c7224e47bf38df2112fa2f4b	8f7f513044eed93efcae7bf0313d6cabafe65f43f1ee3c323635acc5fb5e2c66
9.0e	ote	1_0_1_421_6_AA_5A0000_0_0_0	b9b9484a35932ae46a48b6560f2a94bff64c5781134eb2f20e62da742a3f2fd0	92529b92920ea84a246808c6cf56144d1516928197a9159da6ab47341aa4ab8e	1a7eb3b0c6b8fc2df51b213183bec9717d496ea0a567e1c0389e25e718950524
9.0e	ote	1_0_1_423_6_AA_5A0000_0_0_0	b9b9484a35932ae46a48b6560f2a94bff64c5781134eb2f20e62da742a3f2fd0	92529b92920ea84a246808c6cf56144d1516928197a9159da6ab47341aa4ab8e	1a7eb3b0c6b8fc2df51b213183bec9717d496ea0a567e1c0389e25e718950524
9.0e	ote	1_0_1_42C_5_AA_5A0000_0_0_0	b9b9484a35932ae46a48b6560f2a94bff64c5781134eb2f20e62da742a3f2fd0	92529b92920ea84a246808c6cf56144d1516928197a9159da6ab47341aa4ab8e	1a7eb3b0c6b8fc2df51b213183bec9717d496ea0a567e1c0389e25e718950524
9.0e	ote	1_0_1_42D_2_AA_5A0000_0_0_0	b9b9484a35932ae46a48b6560f2a94bff64c5781134eb2f20e62da742a3f2fd0	92529b92920ea84a246808c6cf56144d1516928197a9159da6ab47341aa4ab8e	1a7eb3b0c6b8fc2df51b213183bec9717d496ea0a567e1c0389e25e718950524
9.0e	ote	1_0_1_431_6_AA_5A0000_0_0_0	b9b9484a35932ae46a48b6560f2a94bff64c5781134eb2f20e62da742a3f2fd0	92529b92920ea84a246808c6cf56144d1516928197a9159da6ab47341aa4ab8e	1a7eb3b0c6b8fc2df51b213183bec9717d496ea0a567e1c0389e25e718950524
9.0e	ote	1_0_1_434_5_AA_5A0000_0_0_0	b50c08fdc7153c64c3853fd2173b427cbba48e880c63f9a127ba88ca0cda92de	4ed6811eaa02844b6b047f4d8921924f82ef596939caf134ba8dcbc86ee3e155	6a3a0c1437a7726f9fb2134a6104341296aa03fc737fae52a40775e4ab1f4699
9.0e	ote	1_0_1_450_6_AA_5A0000_0_0_0	b9b9484a35932ae46a48b6560f2a94bff64c5781134eb2f20e62da742a3f2fd0	92529b92920ea84a246808c6cf56144d1516928197a9159da6ab47341aa4ab8e	1a7eb3b0c6b8fc2df51b213183bec9717d496ea0a567e1c0389e25e718950524
9.0e	ote	1_0_1_451_9_AA_5A0000_0_0_0	6e51d603a5dc2535bb0931bc8e30207ed35e8d869006bfccc249c18bcfd80c0f	4227a1d0a73b450e6aa1c4c738a4d3bd103013cc62414f7b00e3cf4174f1b5b1	8a945261bba029b804db60a60c2b743cea4bc994eae1457864cfdd47d39fd831
9.0e	ote	1_0_1_452_1_AA_5A0000_0_0_0	cb5a479e538f75a8417eb09cc23ce28b9e1896c1792235053aa338b74c438c92	3d2372282aac421f26f539f039c02c3ad4493b8c70a719c40732cd997489a736	af293866ba769e6cdf3e86d0d1f29aed9fbf631cb4fea8861308dd07a2a57f9d
9.0e	ote	1_0_1_453_9_AA_5A0000_0_0_0	89a32b7446560263d71c506982e196f64d13b16e57c991fbd7b2204630d2fa4c	69298b78fdea1fa16b247b0fbd53aa4b0ecf41a261494a88d51091d7b224fa64	d5f9f22b3ba7132970c58aac105e2eff9b440ed6d87739955a12ee78c2b77981
9.0e	ote	1_0_1_45E_7_AA_5A0000_0_0_0	212c0d728054c24278aaa8c96a8fc0f41115278bdaf905f1dec76ce2d96294fe	04651722826a882dfc6a1072562746bdff4843b3c0c7b02b9f9ee9a0e7bda0ec	d8e6183e549e8ea3001333a3449f44c2cc25c1dd1dd8991303f32c5ddac386b8
9.0e	ote	1_0_2_428_6_AA_5A0000_0_0_0	03389c1525dafa89d2778c1edaee548bc53e826fad87ddff095b2e4344de23d6	3d3c3cd87b4ee39bc3ba9ec84868e8ae2d684d69428a605758d94973f2327763	12d26a636f3f39aa26447967f5e5622e895fb96f5b66e5b251ac8bbcdc428b4c
9.0e	ote	1_0_2_42B_6_AA_5A0000_0_0_0	32c2b630a62410088e10f7102bc3a0f50479b0dce07ebc0f007fea24d4ea3a93	0d708152cc1b0b5cebc17a2199c5d33035994cbac03b0a13c7c649f8738f4189	7e4aa4e9874711225a2f9c5446f43e9003d5023682eea2e08edd2dc271d1b085
