ambiguous_boundary,blocked_links,candidate,case,chroma,class,confirmed_mask,current_white_sha256,exterior,final_status,first_blocker,fringe_gate,group,monotonic_profiles,perimeter_pixels,reversal_pixels,source_path,source_sha256,true_AA,two_tone,unresolved_profiles
False,0,none,P-AB1,False,P,9779,c61fe19cf8609ee48704a629616f8f72ee6b586d1ccad82a7bdf6f54f9e3c4a2,True,EXPERIMENTAL-GATE-REVIEW,fringe monotonicity/reachability REVIEW,FRINGE-REVIEW,True,169,715,546,picons/13.0e/ab-sat/transparent/1_0_1_5AC_170C_13F_820000_0_0_0.png,dfb1c2a18121cb3ec226168538baded0ffc775daaa02724071e9960a75da5818,False,false,0
False,0,none,P-MEGA,False,P,3624,a70be5b7a5176b61b3e20a1d3d21de5be6e7c7412203867006c6d10ef1a1e653,True,EXPERIMENTAL-GATE-REVIEW,fringe monotonicity/reachability REVIEW,FRINGE-REVIEW,True,38,620,198,picons/19.2e/ses/transparent/1_0_1F_2BC5_40C_1_C00000_0_0_0.png,182767bbdb35417df81f5da68cb3153f15088a2a6410a4da6be896b7bfb13b0c,False,false,384
False,0,none,P-CNBC,False,P,6031,809f81635582537e82418fe7aa9a151cd2393cf606f9c5f5491ca8419f4c80fe,True,EXPERIMENTAL-GATE-REVIEW,fringe monotonicity/reachability REVIEW,FRINGE-REVIEW,True,74,976,351,picons/0.8w/freesat/transparent/1_0_1_7AAE_2CC_600_E080000_0_0_0.png,c6ebf546fde312097cd50b88672a42392be7f9bf7357492b91b909a637dae4fe,False,false,551
False,0,none,P-MTA3,False,P,6972,aea283eb81c82aecd162d327e505fd7165d846a3266090cfbc05108bab0eb3c4,True,EXPERIMENTAL-GATE-REVIEW,fringe monotonicity/reachability REVIEW,FRINGE-REVIEW,True,55,328,273,picons/13.0e/telespazio/transparent/1_0_1_315_1B58_13E_820000_0_0_0.png,a7cf95b8f5a20bb8a814aff29ac40300f4c6a9decc72781cd931ba7e09675e05,False,false,0
False,0,none,P-NTV,False,P,4598,2df2895e2bb988a2c9f358e3a912e4754ebab8ba738f3002f379bf466221d189,True,EXPERIMENTAL-GATE-REVIEW,fringe monotonicity/reachability REVIEW,FRINGE-REVIEW,True,54,520,466,picons/13.0e/vivacom/transparent/1_0_16_13B2_2710_D5_820000_0_0_0.png,ea44900d5c1470ccd37912dadfbcbdedb5c3d24306722fc4385822e952395d0b,False,false,0
NOT REACHED,NOT REACHED,none,#14607,NOT REACHED,N,NOT REACHED,06f73c2c4e1fb1e42aab61f23909fd4a9b43d8b86722f938102164a7c1928089,NOT REACHED,REVIEW,BLOCKED: complete contrast-relevant wordmark/group not confirmed (frozen grouping incomplete),NOT REACHED,NOT REACHED/blocked,NOT REACHED,NOT EVALUATED,NOT REACHED,picons/80.0e/orion-express/transparent/1_0_1_2C8_CD_1_3200000_0_0_0.png,edec07adb8a121d7c856271543549717aff4d253f0302fd2d83a909481b2d24c,NOT REACHED,NOT REACHED,NOT REACHED
NOT REACHED,NOT REACHED,none,#14611,NOT REACHED,N,NOT REACHED,06f73c2c4e1fb1e42aab61f23909fd4a9b43d8b86722f938102164a7c1928089,NOT REACHED,REVIEW,BLOCKED: complete contrast-relevant wordmark/group not confirmed (frozen grouping incomplete),NOT REACHED,NOT REACHED/blocked,NOT REACHED,NOT EVALUATED,NOT REACHED,picons/80.0e/orion-express/transparent/1_0_1_2CA_CD_1_3200000_0_0_0.png,edec07adb8a121d7c856271543549717aff4d253f0302fd2d83a909481b2d24c,NOT REACHED,NOT REACHED,NOT REACHED
NOT REACHED,NOT REACHED,none,#14593,NOT REACHED,N,NOT REACHED,039c0210324e01d341546b9d5b37ff9b542168bc87dd2178343b83731f160b29,NOT REACHED,REVIEW,BLOCKED: incomplete wordmark group; 14 blocked links; protected chroma/AA/ambiguous contacts,NOT REACHED,NOT REACHED/blocked,NOT REACHED,NOT EVALUATED,NOT REACHED,picons/80.0e/orion-express/transparent/1_0_1_2C1_CD_1_3200000_0_0_0.png,209f5c2f8982690d35a068536ccedb82d50d801b93a6c59c8551defee3d96974,NOT REACHED,NOT REACHED,NOT REACHED
NOT REACHED,NOT REACHED,none,#14597,NOT REACHED,N,NOT REACHED,8d4e24eb6528ebd0b06f1cd0b5ba615c28e01106f380a062ce8ba761f5669686,NOT REACHED,REVIEW,REVIEW: no confirmed editable target; gold/brand and badge ownership unresolved,NOT REACHED,NOT REACHED/blocked,NOT REACHED,NOT EVALUATED,NOT REACHED,picons/80.0e/orion-express/transparent/1_0_1_2C3_CD_1_3200000_0_0_0.png,053eeaf35c4c573014813df3ba0fd119710eb2847a82e2e5b3f53ce0d282453f,NOT REACHED,NOT REACHED,NOT REACHED
NOT REACHED,NOT REACHED,none,#10954,NOT REACHED,N,NOT REACHED,5eae1fd980c99ce5af5a232cf5f90d7d10db45ed2509385fc1c1bf545febdd8b,NOT REACHED,REVIEW,BLOCKED: complete safe edit mask not confirmed; all three contrast cores rejected at protected chromatic boundary,NOT REACHED,NOT REACHED/blocked,NOT REACHED,NOT EVALUATED,NOT REACHED,picons/42.0e/demiroren-medya/transparent/1_0_2_2C57_3_42_1A40000_0_0_0.png,1d8fcd1d99617b36556f4ee311f161199d1dc4fe18e2186585f14e8c943c8eb8,NOT REACHED,NOT REACHED,NOT REACHED
NOT REACHED,NOT REACHED,none,#5136,NOT REACHED,N,NOT REACHED,338566fb068198d417b62dedab8364ffe70b3e594f753228ac58694f2cf467a2,NOT REACHED,REVIEW,BLOCKED: complete safe group/edit mask not confirmed; one of two principal cores rejected at protected boundary,NOT REACHED,NOT REACHED/blocked,NOT REACHED,NOT EVALUATED,NOT REACHED,picons/19.2e/ard-ndr/transparent/1_0_A_28D6_40F_1_C00000_0_0_0.png,1916a46febdc0d19776e5541282ddbfcb3f178225653a98def2f3844612a71fb,NOT REACHED,NOT REACHED,NOT REACHED
NOT REACHED,NOT REACHED,none,T-1-NEOSAT,NOT REACHED,T,NOT REACHED,b836d855f5018c266c97f9d5cbbfaa7804f657811a3eb0238dba449c4ae30ed4,NOT REACHED,BLOCKED: genuine two-tone,BLOCKED: topology-aware genuine two-tone,NOT REACHED,NOT REACHED,NOT REACHED,NOT EVALUATED,NOT REACHED,picons/1.9e/neosat/transparent/1_0_1_156_8_3_130000_0_0_0.png,1523971ed39d47a0a855e03ae49afdad22d30114ee3ac8b1bb7a5fe6dc0b326e,NOT REACHED,true,NOT REACHED
NOT REACHED,NOT REACHED,none,T-2-DEMIRÖREN,NOT REACHED,T,NOT REACHED,fac5717269c588f15b6b6f6a13ddda27e1300e9cfaace56cb36bcd7ff141ac61,NOT REACHED,BLOCKED: genuine two-tone,BLOCKED: topology-aware genuine two-tone,NOT REACHED,NOT REACHED,NOT REACHED,NOT EVALUATED,NOT REACHED,picons/42.0e/demiroren-medya/transparent/1_0_19_77C_9_42_1A40000_0_0_0.png,d7cf7fc812e195e1fa39282a05aad8ad78e19f0011386ac0dbdec2a28ea3aa38,NOT REACHED,true,NOT REACHED
unchanged,n/a,none,Digi Slovakia,unchanged,PASS,0,ef9f0d92c37e223216806fa8a5f2ab9e0316a11c70b91eb0263a383a6923f195,NOT REACHED,PASS; 0 changes,no contrast target,NOT REACHED,no target,NOT REACHED,0,0,picons/0.8w/digislovakia/transparent/1_0_16_3F6_AF1_BB_E080000_0_0_0.png,9511e45fbb54d433bac178437d0f4abb11248b68f675fa449f9c058ba2a3224b,unchanged,false,0
PASS,0,none,#14700,PASS,QUERY,1224,e2b1eaf5cdad1acf3b251c7d5173a7bf0066ca3ea1a6eff9a60bd8aa02c76916,PASS,REVIEW; no production rule or candidate,fringe gate,EXPERIMENTAL-GATE-REVIEW,PASS,116,300,89,picons/80.0e/orion-express/transparent/1_0_1_32D_CE_1_3200000_0_0_0.png,9fa6f6a84bb9e1a98802e638f94d0f693757697648d1167d1b9f3f31fb7724c3,PASS,not-two-tone,95
