v9_component_id,x,y,rgba,alpha,channel_spread,linear_rec709_luminance_0_255,frozen_dark,topology_interior,dark_location,dark_edge_subclass,dark_cluster_id
4,87,57,"[51, 51, 51, 64]",64,0,8.4417142868042,True,False,component/material-edge,partial-alpha-edge,1
4,88,57,"[130, 130, 130, 90]",90,0,56.923133850097656,True,False,component/material-edge,partial-alpha-edge,1
4,93,57,"[131, 131, 131, 91]",91,0,57.87630081176758,True,False,component/material-edge,partial-alpha-edge,2
4,94,57,"[57, 57, 57, 66]",66,0,10.433375358581543,True,False,component/material-edge,partial-alpha-edge,2
4,106,57,"[73, 77, 77, 66]",66,4,18.513113021850586,True,False,component/material-edge,partial-alpha-edge,3
4,113,57,"[85, 85, 85, 48]",48,0,23.164640426635742,True,False,component/material-edge,partial-alpha-edge,4
4,114,57,"[132, 132, 132, 94]",94,0,58.83871841430664,True,False,component/material-edge,partial-alpha-edge,4
4,115,57,"[130, 130, 130, 90]",90,0,56.923133850097656,True,False,component/material-edge,partial-alpha-edge,4
4,116,57,"[30, 30, 30, 50]",50,0,3.3106729984283447,True,False,component/material-edge,partial-alpha-edge,4
4,137,57,"[137, 137, 137, 93]",93,0,63.790382385253906,True,False,component/material-edge,partial-alpha-edge,5
4,85,58,"[88, 88, 88, 75]",75,0,24.884777069091797,True,False,component/material-edge,partial-alpha-edge,6
4,96,58,"[97, 97, 97, 81]",81,0,30.482301712036133,True,False,component/material-edge,partial-alpha-edge,7
4,109,58,"[103, 103, 103, 64]",64,0,34.58650207519531,True,False,component/material-edge,partial-alpha-edge,8
4,118,58,"[44, 44, 44, 52]",52,0,6.4226484298706055,True,False,component/material-edge,partial-alpha-edge,9
4,122,58,"[133, 129, 129, 69]",69,4,56.79370880126953,True,False,component/material-edge,partial-alpha-edge,10
4,135,58,"[97, 97, 97, 86]",86,0,30.482301712036133,True,False,component/material-edge,partial-alpha-edge,11
4,84,59,"[95, 95, 95, 83]",83,0,29.18102264404297,True,False,component/material-edge,partial-alpha-edge,6
4,97,59,"[132, 132, 132, 98]",98,0,58.83871841430664,True,False,component/material-edge,partial-alpha-edge,7
4,109,59,"[102, 102, 102, 52]",52,0,33.88142395019531,True,False,component/material-edge,partial-alpha-edge,8
4,119,59,"[71, 71, 71, 57]",57,0,16.06756019592285,True,False,component/material-edge,partial-alpha-edge,9
4,122,59,"[134, 130, 130, 74]",74,4,57.74553298950195,True,False,component/material-edge,partial-alpha-edge,10
4,135,59,"[91, 91, 91, 78]",78,0,26.67720603942871,True,False,component/material-edge,partial-alpha-edge,11
4,83,60,"[87, 80, 80, 38]",38,7,21.274003982543945,True,False,component/material-edge,partial-alpha-edge,6
4,94,60,"[137, 137, 137, 52]",52,0,63.790382385253906,True,False,component/material-edge,partial-alpha-edge,12
4,98,60,"[117, 117, 117, 67]",67,0,45.36154556274414,True,False,component/material-edge,partial-alpha-edge,7
4,102,60,"[116, 116, 116, 81]",81,0,44.53508758544922,True,False,component/material-edge,partial-alpha-edge,13
4,110,60,"[38, 33, 33, 46]",46,5,4.104448318481445,True,False,component/material-edge,partial-alpha-edge,8
4,111,60,"[61, 61, 61, 71]",71,0,11.89959716796875,True,False,component/material-edge,partial-alpha-edge,8
4,122,60,"[125, 122, 122, 73]",73,3,50.19466018676758,True,False,component/material-edge,partial-alpha-edge,10
4,135,60,"[76, 76, 76, 70]",70,0,18.429325103759766,True,False,component/material-edge,partial-alpha-edge,11
4,117,61,"[68, 68, 68, 52]",52,0,14.740386009216309,True,False,component/material-edge,partial-alpha-edge,14
4,120,61,"[123, 123, 123, 97]",97,0,50.50767135620117,True,False,component/material-edge,partial-alpha-edge,15
4,122,61,"[122, 122, 122, 56]",56,0,49.627540588378906,True,False,component/material-edge,partial-alpha-edge,10
4,125,61,"[26, 26, 26, 48]",48,0,2.6341049671173096,True,False,component/material-edge,partial-alpha-edge,16
4,135,61,"[77, 77, 77, 72]",72,0,18.924461364746094,True,False,component/material-edge,partial-alpha-edge,11
4,85,62,"[128, 128, 128, 103]",103,0,55.044429779052734,True,False,component/material-edge,partial-alpha-edge,17
4,96,62,"[118, 118, 118, 95]",95,0,46.19688034057617,True,False,component/material-edge,partial-alpha-edge,18
4,101,62,"[79, 73, 73, 45]",45,6,17.61639976501465,True,False,component/material-edge,partial-alpha-edge,19
4,104,62,"[26, 26, 26, 48]",48,0,2.6341049671173096,True,False,component/material-edge,partial-alpha-edge,20
4,135,62,"[77, 77, 77, 72]",72,0,18.924461364746094,True,False,component/material-edge,partial-alpha-edge,11
4,85,63,"[59, 59, 59, 73]",73,0,11.152432441711426,True,False,component/material-edge,partial-alpha-edge,17
4,96,63,"[42, 42, 42, 66]",66,0,5.904108047485352,True,False,component/material-edge,partial-alpha-edge,18
4,99,63,"[87, 87, 87, 35]",35,0,24.303407669067383,True,False,component/material-edge,partial-alpha-edge,21
4,101,63,"[103, 103, 103, 74]",74,0,34.58650207519531,True,False,component/material-edge,partial-alpha-edge,19
4,118,63,"[132, 132, 132, 119]",119,0,58.83871841430664,True,False,component/material-edge,partial-alpha-edge,22
4,127,63,"[6, 6, 6, 38]",38,0,0.46439629793167114,True,False,component/material-edge,partial-alpha-edge,23
4,135,63,"[94, 94, 94, 84]",84,0,28.542768478393555,True,False,component/material-edge,partial-alpha-edge,11
4,85,64,"[62, 62, 62, 74]",74,0,12.283814430236816,True,False,component/material-edge,partial-alpha-edge,17
4,96,64,"[45, 45, 45, 67]",67,0,6.691511154174805,True,False,component/material-edge,partial-alpha-edge,18
4,99,64,"[90, 90, 90, 34]",34,0,26.071645736694336,True,False,component/material-edge,partial-alpha-edge,21
4,101,64,"[104, 104, 104, 76]",76,0,35.30006790161133,True,False,component/material-edge,partial-alpha-edge,19
4,118,64,"[136, 136, 136, 120]",120,0,62.78135681152344,True,False,component/material-edge,partial-alpha-edge,22
4,85,65,"[62, 62, 62, 74]",74,0,12.283814430236816,True,False,component/material-edge,partial-alpha-edge,17
4,96,65,"[45, 45, 45, 67]",67,0,6.691511154174805,True,False,component/material-edge,partial-alpha-edge,18
4,99,65,"[90, 90, 90, 34]",34,0,26.071645736694336,True,False,component/material-edge,partial-alpha-edge,21
4,101,65,"[105, 105, 105, 75]",75,0,36.02214431762695,True,False,component/material-edge,partial-alpha-edge,19
4,118,65,"[136, 136, 136, 120]",120,0,62.78135681152344,True,False,component/material-edge,partial-alpha-edge,22
4,125,65,"[122, 122, 122, 104]",104,0,49.627540588378906,True,False,component/material-edge,partial-alpha-edge,24
4,85,66,"[62, 62, 62, 74]",74,0,12.283814430236816,True,False,component/material-edge,partial-alpha-edge,17
4,96,66,"[45, 45, 45, 67]",67,0,6.691511154174805,True,False,component/material-edge,partial-alpha-edge,18
4,99,66,"[90, 90, 90, 34]",34,0,26.071645736694336,True,False,component/material-edge,partial-alpha-edge,21
4,101,66,"[105, 105, 105, 75]",75,0,36.02214431762695,True,False,component/material-edge,partial-alpha-edge,19
4,118,66,"[135, 135, 135, 119]",119,0,61.781700134277344,True,False,component/material-edge,partial-alpha-edge,22
4,127,66,"[71, 66, 66, 61]",61,5,14.354897499084473,True,False,component/material-edge,partial-alpha-edge,25
4,128,66,"[100, 103, 103, 94]",94,3,34.142189025878906,True,False,component/material-edge,partial-alpha-edge,25
4,129,66,"[96, 96, 96, 95]",95,0,29.827524185180664,True,False,component/material-edge,partial-alpha-edge,25
4,130,66,"[96, 96, 96, 95]",95,0,29.827524185180664,True,False,component/material-edge,partial-alpha-edge,25
4,131,66,"[96, 96, 96, 95]",95,0,29.827524185180664,True,False,component/material-edge,partial-alpha-edge,25
4,132,66,"[96, 96, 96, 95]",95,0,29.827524185180664,True,False,component/material-edge,partial-alpha-edge,25
4,133,66,"[98, 98, 98, 96]",96,0,31.14539337158203,True,False,component/material-edge,partial-alpha-edge,25
4,134,66,"[95, 95, 95, 93]",93,0,29.18102264404297,True,False,component/material-edge,partial-alpha-edge,25
4,135,66,"[136, 136, 136, 133]",133,0,62.78135681152344,True,False,component/material-edge,partial-alpha-edge,25
4,85,67,"[62, 62, 62, 74]",74,0,12.283814430236816,True,False,component/material-edge,partial-alpha-edge,17
4,96,67,"[45, 45, 45, 68]",68,0,6.691511154174805,True,False,component/material-edge,partial-alpha-edge,18
4,99,67,"[90, 90, 90, 34]",34,0,26.071645736694336,True,False,component/material-edge,partial-alpha-edge,21
4,101,67,"[105, 105, 105, 75]",75,0,36.02214431762695,True,False,component/material-edge,partial-alpha-edge,19
4,118,67,"[126, 126, 126, 103]",103,0,53.202396392822266,True,False,component/material-edge,partial-alpha-edge,22
4,135,67,"[80, 80, 80, 73]",73,0,20.456056594848633,True,False,component/material-edge,partial-alpha-edge,25
4,85,68,"[62, 62, 62, 74]",74,0,12.283814430236816,True,False,component/material-edge,partial-alpha-edge,17
4,96,68,"[47, 47, 47, 65]",65,0,7.248639106750488,True,False,component/material-edge,partial-alpha-edge,18
4,99,68,"[90, 90, 90, 34]",34,0,26.071645736694336,True,False,component/material-edge,partial-alpha-edge,21
4,101,68,"[105, 105, 105, 75]",75,0,36.02214431762695,True,False,component/material-edge,partial-alpha-edge,19
4,118,68,"[125, 125, 125, 104]",104,0,52.295074462890625,True,False,component/material-edge,partial-alpha-edge,22
4,85,69,"[35, 35, 35, 71]",71,0,4.285880088806152,True,False,component/material-edge,partial-alpha-edge,17
4,96,69,"[9, 9, 9, 55]",55,0,0.6965944766998291,True,False,component/material-edge,partial-alpha-edge,18
4,99,69,"[90, 90, 90, 34]",34,0,26.071645736694336,True,False,component/material-edge,partial-alpha-edge,21
4,101,69,"[105, 105, 105, 75]",75,0,36.02214431762695,True,False,component/material-edge,partial-alpha-edge,19
4,118,69,"[123, 123, 123, 103]",103,0,50.50767135620117,True,False,component/material-edge,partial-alpha-edge,22
4,134,69,"[136, 136, 136, 110]",110,0,62.78135681152344,True,False,component/material-edge,partial-alpha-edge,26
4,137,69,"[97, 97, 97, 86]",86,0,30.482301712036133,True,False,component/material-edge,partial-alpha-edge,27
4,99,70,"[90, 90, 90, 34]",34,0,26.071645736694336,True,False,component/material-edge,partial-alpha-edge,21
4,101,70,"[106, 106, 106, 74]",74,0,36.75276184082031,True,False,component/material-edge,partial-alpha-edge,19
4,118,70,"[128, 128, 128, 107]",107,0,55.044429779052734,True,False,component/material-edge,partial-alpha-edge,22
4,126,70,"[117, 114, 114, 85]",85,3,43.43017578125,True,False,component/material-edge,partial-alpha-edge,28
4,99,71,"[96, 96, 96, 37]",37,0,29.827524185180664,True,False,component/material-edge,partial-alpha-edge,21
4,101,71,"[107, 107, 107, 81]",81,0,37.4919548034668,True,False,component/material-edge,partial-alpha-edge,19
4,118,71,"[135, 135, 135, 124]",124,0,61.781700134277344,True,False,component/material-edge,partial-alpha-edge,22
4,101,72,"[92, 92, 92, 55]",55,0,27.2908935546875,True,False,component/material-edge,partial-alpha-edge,19
4,118,72,"[111, 111, 111, 80]",80,0,40.53501892089844,True,False,component/material-edge,partial-alpha-edge,22
4,134,72,"[98, 98, 98, 78]",78,0,31.14539337158203,True,False,component/material-edge,partial-alpha-edge,29
12,80,57,"[77, 69, 69, 33]",33,8,15.972423553466797,True,False,component/material-edge,partial-alpha-edge,1
12,67,58,"[97, 97, 97, 84]",84,0,30.482301712036133,True,False,component/material-edge,partial-alpha-edge,2
12,80,58,"[111, 111, 111, 80]",80,0,40.53501892089844,True,False,component/material-edge,partial-alpha-edge,1
12,67,59,"[98, 98, 98, 83]",83,0,31.14539337158203,True,False,component/material-edge,partial-alpha-edge,2
12,80,59,"[124, 124, 124, 86]",86,0,51.39683532714844,True,False,component/material-edge,partial-alpha-edge,1
12,67,60,"[100, 100, 100, 86]",86,0,32.496612548828125,True,False,component/material-edge,partial-alpha-edge,2
12,80,60,"[123, 123, 123, 85]",85,0,50.50767135620117,True,False,component/material-edge,partial-alpha-edge,1
12,80,61,"[123, 123, 123, 85]",85,0,50.50767135620117,True,False,component/material-edge,partial-alpha-edge,1
12,68,62,"[0, 0, 0, 40]",40,0,0.0,True,False,component/material-edge,partial-alpha-edge,3
12,80,62,"[123, 123, 123, 85]",85,0,50.50767135620117,True,False,component/material-edge,partial-alpha-edge,1
12,65,63,"[80, 80, 80, 41]",41,0,20.456056594848633,True,False,component/material-edge,partial-alpha-edge,4
12,69,63,"[56, 56, 56, 68]",68,0,10.084290504455566,True,False,component/material-edge,partial-alpha-edge,3
12,80,63,"[123, 123, 123, 85]",85,0,50.50767135620117,True,False,component/material-edge,partial-alpha-edge,1
12,66,64,"[113, 113, 113, 72]",72,0,42.10871887207031,True,False,component/material-edge,partial-alpha-edge,4
12,80,64,"[121, 121, 121, 86]",86,0,48.75642776489258,True,False,component/material-edge,partial-alpha-edge,1
12,67,65,"[73, 73, 73, 45]",45,0,16.9896183013916,True,False,component/material-edge,partial-alpha-edge,4
12,80,65,"[123, 123, 123, 85]",85,0,50.50767135620117,True,False,component/material-edge,partial-alpha-edge,1
12,69,66,"[60, 55, 55, 55]",55,5,10.12061882019043,True,False,component/material-edge,partial-alpha-edge,5
12,70,66,"[102, 102, 102, 92]",92,0,33.88142395019531,True,False,component/material-edge,partial-alpha-edge,5
12,71,66,"[93, 93, 93, 95]",95,0,27.91274070739746,True,False,component/material-edge,partial-alpha-edge,5
12,72,66,"[96, 96, 96, 95]",95,0,29.827524185180664,True,False,component/material-edge,partial-alpha-edge,5
12,73,66,"[96, 96, 96, 95]",95,0,29.827524185180664,True,False,component/material-edge,partial-alpha-edge,5
12,74,66,"[96, 96, 96, 95]",95,0,29.827524185180664,True,False,component/material-edge,partial-alpha-edge,5
12,75,66,"[98, 98, 98, 96]",96,0,31.14539337158203,True,False,component/material-edge,partial-alpha-edge,5
12,76,66,"[100, 100, 100, 96]",96,0,32.496612548828125,True,False,component/material-edge,partial-alpha-edge,5
12,77,66,"[103, 103, 103, 103]",103,0,34.58650207519531,True,False,component/material-edge,partial-alpha-edge,5
12,80,66,"[124, 124, 124, 86]",86,0,51.39683532714844,True,False,component/material-edge,partial-alpha-edge,1
12,80,67,"[122, 122, 122, 81]",81,0,49.627540588378906,True,False,component/material-edge,partial-alpha-edge,1
12,77,68,"[121, 121, 121, 99]",99,0,48.75642776489258,True,False,component/material-edge,partial-alpha-edge,6
12,80,68,"[100, 100, 100, 33]",33,0,32.496612548828125,True,False,component/material-edge,partial-alpha-edge,1
12,76,69,"[92, 92, 92, 58]",58,0,27.2908935546875,True,False,component/material-edge,partial-alpha-edge,6
12,68,70,"[96, 96, 96, 53]",53,0,29.827524185180664,True,False,component/material-edge,partial-alpha-edge,7
12,79,70,"[99, 94, 94, 46]",46,5,29.238834381103516,True,False,component/material-edge,partial-alpha-edge,8
12,78,71,"[91, 91, 91, 61]",61,0,26.67720603942871,True,False,component/material-edge,partial-alpha-edge,8
13,158,57,"[103, 103, 103, 69]",69,0,34.58650207519531,True,False,component/material-edge,partial-alpha-edge,1
13,176,57,"[113, 113, 113, 72]",72,0,42.10871887207031,True,False,component/material-edge,partial-alpha-edge,2
13,178,57,"[91, 91, 91, 50]",50,0,26.67720603942871,True,False,component/material-edge,partial-alpha-edge,3
13,189,57,"[129, 129, 129, 71]",71,0,55.979190826416016,True,False,component/material-edge,partial-alpha-edge,4
13,191,57,"[90, 90, 90, 48]",48,0,26.071645736694336,True,False,component/material-edge,partial-alpha-edge,5
13,194,57,"[134, 134, 134, 93]",93,0,60.791404724121094,True,False,component/material-edge,partial-alpha-edge,6
13,140,58,"[132, 132, 132, 50]",50,0,58.83871841430664,True,False,component/material-edge,partial-alpha-edge,7
13,156,58,"[41, 41, 41, 37]",37,0,5.654340744018555,True,False,component/material-edge,partial-alpha-edge,8
13,174,58,"[92, 88, 88, 69]",69,4,25.396316528320312,True,False,component/material-edge,partial-alpha-edge,9
13,193,58,"[62, 55, 55, 41]",41,7,10.282478332519531,True,False,component/material-edge,partial-alpha-edge,6
13,209,58,"[129, 125, 125, 65]",65,4,53.07831573486328,True,False,component/material-edge,partial-alpha-edge,10
13,156,59,"[54, 48, 48, 42]",42,6,7.934515476226807,True,False,component/material-edge,partial-alpha-edge,8
13,174,59,"[69, 69, 69, 55]",55,0,15.175366401672363,True,False,component/material-edge,partial-alpha-edge,9
13,209,59,"[134, 131, 131, 70]",70,3,58.496055603027344,True,False,component/material-edge,partial-alpha-edge,10
13,140,60,"[121, 121, 121, 46]",46,0,48.75642776489258,True,False,component/material-edge,partial-alpha-edge,11
13,143,60,"[45, 45, 45, 62]",62,0,6.691511154174805,True,False,component/material-edge,partial-alpha-edge,12
13,153,60,"[39, 39, 39, 58]",58,0,5.173583984375,True,False,component/material-edge,partial-alpha-edge,13
13,156,60,"[52, 46, 46, 44]",44,6,7.347344398498535,True,False,component/material-edge,partial-alpha-edge,8
13,164,60,"[54, 54, 54, 42]",42,0,9.406807899475098,True,False,component/material-edge,partial-alpha-edge,14
13,196,60,"[43, 43, 43, 58]",58,0,6.160195827484131,True,False,component/material-edge,partial-alpha-edge,15
13,206,60,"[71, 71, 71, 32]",32,0,16.06756019592285,True,False,component/material-edge,partial-alpha-edge,16
13,209,60,"[125, 121, 121, 67]",67,4,49.50874328613281,True,False,component/material-edge,partial-alpha-edge,10
13,140,61,"[127, 127, 127, 46]",46,0,54.11883544921875,True,False,component/material-edge,partial-alpha-edge,11
13,143,61,"[0, 0, 0, 41]",41,0,0.0,True,False,component/material-edge,partial-alpha-edge,12
13,153,61,"[91, 91, 91, 81]",81,0,26.67720603942871,True,False,component/material-edge,partial-alpha-edge,13
13,196,61,"[115, 115, 115, 97]",97,0,43.71747970581055,True,False,component/material-edge,partial-alpha-edge,15
13,209,61,"[125, 121, 121, 67]",67,4,49.50874328613281,True,False,component/material-edge,partial-alpha-edge,10
13,140,62,"[127, 127, 127, 46]",46,0,54.11883544921875,True,False,component/material-edge,partial-alpha-edge,11
13,143,62,"[26, 26, 26, 49]",49,0,2.6341049671173096,True,False,component/material-edge,partial-alpha-edge,12
13,206,62,"[15, 15, 15, 33]",33,0,1.218122959136963,True,False,component/material-edge,partial-alpha-edge,17
13,209,62,"[125, 121, 121, 67]",67,4,49.50874328613281,True,False,component/material-edge,partial-alpha-edge,10
13,140,63,"[127, 127, 127, 46]",46,0,54.11883544921875,True,False,component/material-edge,partial-alpha-edge,11
13,143,63,"[0, 0, 0, 41]",41,0,0.0,True,False,component/material-edge,partial-alpha-edge,12
13,151,63,"[43, 43, 43, 53]",53,0,6.160195827484131,True,False,component/material-edge,partial-alpha-edge,18
13,155,63,"[89, 85, 85, 60]",60,4,23.655649185180664,True,False,component/material-edge,partial-alpha-edge,19
13,194,63,"[85, 85, 85, 39]",39,0,23.164640426635742,True,False,component/material-edge,partial-alpha-edge,20
13,198,63,"[30, 30, 30, 51]",51,0,3.3106729984283447,True,False,component/material-edge,partial-alpha-edge,21
13,209,63,"[125, 121, 121, 67]",67,4,49.50874328613281,True,False,component/material-edge,partial-alpha-edge,10
13,154,64,"[137, 137, 137, 113]",113,0,63.790382385253906,True,False,component/material-edge,partial-alpha-edge,19
13,195,64,"[120, 120, 120, 89]",89,0,47.89429473876953,True,False,component/material-edge,partial-alpha-edge,20
13,209,64,"[131, 127, 127, 68]",68,4,54.91767501831055,True,False,component/material-edge,partial-alpha-edge,10
13,153,65,"[101, 101, 101, 83]",83,0,33.18480682373047,True,False,component/material-edge,partial-alpha-edge,19
13,209,65,"[129, 129, 129, 69]",69,0,55.979190826416016,True,False,component/material-edge,partial-alpha-edge,10
13,143,66,"[117, 117, 117, 119]",119,0,45.36154556274414,True,False,component/material-edge,partial-alpha-edge,22
13,144,66,"[95, 95, 95, 93]",93,0,29.18102264404297,True,False,component/material-edge,partial-alpha-edge,22
13,145,66,"[100, 100, 100, 96]",96,0,32.496612548828125,True,False,component/material-edge,partial-alpha-edge,22
13,146,66,"[96, 96, 96, 95]",95,0,29.827524185180664,True,False,component/material-edge,partial-alpha-edge,22
13,147,66,"[96, 96, 96, 95]",95,0,29.827524185180664,True,False,component/material-edge,partial-alpha-edge,22
13,148,66,"[96, 96, 96, 95]",95,0,29.827524185180664,True,False,component/material-edge,partial-alpha-edge,22
13,149,66,"[93, 93, 93, 95]",95,0,27.91274070739746,True,False,component/material-edge,partial-alpha-edge,22
13,150,66,"[103, 103, 103, 91]",91,0,34.58650207519531,True,False,component/material-edge,partial-alpha-edge,22
13,151,66,"[55, 55, 55, 51]",51,0,9.74211311340332,True,False,component/material-edge,partial-alpha-edge,22
13,199,66,"[102, 102, 102, 95]",95,0,33.88142395019531,True,False,component/material-edge,partial-alpha-edge,23
13,200,66,"[98, 98, 98, 96]",96,0,31.14539337158203,True,False,component/material-edge,partial-alpha-edge,23
13,201,66,"[96, 96, 96, 95]",95,0,29.827524185180664,True,False,component/material-edge,partial-alpha-edge,23
13,202,66,"[96, 96, 96, 95]",95,0,29.827524185180664,True,False,component/material-edge,partial-alpha-edge,23
13,203,66,"[96, 96, 96, 95]",95,0,29.827524185180664,True,False,component/material-edge,partial-alpha-edge,23
13,204,66,"[98, 98, 98, 96]",96,0,31.14539337158203,True,False,component/material-edge,partial-alpha-edge,23
13,205,66,"[100, 100, 100, 96]",96,0,32.496612548828125,True,False,component/material-edge,partial-alpha-edge,23
13,206,66,"[96, 96, 96, 100]",100,0,29.827524185180664,True,False,component/material-edge,partial-alpha-edge,23
13,209,66,"[127, 123, 123, 68]",68,4,51.27540588378906,True,False,component/material-edge,partial-alpha-edge,10
13,140,67,"[121, 121, 121, 46]",46,0,48.75642776489258,True,False,component/material-edge,partial-alpha-edge,24
13,194,67,"[129, 129, 129, 110]",110,0,55.979190826416016,True,False,component/material-edge,partial-alpha-edge,25
13,197,67,"[124, 124, 124, 100]",100,0,51.39683532714844,True,False,component/material-edge,partial-alpha-edge,26
13,209,67,"[125, 121, 121, 67]",67,4,49.50874328613281,True,False,component/material-edge,partial-alpha-edge,10
13,143,68,"[20, 20, 20, 49]",49,0,1.7838295698165894,True,False,component/material-edge,partial-alpha-edge,27
13,206,68,"[0, 0, 0, 32]",32,0,0.0,True,False,component/material-edge,partial-alpha-edge,28
13,209,68,"[125, 121, 121, 67]",67,4,49.50874328613281,True,False,component/material-edge,partial-alpha-edge,10
13,140,69,"[127, 127, 127, 46]",46,0,54.11883544921875,True,False,component/material-edge,partial-alpha-edge,29
13,143,69,"[16, 16, 16, 47]",47,0,1.321286916732788,True,False,component/material-edge,partial-alpha-edge,27
13,176,69,"[88, 83, 83, 46]",46,5,22.65867042541504,True,False,component/material-edge,partial-alpha-edge,30
13,196,69,"[82, 82, 82, 77]",77,0,21.515933990478516,True,False,component/material-edge,partial-alpha-edge,31
13,209,69,"[125, 121, 121, 67]",67,4,49.50874328613281,True,False,component/material-edge,partial-alpha-edge,10
13,140,70,"[127, 127, 127, 46]",46,0,54.11883544921875,True,False,component/material-edge,partial-alpha-edge,29
13,143,70,"[15, 15, 15, 48]",48,0,1.218122959136963,True,False,component/material-edge,partial-alpha-edge,27
13,177,70,"[131, 131, 131, 101]",101,0,57.87630081176758,True,False,component/material-edge,partial-alpha-edge,30
13,196,70,"[66, 66, 66, 65]",65,0,13.892473220825195,True,False,component/material-edge,partial-alpha-edge,31
13,209,70,"[127, 123, 123, 66]",66,4,51.27540588378906,True,False,component/material-edge,partial-alpha-edge,10
13,140,71,"[127, 127, 127, 48]",48,0,54.11883544921875,True,False,component/material-edge,partial-alpha-edge,29
13,143,71,"[11, 11, 11, 44]",44,0,0.853366494178772,True,False,component/material-edge,partial-alpha-edge,27
13,196,71,"[69, 69, 69, 70]",70,0,15.175366401672363,True,False,component/material-edge,partial-alpha-edge,31
13,209,71,"[123, 120, 120, 70]",70,3,48.44989776611328,True,False,component/material-edge,partial-alpha-edge,10
13,140,72,"[105, 105, 105, 34]",34,0,36.02214431762695,True,False,component/material-edge,partial-alpha-edge,29
13,167,72,"[129, 125, 125, 63]",63,4,53.07831573486328,True,False,component/material-edge,partial-alpha-edge,32
13,179,72,"[40, 40, 40, 50]",50,0,5.4108476638793945,True,False,component/material-edge,partial-alpha-edge,33
13,191,72,"[137, 137, 137, 100]",100,0,63.790382385253906,True,False,component/material-edge,partial-alpha-edge,34
13,196,72,"[61, 61, 61, 54]",54,0,11.89959716796875,True,False,component/material-edge,partial-alpha-edge,31
13,209,72,"[106, 100, 100, 48]",48,6,33.40147018432617,True,False,component/material-edge,partial-alpha-edge,10
